age,gender,occupation,region,most_used_platform,platforms_used_count,daily_screen_hours,daily_notifications,night_time_use,minutes_to_first_check_after_waking,primary_purpose,avg_sleep_hours,anxiety_score_0to27,low_mood_score_0to27,life_satisfaction_1to10,loneliness_1to10,self_esteem_1to10,fomo_1to10,social_comparison_1to10,physical_activity_days_per_week,uses_screen_time_limits,attempted_digital_detox,seeks_mental_health_support,wellbeing_band
33,Male,Student,Latin America,TikTok,8,3.2,172,Never,25,Entertainment,8.7,17,0,9,6,4,6,8,4,No,No,No,At-risk
23,Female,Full-time employed,Oceania,Instagram,8,4.5,38,Often,26,Entertainment,7.3,18,2,7,5,8,5,8,4,No,"Yes, failed",Yes,At-risk
56,Female,Full-time employed,Africa,Instagram,1,5.3,74,Every night,12,Entertainment,7.0,12,6,8,7,3,2,3,5,No,No,No,Moderate
13,Male,Student,Europe,YouTube,4,3.4,49,Sometimes,21,News/information,7.0,13,0,10,6,6,1,5,4,No,"Yes, failed",Yes,Moderate
36,Female,Student,Asia,LinkedIn,5,5.8,227,Never,19,Work/career,6.7,15,1,4,6,8,7,9,3,Yes,"Yes, succeeded",No,Moderate
28,Female,Full-time employed,Latin America,YouTube,5,3.6,29,Every night,11,Entertainment,5.0,8,4,7,9,5,4,3,3,No,No,Yes,Good
25,Female,Full-time employed,Oceania,Instagram,6,3.5,55,Sometimes,38,Entertainment,8.3,13,8,7,1,7,7,3,3,No,"Yes, failed",No,Moderate
40,Female,Part-time employed,Europe,Instagram,2,2.0,10,Never,28,Work/career,8.0,7,0,7,8,9,4,7,3,No,"Yes, failed",No,Good
13,Male,Full-time employed,Europe,X/Twitter,1,4.2,106,Sometimes,18,Connection with friends,8.1,6,11,6,6,6,4,10,4,No,No,Yes,Moderate
19,Male,Student,Asia,TikTok,1,2.0,34,Every night,51,Passing time/boredom,7.3,12,0,9,6,9,6,7,0,No,"Yes, succeeded",No,Moderate
28,Female,Self-employed,Europe,Facebook,3,1.7,38,Often,55,Work/career,8.1,7,0,6,1,7,1,4,4,Yes,"Yes, failed",Yes,Good
46,Female,Unemployed,Asia,YouTube,1,0.2,5,Often,42,Passing time/boredom,9.0,7,7,9,3,10,1,3,4,No,No,No,Good
30,Female,Full-time employed,Asia,TikTok,4,4.2,50,Every night,7,Connection with friends,6.0,13,0,5,6,5,6,7,2,Yes,No,No,Moderate
38,Male,Student,Latin America,Instagram,4,3.0,9,Never,25,Work/career,7.3,11,0,9,3,4,1,9,2,No,"Yes, failed",Considering it,Moderate
13,Female,Full-time employed,Europe,Instagram,3,3.0,72,Often,5,Passing time/boredom,6.8,8,4,6,9,7,3,4,4,No,"Yes, succeeded",No,Good
17,Male,Retired,North America,YouTube,6,8.7,94,Every night,54,Entertainment,6.5,24,0,6,8,3,10,9,3,Yes,"Yes, failed",No,At-risk
39,Male,Student,Latin America,Facebook,5,3.1,70,Often,10,Work/career,6.6,13,12,9,4,9,7,5,4,No,"Yes, succeeded",No,Moderate
23,Male,Student,Europe,TikTok,6,3.6,154,Often,15,Entertainment,6.8,13,3,8,6,6,5,3,3,No,No,Considering it,Moderate
28,Male,Student,Asia,TikTok,2,0.7,5,Often,22,Content creation,7.5,5,4,10,1,9,1,7,3,No,No,No,Good
36,Female,Student,North America,TikTok,3,1.1,9,Sometimes,39,Entertainment,7.5,15,8,9,4,4,4,6,1,No,"Yes, failed",No,Moderate
13,Female,Retired,Latin America,Snapchat,4,2.6,7,Sometimes,8,Entertainment,7.0,7,1,7,3,6,1,1,3,No,No,Considering it,Good
17,Female,Full-time employed,Latin America,YouTube,5,5.5,45,Often,25,Work/career,7.1,9,5,9,7,9,8,4,2,No,"Yes, failed",No,Good
28,Female,Student,Asia,TikTok,4,3.0,11,Sometimes,27,Entertainment,7.0,11,1,7,2,9,3,6,2,Yes,No,No,Moderate
14,Prefer not to say,Part-time employed,Asia,Snapchat,1,2.1,59,Often,15,Work/career,7.3,10,11,7,4,6,2,7,3,No,"Yes, failed",No,Moderate
22,Male,Student,Asia,Snapchat,6,7.4,93,Often,22,Entertainment,5.5,20,0,4,7,1,9,7,2,Yes,"Yes, failed",No,At-risk
29,Female,Full-time employed,Europe,YouTube,3,6.5,35,Often,28,Connection with friends,6.0,14,1,8,6,6,5,7,3,No,No,No,Moderate
22,Female,Student,Latin America,LinkedIn,1,3.5,47,Often,16,Entertainment,8.2,13,3,9,4,6,2,5,5,Yes,No,No,Moderate
26,Female,Self-employed,North America,Facebook,6,1.5,23,Every night,19,Connection with friends,6.6,10,4,10,1,5,4,4,1,Yes,"Yes, failed",No,Moderate
29,Non-binary,Full-time employed,Latin America,Snapchat,2,2.9,38,Often,10,Passing time/boredom,6.7,9,3,6,6,5,7,2,5,No,"Yes, failed",Considering it,Good
42,Male,Full-time employed,Europe,LinkedIn,3,3.5,118,Never,13,Entertainment,7.6,14,11,9,7,7,2,4,3,Yes,"Yes, failed",No,Moderate
45,Male,Full-time employed,North America,YouTube,2,5.7,51,Every night,24,Content creation,6.3,21,0,3,4,5,8,4,2,No,"Yes, succeeded",No,At-risk
25,Male,Student,North America,YouTube,1,5.7,24,Often,2,Content creation,6.7,18,0,4,6,6,1,7,0,No,"Yes, succeeded",No,At-risk
21,Male,Self-employed,Oceania,YouTube,6,4.3,26,Often,13,News/information,7.7,13,1,7,4,6,4,2,3,No,No,No,Moderate
38,Female,Student,Europe,Reddit,6,2.5,54,Sometimes,1,News/information,7.6,15,8,8,4,9,6,6,4,No,No,No,Moderate
34,Male,Full-time employed,North America,YouTube,2,2.3,13,Often,13,Entertainment,6.7,15,0,10,4,6,4,5,5,Yes,"Yes, failed",Considering it,Moderate
31,Female,Student,Asia,TikTok,3,2.8,111,Sometimes,28,Connection with friends,5.7,11,6,7,7,5,7,7,1,Yes,"Yes, failed",No,Moderate
20,Prefer not to say,Student,Europe,TikTok,5,7.2,133,Every night,16,Entertainment,5.2,22,4,3,5,7,5,10,2,Yes,No,No,At-risk
35,Male,Student,Europe,YouTube,1,3.4,91,Often,8,Content creation,7.4,4,4,4,7,8,1,4,5,No,"Yes, failed",Considering it,Good
38,Female,Part-time employed,Latin America,YouTube,5,4.9,59,Often,25,Entertainment,6.8,5,3,8,8,6,6,6,3,No,"Yes, failed",No,Good
13,Male,Full-time employed,Europe,Instagram,1,1.7,70,Sometimes,22,Content creation,8.3,10,6,8,4,7,8,5,4,No,"Yes, failed",No,Moderate
39,Male,Student,Europe,Facebook,1,3.4,62,Sometimes,22,Content creation,6.3,12,0,5,5,8,1,6,4,No,No,Considering it,Moderate
28,Female,Part-time employed,Asia,TikTok,6,5.2,57,Often,24,Entertainment,7.2,17,0,5,5,5,6,6,2,No,"Yes, failed",No,At-risk
22,Female,Full-time employed,Europe,YouTube,5,5.9,131,Often,5,Entertainment,6.6,15,4,8,3,8,9,10,5,No,"Yes, succeeded",Considering it,Moderate
13,Female,Full-time employed,Asia,TikTok,1,3.5,61,Sometimes,12,Work/career,8.0,6,8,10,6,7,3,4,2,No,No,No,Good
26,Male,Student,Europe,TikTok,3,4.0,68,Never,12,Work/career,7.8,18,4,6,5,7,7,5,3,No,"Yes, succeeded",No,At-risk
28,Female,Full-time employed,Latin America,YouTube,1,3.3,45,Often,31,Passing time/boredom,6.1,11,4,6,3,4,2,5,4,No,"Yes, failed",No,Moderate
25,Male,Self-employed,North America,TikTok,4,1.0,24,Never,10,Entertainment,8.6,11,7,8,3,6,3,3,2,No,No,Considering it,Moderate
17,Female,Full-time employed,North America,Instagram,1,2.2,39,Often,12,Entertainment,6.4,14,11,9,2,7,4,4,4,No,No,Considering it,Moderate
17,Female,Full-time employed,North America,Snapchat,2,1.5,18,Sometimes,20,News/information,7.0,2,3,7,2,8,7,2,2,Yes,"Yes, failed",Considering it,Good
36,Female,Student,Europe,TikTok,1,2.1,28,Often,9,News/information,7.4,10,10,6,4,6,3,8,3,No,"Yes, failed",Yes,Moderate
29,Male,Full-time employed,North America,YouTube,4,1.7,31,Often,22,Passing time/boredom,6.3,10,0,7,3,3,2,5,3,Yes,No,Yes,Moderate
32,Male,Student,Asia,YouTube,2,1.2,26,Sometimes,16,News/information,7.0,4,11,7,7,8,5,3,4,No,"Yes, failed",No,Moderate
35,Female,Full-time employed,North America,TikTok,4,5.3,83,Every night,58,News/information,4.8,17,3,7,5,2,3,5,1,No,No,Considering it,At-risk
36,Female,Self-employed,Latin America,TikTok,2,2.1,35,Every night,47,Passing time/boredom,7.0,4,7,9,3,8,1,3,3,No,"Yes, succeeded",No,Good
46,Female,Retired,Asia,LinkedIn,1,4.0,46,Often,12,Passing time/boredom,6.0,11,1,8,4,6,5,5,2,No,"Yes, failed",No,Moderate
28,Non-binary,Student,North America,Instagram,6,6.1,24,Sometimes,16,Connection with friends,6.3,14,0,7,7,6,7,6,4,Yes,No,No,Moderate
26,Male,Student,Latin America,Instagram,5,3.4,140,Sometimes,65,Connection with friends,7.7,15,4,8,4,5,5,6,2,Yes,"Yes, failed",No,Moderate
19,Male,Full-time employed,Asia,Facebook,1,2.8,26,Often,78,News/information,6.0,12,4,5,7,8,7,6,5,Yes,No,No,Moderate
31,Male,Retired,North America,TikTok,6,5.5,286,Sometimes,1,Connection with friends,6.1,15,0,4,6,4,7,6,2,No,"Yes, failed",No,Moderate
32,Male,Self-employed,North America,YouTube,2,2.3,80,Every night,17,Entertainment,6.1,12,2,8,5,4,5,7,2,No,"Yes, failed",No,Moderate
21,Male,Retired,North America,TikTok,4,1.2,18,Every night,38,News/information,7.0,12,4,9,6,8,4,5,2,Yes,No,No,Moderate
29,Male,Part-time employed,Europe,TikTok,4,1.9,32,Sometimes,11,News/information,6.6,9,6,5,4,8,3,6,3,Yes,"Yes, failed",No,Good
29,Male,Part-time employed,North America,Instagram,1,0.3,8,Often,51,Connection with friends,6.6,5,3,10,1,8,1,2,4,Yes,"Yes, succeeded",No,Good
66,Male,Unemployed,Europe,Instagram,4,3.8,42,Sometimes,14,Entertainment,8.6,7,15,10,5,5,7,6,2,No,"Yes, failed",Considering it,Moderate
24,Male,Unemployed,North America,Snapchat,3,1.5,74,Never,10,Connection with friends,7.3,12,2,5,1,10,3,9,4,No,No,Considering it,Moderate
41,Male,Student,Europe,YouTube,3,1.8,24,Every night,63,Connection with friends,5.8,9,6,8,4,5,5,10,6,Yes,"Yes, failed",Yes,Good
33,Female,Retired,Latin America,TikTok,3,2.4,59,Sometimes,54,Content creation,6.6,5,1,7,6,8,3,3,2,No,No,No,Good
28,Male,Full-time employed,North America,TikTok,4,2.3,49,Every night,5,Entertainment,7.1,5,2,7,7,5,6,5,2,Yes,"Yes, failed",No,Good
33,Female,Full-time employed,Latin America,Instagram,4,1.7,13,Every night,22,News/information,5.8,1,7,8,4,5,2,6,2,No,"Yes, failed",No,Good
33,Male,Part-time employed,Asia,Instagram,2,5.5,43,Every night,11,News/information,5.7,15,0,7,6,3,5,7,0,No,No,No,Moderate
29,Male,Part-time employed,Europe,X/Twitter,4,3.2,82,Often,37,Entertainment,7.9,14,6,7,5,6,1,5,6,Yes,No,No,Moderate
27,Male,Student,Asia,Snapchat,5,5.5,48,Every night,24,Work/career,5.1,16,3,5,7,9,7,7,3,Yes,"Yes, failed",Yes,Moderate
25,Male,Student,Europe,YouTube,4,1.8,35,Often,20,Passing time/boredom,7.4,13,5,7,3,6,5,6,1,No,"Yes, failed",Considering it,Moderate
25,Female,Unemployed,North America,Facebook,5,3.6,45,Every night,17,Connection with friends,8.1,17,0,9,2,3,3,6,3,No,"Yes, succeeded",Considering it,At-risk
32,Male,Part-time employed,Asia,Reddit,3,2.5,34,Every night,24,News/information,6.6,19,9,7,5,6,1,4,0,No,"Yes, failed",Yes,At-risk
28,Male,Retired,Latin America,Reddit,4,3.9,45,Sometimes,26,Content creation,6.3,15,7,7,4,4,2,6,0,Yes,"Yes, failed",Considering it,Moderate
39,Male,Student,North America,LinkedIn,2,2.3,81,Often,27,News/information,5.8,11,2,7,3,8,5,1,0,No,No,Considering it,Moderate
43,Male,Student,North America,YouTube,2,2.5,43,Sometimes,45,Work/career,7.4,14,4,7,4,8,3,3,4,No,No,No,Moderate
28,Female,Student,Asia,Instagram,3,3.4,45,Sometimes,18,Passing time/boredom,7.0,15,0,8,5,7,4,4,3,Yes,No,Considering it,Moderate
26,Male,Student,Europe,Facebook,2,3.5,73,Every night,8,Entertainment,7.4,15,9,10,6,6,6,7,4,Yes,No,No,Moderate
42,Male,Student,Asia,TikTok,4,1.9,28,Often,23,Passing time/boredom,7.8,15,9,8,6,9,5,3,1,No,"Yes, failed",Considering it,Moderate
28,Male,Student,North America,Instagram,6,2.9,60,Never,42,Connection with friends,7.4,5,3,7,5,6,1,5,2,No,No,No,Good
31,Prefer not to say,Student,North America,YouTube,4,1.6,6,Often,11,Entertainment,7.5,11,5,7,3,8,1,4,3,No,"Yes, failed",No,Moderate
25,Female,Part-time employed,North America,Snapchat,2,7.4,185,Sometimes,24,Entertainment,6.8,15,0,9,3,4,9,5,3,No,"Yes, failed",Considering it,Moderate
30,Male,Student,Europe,YouTube,2,2.8,49,Sometimes,44,Entertainment,7.3,15,0,7,4,5,3,5,0,No,"Yes, succeeded",No,Moderate
42,Male,Student,North America,Instagram,3,1.8,13,Often,17,Work/career,7.8,11,0,7,2,7,4,7,2,No,"Yes, failed",No,Moderate
38,Male,Student,North America,YouTube,3,2.5,85,Never,17,Content creation,6.7,3,2,8,5,6,7,9,2,No,"Yes, failed",Considering it,Good
18,Female,Part-time employed,Asia,Facebook,4,1.7,32,Sometimes,31,News/information,7.6,21,3,6,3,7,5,4,3,No,No,No,At-risk
20,Male,Unemployed,Oceania,Instagram,6,3.6,125,Often,4,News/information,7.3,8,0,7,5,10,3,4,4,No,"Yes, succeeded",Considering it,Good
25,Male,Part-time employed,Europe,X/Twitter,3,2.5,53,Often,3,Entertainment,7.1,16,6,4,7,4,2,8,3,No,"Yes, failed",Yes,Moderate
26,Male,Full-time employed,North America,Instagram,4,2.5,11,Never,17,Entertainment,7.4,3,8,5,5,6,3,4,2,No,"Yes, succeeded",Yes,Good
36,Male,Self-employed,Africa,TikTok,1,1.8,31,Often,12,Content creation,7.0,12,14,6,5,8,2,2,3,No,No,Yes,Moderate
13,Male,Retired,Europe,TikTok,2,1.4,9,Sometimes,8,Passing time/boredom,7.8,5,6,9,3,6,3,2,1,No,"Yes, succeeded",No,Good
42,Female,Part-time employed,Europe,Instagram,6,2.2,81,Sometimes,41,Connection with friends,6.5,5,0,7,4,7,5,4,6,Yes,No,No,Good
18,Female,Unemployed,Asia,TikTok,4,1.5,8,Never,35,Passing time/boredom,8.8,4,6,8,4,8,4,4,2,No,No,Considering it,Good
39,Female,Full-time employed,Oceania,X/Twitter,4,6.5,137,Often,16,Entertainment,6.6,11,2,4,4,6,4,9,2,Yes,No,No,Moderate
16,Female,Retired,North America,TikTok,3,2.1,50,Often,17,News/information,8.1,5,0,9,3,9,2,5,2,No,"Yes, failed",No,Good
27,Female,Self-employed,North America,Reddit,4,3.1,54,Often,29,Entertainment,5.8,8,0,8,4,4,7,4,1,No,"Yes, failed",Yes,Good
38,Female,Full-time employed,North America,TikTok,1,2.1,63,Often,2,Connection with friends,6.7,17,4,7,5,6,4,1,3,No,"Yes, failed",No,At-risk
29,Male,Retired,Latin America,Reddit,4,1.7,40,Sometimes,24,News/information,8.9,10,1,7,3,7,4,5,2,Yes,No,No,Moderate
41,Female,Full-time employed,North America,YouTube,2,4.6,112,Often,7,Connection with friends,7.1,17,3,7,7,4,7,6,2,No,"Yes, succeeded",No,At-risk
54,Female,Student,Asia,YouTube,3,2.4,27,Sometimes,3,Entertainment,7.9,13,0,5,1,5,3,4,2,No,"Yes, succeeded",No,Moderate
24,Female,Unemployed,North America,LinkedIn,7,0.9,17,Sometimes,8,Connection with friends,7.7,8,11,9,3,7,4,4,5,No,No,No,Moderate
19,Male,Retired,Asia,Instagram,7,1.4,7,Never,16,News/information,6.7,5,9,7,6,5,1,4,3,No,"Yes, succeeded",Considering it,Good
17,Male,Full-time employed,North America,Instagram,1,2.9,144,Every night,6,Connection with friends,6.2,15,0,7,7,6,5,8,3,No,"Yes, failed",Yes,Moderate
14,Male,Student,Asia,Instagram,2,4.7,97,Often,15,Content creation,5.4,13,0,7,3,7,6,6,3,No,"Yes, succeeded",No,Moderate
26,Male,Full-time employed,Asia,Instagram,3,3.2,100,Never,23,Passing time/boredom,7.0,8,0,6,4,6,6,5,2,No,"Yes, failed",No,Good
13,Male,Full-time employed,Europe,Instagram,3,1.9,7,Often,23,Passing time/boredom,7.0,6,6,7,2,8,2,5,3,No,"Yes, succeeded",No,Good
13,Male,Full-time employed,Africa,TikTok,4,2.1,84,Every night,10,Connection with friends,6.1,10,4,7,6,10,7,5,3,No,No,No,Moderate
23,Female,Full-time employed,Europe,YouTube,5,6.7,73,Often,84,Content creation,5.9,12,2,5,8,3,7,4,3,Yes,No,No,Moderate
45,Male,Student,North America,Instagram,7,1.0,11,Often,2,Entertainment,7.3,13,4,8,2,4,1,5,2,No,No,Yes,Moderate
32,Female,Full-time employed,Asia,Instagram,2,1.8,5,Sometimes,22,Work/career,6.9,15,4,5,3,4,3,3,5,Yes,No,Yes,Moderate
16,Male,Student,Europe,Reddit,7,1.0,48,Often,7,Connection with friends,6.5,0,6,8,1,6,7,6,0,No,No,Yes,Good
20,Male,Student,Asia,TikTok,8,0.9,5,Every night,35,Entertainment,7.0,5,5,7,3,8,1,6,1,No,No,Considering it,Good
37,Male,Part-time employed,Europe,YouTube,3,8.9,159,Often,32,Connection with friends,6.0,23,2,7,6,5,10,4,3,No,"Yes, failed",Yes,At-risk
31,Female,Student,Europe,TikTok,2,3.3,48,Sometimes,26,Passing time/boredom,7.8,10,3,8,4,9,6,4,1,No,No,No,Moderate
25,Male,Student,Asia,Instagram,4,5.6,95,Often,22,Entertainment,6.7,15,5,8,9,5,10,4,1,No,No,Yes,Moderate
40,Prefer not to say,Unemployed,North America,Instagram,6,1.6,20,Never,26,Passing time/boredom,8.0,11,10,8,2,6,1,7,5,No,"Yes, failed",Considering it,Moderate
32,Male,Self-employed,North America,Reddit,4,3.4,169,Never,17,Work/career,7.2,10,3,8,3,5,3,7,1,No,No,No,Moderate
25,Male,Unemployed,North America,TikTok,5,1.8,46,Often,28,News/information,7.3,5,0,7,3,6,5,3,3,No,"Yes, failed",No,Good
29,Male,Full-time employed,Latin America,Reddit,3,1.4,29,Sometimes,80,Connection with friends,7.3,9,4,9,5,9,2,3,3,No,"Yes, failed",No,Good
32,Male,Student,North America,YouTube,7,3.4,15,Sometimes,13,Connection with friends,8.8,13,8,9,7,5,1,5,0,No,"Yes, failed",No,Moderate
42,Male,Unemployed,Europe,X/Twitter,3,4.4,54,Often,20,Entertainment,7.5,9,7,6,6,7,4,9,3,No,No,No,Good
18,Male,Full-time employed,North America,Instagram,5,3.9,47,Often,14,Connection with friends,6.9,14,0,8,6,7,7,4,5,Yes,"Yes, failed",Considering it,Moderate
28,Male,Student,Europe,YouTube,3,3.7,113,Never,42,Passing time/boredom,6.7,4,6,5,8,3,4,1,2,No,"Yes, succeeded",No,Good
26,Male,Unemployed,Latin America,Instagram,2,6.1,91,Every night,20,Passing time/boredom,5.4,25,1,5,5,5,5,8,4,No,"Yes, failed",No,At-risk
13,Non-binary,Full-time employed,North America,Instagram,4,3.3,175,Sometimes,8,Content creation,6.9,17,0,8,7,6,5,4,1,Yes,No,No,At-risk
22,Female,Student,Europe,Facebook,7,4.0,119,Sometimes,22,News/information,7.4,7,8,6,2,4,5,3,2,No,No,No,Good
13,Non-binary,Part-time employed,North America,Instagram,1,3.2,60,Often,41,Entertainment,7.3,20,3,8,6,7,6,6,4,No,"Yes, succeeded",No,At-risk
30,Female,Self-employed,Europe,TikTok,2,4.1,36,Sometimes,13,Work/career,7.7,15,2,8,4,8,2,10,1,No,No,Considering it,Moderate
27,Female,Student,Asia,Reddit,5,2.9,83,Sometimes,8,Passing time/boredom,7.9,3,10,10,6,7,6,6,1,No,No,Yes,Moderate
32,Female,Self-employed,Africa,Reddit,4,0.5,5,Every night,27,Work/career,6.6,9,11,9,1,6,5,3,3,No,No,No,Moderate
31,Female,Full-time employed,Asia,Instagram,4,2.9,70,Often,44,Entertainment,6.9,14,6,8,9,6,1,6,4,No,"Yes, succeeded",Yes,Moderate
13,Male,Unemployed,Europe,TikTok,2,2.0,17,Sometimes,19,Content creation,7.1,10,5,10,2,5,5,4,3,No,No,No,Moderate
29,Female,Full-time employed,Europe,Instagram,3,4.1,25,Sometimes,3,Connection with friends,7.7,18,4,8,6,6,9,3,3,Yes,"Yes, failed",No,At-risk
33,Female,Student,Europe,X/Twitter,1,2.5,57,Sometimes,36,News/information,7.8,11,8,9,2,4,7,2,4,No,No,No,Moderate
38,Female,Student,North America,Reddit,4,4.4,127,Sometimes,14,Entertainment,8.0,16,1,8,2,5,3,4,3,Yes,"Yes, succeeded",Considering it,Moderate
29,Female,Full-time employed,Asia,TikTok,2,3.9,134,Sometimes,6,Entertainment,6.5,11,4,5,5,4,4,2,3,No,"Yes, failed",Considering it,Moderate
23,Male,Retired,Asia,LinkedIn,7,3.3,31,Sometimes,36,Content creation,7.1,15,5,9,6,10,2,5,2,Yes,No,No,Moderate
31,Female,Full-time employed,North America,Instagram,5,2.1,42,Sometimes,39,Content creation,7.6,4,10,7,3,6,8,5,2,No,"Yes, failed",No,Moderate
42,Female,Part-time employed,Europe,Instagram,1,1.5,50,Never,7,Work/career,7.6,12,8,7,5,4,5,4,3,No,"Yes, succeeded",Considering it,Moderate
31,Female,Student,North America,X/Twitter,2,4.0,106,Never,3,Connection with friends,7.7,11,0,9,3,4,6,5,2,No,"Yes, failed",No,Moderate
13,Prefer not to say,Full-time employed,North America,X/Twitter,1,5.5,66,Sometimes,46,Entertainment,6.9,9,3,5,8,7,6,6,0,No,"Yes, failed",Considering it,Good
34,Male,Full-time employed,Europe,TikTok,6,3.1,61,Often,16,Entertainment,5.7,10,2,7,6,9,2,6,2,No,No,No,Moderate
29,Male,Unemployed,Africa,LinkedIn,1,3.2,99,Often,18,News/information,7.2,11,8,8,5,6,3,5,4,No,No,No,Moderate
29,Male,Unemployed,North America,TikTok,5,3.5,83,Often,17,Connection with friends,6.3,12,5,10,4,5,4,3,2,No,"Yes, failed",Considering it,Moderate
25,Male,Student,Asia,TikTok,2,2.8,126,Sometimes,42,Passing time/boredom,8.2,3,0,7,5,6,3,8,3,No,"Yes, succeeded",No,Good
29,Female,Student,Asia,Instagram,1,3.8,69,Often,20,Connection with friends,7.1,18,3,7,7,4,8,5,4,No,No,No,At-risk
30,Male,Full-time employed,North America,YouTube,4,1.7,21,Sometimes,42,Work/career,7.9,8,8,8,5,5,5,2,5,Yes,No,No,Good
15,Male,Student,Asia,TikTok,4,3.8,105,Often,17,Entertainment,6.4,17,2,4,4,10,9,4,6,Yes,"Yes, failed",Considering it,At-risk
37,Female,Student,North America,X/Twitter,5,2.7,46,Often,6,Passing time/boredom,6.2,9,3,8,6,7,2,3,3,Yes,No,Yes,Good
26,Female,Student,Asia,TikTok,3,1.7,44,Often,16,Entertainment,8.0,14,0,9,1,9,1,6,3,Yes,"Yes, failed",No,Moderate
28,Female,Student,Oceania,TikTok,4,5.1,126,Never,11,Content creation,7.4,12,0,7,6,2,4,7,4,No,"Yes, failed",Considering it,Moderate
25,Female,Full-time employed,Europe,TikTok,6,0.2,5,Never,31,Passing time/boredom,9.4,0,8,8,3,7,6,5,4,No,"Yes, failed",No,Good
43,Female,Student,Asia,Reddit,5,2.2,13,Often,20,Content creation,7.0,18,3,6,1,6,6,5,1,No,No,Considering it,At-risk
39,Female,Full-time employed,Africa,TikTok,2,3.6,78,Sometimes,11,Connection with friends,7.8,9,0,6,4,8,3,8,6,Yes,No,Considering it,Good
44,Male,Unemployed,Asia,YouTube,1,5.9,125,Sometimes,23,Entertainment,7.5,15,0,7,7,7,9,6,2,No,"Yes, succeeded",No,Moderate
26,Non-binary,Student,Asia,LinkedIn,3,5.3,96,Every night,12,Connection with friends,5.0,14,4,5,5,8,4,5,2,No,No,Considering it,Moderate
15,Non-binary,Full-time employed,Europe,TikTok,3,2.9,40,Never,38,Entertainment,5.7,8,0,6,4,6,7,5,3,No,"Yes, failed",No,Good
26,Male,Student,North America,YouTube,1,4.0,134,Never,23,Connection with friends,7.6,5,6,5,5,8,3,3,2,No,No,No,Good
40,Male,Full-time employed,Asia,X/Twitter,5,0.7,9,Often,29,Work/career,7.3,14,6,9,3,5,8,4,2,No,"Yes, failed",Yes,Moderate
41,Male,Full-time employed,Europe,YouTube,6,2.5,83,Sometimes,21,Entertainment,8.2,7,3,10,5,5,4,7,2,No,No,No,Good
20,Female,Student,North America,YouTube,5,2.5,6,Every night,5,News/information,5.6,5,1,6,1,9,5,9,2,Yes,No,Considering it,Good
42,Male,Full-time employed,North America,TikTok,3,0.2,5,Often,30,Entertainment,9.2,9,2,8,2,10,3,2,3,Yes,"Yes, succeeded",Considering it,Good
15,Female,Full-time employed,Europe,YouTube,2,2.0,34,Often,15,Entertainment,8.5,12,5,10,3,4,5,1,1,No,"Yes, failed",No,Moderate
28,Non-binary,Self-employed,Africa,LinkedIn,3,1.4,10,Often,24,Entertainment,7.2,12,4,6,2,8,1,6,4,No,"Yes, failed",No,Moderate
30,Female,Full-time employed,Asia,Instagram,4,2.9,66,Every night,10,Connection with friends,6.4,7,3,6,3,4,2,8,2,No,"Yes, failed",No,Good
44,Male,Full-time employed,Oceania,YouTube,2,4.7,104,Often,12,Work/career,5.9,15,4,8,2,5,4,9,2,No,"Yes, failed",No,Moderate
13,Male,Full-time employed,Latin America,LinkedIn,4,3.5,76,Every night,34,Entertainment,7.0,10,0,7,7,8,5,7,1,No,No,Considering it,Moderate
14,Non-binary,Full-time employed,Asia,TikTok,4,2.5,5,Never,26,Connection with friends,8.2,15,4,8,7,5,3,2,2,No,"Yes, failed",No,Moderate
13,Male,Student,Asia,X/Twitter,5,6.7,65,Sometimes,22,Entertainment,6.5,15,3,9,9,3,6,8,2,Yes,No,No,Moderate
19,Male,Student,Asia,TikTok,1,4.0,120,Never,21,Connection with friends,6.2,10,6,9,5,7,7,4,2,No,No,Yes,Moderate
13,Female,Self-employed,Asia,LinkedIn,6,3.2,71,Often,69,News/information,7.7,10,5,9,5,5,4,6,2,Yes,No,Yes,Moderate
32,Male,Self-employed,North America,Reddit,4,6.0,103,Sometimes,33,Entertainment,7.7,14,1,5,6,1,10,9,1,Yes,No,No,Moderate
17,Female,Full-time employed,North America,Instagram,2,1.2,67,Never,6,Work/career,7.5,7,4,4,2,6,9,6,4,No,"Yes, failed",Yes,Good
22,Male,Part-time employed,Latin America,Facebook,5,2.0,45,Sometimes,19,Passing time/boredom,7.4,19,10,7,2,6,2,8,0,No,"Yes, succeeded",Yes,At-risk
49,Male,Part-time employed,North America,YouTube,6,1.8,19,Every night,14,Entertainment,7.2,7,3,10,2,7,5,4,3,No,"Yes, succeeded",Considering it,Good
33,Female,Self-employed,Asia,TikTok,2,8.9,84,Sometimes,7,Connection with friends,5.9,16,0,6,8,5,6,10,5,No,"Yes, failed",No,Moderate
23,Female,Student,Europe,YouTube,6,5.2,202,Sometimes,34,News/information,7.7,6,9,6,5,5,4,7,2,Yes,"Yes, succeeded",Yes,Good
34,Prefer not to say,Full-time employed,Europe,TikTok,3,3.3,41,Sometimes,18,Passing time/boredom,7.2,7,0,6,2,8,2,3,1,No,"Yes, succeeded",No,Good
35,Male,Self-employed,Asia,X/Twitter,5,4.4,86,Often,54,Work/career,6.7,13,6,7,3,2,4,4,1,No,No,Yes,Moderate
40,Female,Self-employed,Africa,TikTok,1,6.3,157,Sometimes,29,Connection with friends,6.1,22,0,5,5,5,4,7,3,No,No,Yes,At-risk
21,Female,Student,North America,Reddit,2,1.8,40,Often,19,Entertainment,5.3,6,3,7,6,4,5,6,2,No,No,No,Good
31,Male,Student,Europe,Instagram,4,2.9,36,Sometimes,15,Entertainment,5.6,8,0,7,3,6,3,3,2,No,"Yes, succeeded",Considering it,Good
28,Female,Full-time employed,North America,Instagram,3,3.7,39,Sometimes,16,Entertainment,7.7,13,0,6,5,6,1,2,3,No,No,Considering it,Moderate
28,Male,Student,Asia,Facebook,8,1.9,38,Often,17,Work/career,6.9,10,4,8,7,9,2,1,1,No,No,No,Moderate
24,Female,Full-time employed,North America,Reddit,3,2.3,45,Often,7,Entertainment,7.7,12,13,8,3,2,8,6,3,No,No,Considering it,Moderate
37,Male,Student,Europe,TikTok,3,7.0,214,Often,19,Entertainment,7.5,23,0,6,6,5,7,5,5,No,"Yes, succeeded",Considering it,At-risk
36,Male,Full-time employed,Latin America,TikTok,7,2.3,13,Often,43,Content creation,7.1,9,10,7,3,8,5,5,1,No,No,Considering it,Moderate
13,Male,Full-time employed,North America,Snapchat,5,2.9,32,Often,25,Entertainment,6.6,9,5,7,4,8,3,7,1,Yes,No,Yes,Good
21,Prefer not to say,Student,Asia,Instagram,4,3.9,61,Every night,19,Entertainment,7.7,9,1,9,2,5,4,4,5,Yes,"Yes, succeeded",No,Good
28,Female,Student,Africa,Snapchat,3,1.4,28,Never,4,Entertainment,7.6,14,6,8,5,9,1,3,3,Yes,No,Considering it,Moderate
37,Female,Self-employed,North America,Facebook,2,3.2,182,Never,24,Connection with friends,7.9,1,7,7,6,5,3,8,1,No,"Yes, succeeded",Yes,Good
31,Male,Student,Europe,Instagram,5,3.0,82,Often,5,Passing time/boredom,7.1,5,0,6,4,7,7,4,4,No,"Yes, failed",Considering it,Good
37,Female,Student,Latin America,YouTube,4,3.4,77,Sometimes,25,Work/career,7.9,9,6,9,6,6,7,6,2,No,"Yes, failed",Yes,Good
27,Male,Student,Latin America,Snapchat,4,3.0,82,Every night,10,Connection with friends,7.9,13,6,7,4,9,4,5,1,No,"Yes, succeeded",Considering it,Moderate
23,Male,Full-time employed,Asia,X/Twitter,4,0.5,5,Sometimes,1,News/information,7.7,5,3,6,6,8,3,1,4,Yes,No,No,Good
31,Female,Full-time employed,Africa,YouTube,2,4.1,97,Often,36,Passing time/boredom,6.5,12,0,5,8,5,5,4,3,No,"Yes, failed",Yes,Moderate
42,Female,Unemployed,Oceania,YouTube,3,4.6,28,Sometimes,34,Entertainment,6.0,8,4,7,7,6,4,10,5,Yes,No,Yes,Good
22,Female,Student,North America,X/Twitter,8,2.2,63,Every night,10,Entertainment,5.5,9,5,9,4,7,4,6,2,No,No,Considering it,Good
25,Female,Student,Oceania,YouTube,3,5.3,189,Sometimes,6,Connection with friends,5.7,21,3,8,8,4,7,4,1,Yes,"Yes, failed",No,At-risk
22,Male,Full-time employed,North America,YouTube,4,1.3,18,Sometimes,13,Entertainment,7.7,10,0,10,3,5,2,2,3,No,"Yes, succeeded",No,Moderate
28,Male,Full-time employed,North America,X/Twitter,4,3.9,61,Sometimes,11,Entertainment,7.0,17,5,9,4,8,6,4,2,No,No,No,At-risk
38,Female,Full-time employed,North America,TikTok,3,7.4,176,Sometimes,18,Entertainment,6.2,13,0,7,4,7,9,8,1,Yes,"Yes, succeeded",Considering it,Moderate
29,Female,Student,North America,TikTok,4,2.0,30,Sometimes,11,Work/career,7.7,0,8,7,6,5,5,8,3,No,No,No,Good
27,Male,Full-time employed,North America,YouTube,1,4.5,51,Sometimes,13,Work/career,6.6,14,0,5,6,3,7,3,5,Yes,"Yes, failed",Yes,Moderate
25,Male,Student,Latin America,Facebook,1,4.9,106,Sometimes,27,Entertainment,5.8,3,5,6,10,7,6,5,4,Yes,No,No,Good
17,Female,Full-time employed,Europe,Instagram,3,4.4,44,Often,21,Content creation,7.0,4,0,5,8,6,1,6,2,No,"Yes, failed",Yes,Good
26,Female,Student,Europe,Instagram,8,2.8,27,Sometimes,26,Content creation,9.4,15,2,8,3,5,4,5,4,No,"Yes, failed",No,Moderate
13,Female,Student,Europe,X/Twitter,3,3.2,56,Sometimes,7,Entertainment,6.2,6,1,8,4,6,5,6,1,No,No,No,Good
31,Male,Student,Europe,Instagram,4,4.8,26,Often,11,Entertainment,7.4,15,0,7,7,7,7,5,3,Yes,No,No,Moderate
23,Non-binary,Full-time employed,Europe,YouTube,3,1.7,15,Never,45,Passing time/boredom,9.9,9,5,9,6,7,5,2,1,Yes,"Yes, succeeded",No,Good
34,Non-binary,Student,North America,LinkedIn,2,4.1,127,Sometimes,33,Entertainment,7.2,12,0,6,6,6,6,3,2,Yes,"Yes, failed",No,Moderate
29,Female,Student,Europe,Facebook,4,3.2,19,Sometimes,17,Entertainment,6.6,12,5,7,7,9,3,5,5,No,No,No,Moderate
28,Female,Student,Africa,TikTok,4,3.9,79,Often,6,Entertainment,5.5,14,2,6,3,8,7,6,4,No,No,Considering it,Moderate
20,Female,Unemployed,North America,Reddit,2,4.9,20,Often,27,Connection with friends,6.5,9,0,6,6,6,2,4,4,No,"Yes, failed",No,Good
38,Female,Part-time employed,North America,TikTok,2,2.5,57,Often,12,News/information,5.7,9,7,7,6,5,7,1,5,Yes,"Yes, failed",Yes,Good
38,Male,Student,North America,YouTube,4,3.3,31,Every night,6,Work/career,6.5,8,7,9,4,2,8,9,3,No,No,Yes,Good
16,Female,Full-time employed,Asia,Instagram,6,2.9,28,Often,24,Work/career,5.5,14,6,5,4,3,5,7,2,No,No,No,Moderate
30,Male,Full-time employed,Oceania,TikTok,2,3.8,91,Never,38,Content creation,9.0,9,5,4,8,7,2,6,2,No,"Yes, failed",No,Good
44,Female,Self-employed,Europe,X/Twitter,6,2.4,52,Often,21,Content creation,8.6,13,4,8,4,7,8,7,2,No,"Yes, failed",Yes,Moderate
31,Male,Self-employed,Europe,YouTube,1,8.5,112,Never,11,Entertainment,7.3,20,1,2,8,4,6,7,1,No,"Yes, failed",No,At-risk
19,Male,Self-employed,Latin America,YouTube,4,4.9,87,Never,35,Passing time/boredom,7.4,17,2,8,3,5,6,8,1,No,No,No,At-risk
13,Male,Part-time employed,Asia,Facebook,3,3.0,66,Often,7,Entertainment,6.6,7,7,4,4,7,5,8,2,No,No,No,Good
42,Male,Student,Europe,Reddit,2,4.0,128,Never,26,Connection with friends,7.6,4,0,4,2,5,5,6,3,No,No,No,Good
15,Male,Student,North America,X/Twitter,1,4.2,124,Sometimes,2,Connection with friends,6.8,12,5,5,6,6,5,5,2,No,No,No,Moderate
13,Female,Full-time employed,Europe,TikTok,4,1.2,57,Every night,1,Content creation,7.8,9,14,8,1,7,2,3,1,Yes,No,Considering it,Moderate
39,Female,Retired,Asia,TikTok,3,1.5,30,Often,16,Passing time/boredom,7.0,9,4,7,5,7,2,6,4,No,No,No,Good
34,Male,Student,Europe,TikTok,4,8.3,355,Often,5,Connection with friends,7.7,15,0,6,8,3,6,10,2,No,"Yes, failed",No,Moderate
29,Female,Full-time employed,Asia,LinkedIn,3,5.9,155,Often,7,Entertainment,4.4,16,0,6,4,5,10,3,3,Yes,No,Yes,Moderate
32,Female,Student,North America,Instagram,4,2.1,16,Every night,9,Passing time/boredom,6.4,13,5,8,6,6,3,7,0,Yes,No,No,Moderate
28,Female,Student,Asia,Instagram,3,4.0,55,Every night,4,Content creation,6.4,19,0,7,7,5,8,3,4,No,"Yes, succeeded",No,At-risk
34,Female,Student,North America,YouTube,4,4.3,44,Often,27,Passing time/boredom,7.8,7,6,8,3,5,8,4,5,No,"Yes, failed",No,Good
29,Male,Student,Asia,X/Twitter,4,7.6,57,Often,22,Work/career,6.2,26,0,5,6,5,6,4,3,No,"Yes, succeeded",No,At-risk
31,Male,Student,Asia,YouTube,1,3.8,48,Sometimes,16,News/information,7.7,16,3,7,4,6,3,3,4,Yes,No,No,Moderate
29,Female,Full-time employed,North America,YouTube,3,3.0,47,Sometimes,22,Passing time/boredom,7.5,16,6,7,7,7,6,7,3,No,No,No,Moderate
34,Male,Retired,Asia,Instagram,5,2.0,54,Sometimes,21,Entertainment,7.5,6,0,8,5,1,1,4,3,Yes,No,No,Good
22,Male,Full-time employed,Europe,Facebook,2,3.6,106,Often,34,Passing time/boredom,6.1,17,1,8,3,6,4,6,2,No,"Yes, failed",No,At-risk
30,Male,Student,Latin America,Instagram,2,1.5,16,Every night,9,Connection with friends,6.7,12,5,7,2,6,1,5,6,No,No,No,Moderate
13,Female,Full-time employed,Latin America,Instagram,2,1.3,24,Never,25,Connection with friends,8.9,8,8,8,4,7,1,9,2,Yes,No,Considering it,Good
24,Male,Self-employed,North America,Snapchat,4,0.5,11,Sometimes,10,Work/career,7.6,10,0,9,4,8,3,3,2,No,"Yes, succeeded",No,Moderate
41,Female,Full-time employed,Africa,Facebook,3,2.2,55,Sometimes,2,Passing time/boredom,8.4,10,7,9,1,5,4,6,2,No,"Yes, succeeded",No,Moderate
28,Female,Full-time employed,Africa,TikTok,3,1.4,23,Never,8,Connection with friends,8.4,1,5,7,1,6,2,2,3,No,No,Yes,Good
23,Male,Retired,Asia,Snapchat,2,3.3,76,Sometimes,25,News/information,4.8,13,6,7,4,3,5,7,1,Yes,"Yes, succeeded",No,Moderate
25,Female,Part-time employed,Europe,TikTok,4,4.8,126,Often,8,Content creation,5.8,10,4,3,7,4,8,7,1,No,"Yes, failed",Considering it,Moderate
36,Male,Part-time employed,Asia,X/Twitter,3,2.5,56,Every night,49,News/information,7.5,10,0,10,2,6,6,5,2,No,No,No,Moderate
21,Male,Full-time employed,Latin America,TikTok,1,0.7,5,Often,17,News/information,7.2,8,12,7,2,3,2,1,4,No,No,Considering it,Moderate
46,Male,Unemployed,Latin America,YouTube,2,0.5,7,Every night,11,News/information,5.7,7,1,9,3,6,4,3,3,Yes,"Yes, failed",No,Good
29,Male,Unemployed,North America,X/Twitter,4,2.4,48,Often,24,Entertainment,7.2,7,6,8,3,7,5,4,2,No,"Yes, failed",Considering it,Good
33,Male,Full-time employed,Asia,Reddit,2,2.3,10,Often,8,Entertainment,7.1,4,13,7,4,7,3,5,3,No,"Yes, failed",No,Moderate
50,Male,Student,North America,Instagram,3,3.3,23,Sometimes,8,News/information,7.2,15,6,7,5,5,5,3,1,Yes,No,No,Moderate
49,Male,Unemployed,Latin America,Instagram,3,4.1,86,Never,21,Work/career,6.5,13,0,9,8,3,6,8,1,No,"Yes, succeeded",Considering it,Moderate
24,Male,Self-employed,Europe,Instagram,6,3.2,110,Sometimes,14,Content creation,6.5,13,6,9,5,6,2,7,4,No,No,Considering it,Moderate
22,Female,Student,North America,TikTok,3,1.6,5,Sometimes,8,News/information,7.0,7,9,9,4,6,2,2,1,No,"Yes, failed",Considering it,Good
26,Male,Student,Asia,TikTok,8,2.2,34,Every night,21,Connection with friends,7.6,17,2,5,3,8,2,8,2,No,No,Yes,At-risk
31,Female,Student,Asia,TikTok,4,3.0,32,Sometimes,29,Entertainment,6.6,15,5,7,6,7,3,8,3,No,"Yes, failed",No,Moderate
41,Male,Retired,Europe,TikTok,1,3.2,58,Every night,83,Connection with friends,5.9,14,0,8,7,2,2,8,2,No,"Yes, failed",Considering it,Moderate
21,Female,Student,Latin America,Instagram,2,0.7,9,Often,26,Entertainment,8.0,0,9,10,4,9,3,3,2,No,"Yes, succeeded",No,Good
29,Female,Part-time employed,North America,Snapchat,3,2.7,38,Sometimes,14,Connection with friends,7.3,15,7,9,6,4,1,3,2,No,No,No,Moderate
16,Male,Full-time employed,Africa,X/Twitter,4,2.1,49,Sometimes,31,Passing time/boredom,7.6,7,10,6,6,7,5,1,4,Yes,No,No,Moderate
43,Prefer not to say,Full-time employed,North America,Instagram,2,2.7,25,Never,7,Entertainment,9.1,0,7,9,6,7,9,7,2,Yes,"Yes, succeeded",No,Good
41,Female,Part-time employed,Asia,X/Twitter,3,4.7,184,Never,12,Connection with friends,5.6,10,5,7,7,5,9,5,3,No,No,Considering it,Moderate
13,Female,Full-time employed,Oceania,YouTube,2,3.6,57,Often,26,Passing time/boredom,7.6,6,0,4,2,7,5,3,3,No,"Yes, succeeded",No,Good
31,Male,Unemployed,North America,Reddit,4,8.7,64,Often,16,Work/career,6.7,20,0,2,8,5,6,7,1,No,No,Yes,At-risk
26,Female,Unemployed,Europe,Instagram,3,7.6,185,Often,14,Connection with friends,5.8,15,1,7,10,4,7,8,3,Yes,No,No,Moderate
30,Male,Unemployed,Europe,TikTok,1,1.6,38,Never,15,Work/career,7.2,2,0,8,5,6,2,2,1,No,No,Yes,Good
31,Female,Student,Latin America,Instagram,3,4.4,144,Often,13,Work/career,8.5,13,0,6,7,7,7,4,5,No,No,Considering it,Moderate
29,Female,Student,North America,Snapchat,4,11.1,289,Sometimes,15,Work/career,5.6,24,0,7,7,2,10,7,5,No,No,No,At-risk
34,Non-binary,Full-time employed,North America,YouTube,2,6.4,80,Never,5,Work/career,6.2,1,3,5,9,6,7,4,3,Yes,"Yes, failed",No,Good
27,Male,Student,Africa,Reddit,4,1.2,45,Sometimes,13,Work/career,7.4,16,4,10,4,7,3,2,3,No,"Yes, failed",Considering it,Moderate
42,Female,Student,Africa,X/Twitter,3,2.3,29,Sometimes,29,Entertainment,6.9,12,5,4,2,7,7,4,4,Yes,"Yes, failed",No,Moderate
39,Male,Self-employed,North America,TikTok,2,1.9,26,Sometimes,11,Connection with friends,7.2,11,5,7,9,8,3,1,5,Yes,"Yes, failed",Considering it,Moderate
13,Male,Student,North America,YouTube,2,0.8,7,Sometimes,5,Connection with friends,7.5,6,9,6,6,6,4,4,4,Yes,No,No,Good
39,Female,Full-time employed,Latin America,TikTok,4,2.9,28,Every night,21,Entertainment,6.6,6,4,7,5,7,7,6,3,Yes,"Yes, succeeded",Considering it,Good
30,Male,Student,North America,X/Twitter,4,2.9,21,Sometimes,17,Entertainment,8.6,10,1,8,4,3,5,8,1,No,No,Considering it,Moderate
17,Male,Part-time employed,North America,TikTok,1,7.0,78,Every night,6,Entertainment,6.3,20,0,4,7,5,6,6,4,No,"Yes, succeeded",Yes,At-risk
25,Male,Unemployed,Asia,Instagram,3,5.3,37,Often,23,News/information,7.9,9,2,4,7,3,5,10,3,No,"Yes, failed",No,Good
33,Male,Student,North America,TikTok,6,1.3,41,Every night,5,Connection with friends,7.0,17,5,5,4,5,6,5,1,Yes,No,No,At-risk
40,Female,Full-time employed,North America,Instagram,6,3.6,70,Never,28,Passing time/boredom,7.9,3,1,9,6,4,7,3,1,Yes,"Yes, succeeded",No,Good
41,Female,Part-time employed,North America,TikTok,1,1.8,11,Never,7,Content creation,6.3,0,1,8,6,6,6,6,5,No,No,Yes,Good
25,Female,Student,Asia,TikTok,4,6.0,91,Never,29,Entertainment,8.3,10,0,6,9,3,5,4,4,No,"Yes, failed",No,Moderate
27,Male,Self-employed,Europe,Facebook,4,5.1,41,Sometimes,25,Connection with friends,6.6,16,0,7,1,8,8,7,2,No,"Yes, failed",Considering it,Moderate
40,Male,Student,Asia,Facebook,2,9.5,64,Often,45,Entertainment,5.4,19,0,3,10,1,9,5,3,No,"Yes, failed",No,At-risk
30,Male,Full-time employed,Asia,TikTok,6,2.9,86,Never,36,Connection with friends,9.0,17,7,8,4,10,1,4,3,No,"Yes, failed",Yes,At-risk
25,Male,Student,Asia,TikTok,3,3.8,55,Often,23,Content creation,6.1,16,0,4,5,8,9,5,2,No,No,No,Moderate
13,Female,Part-time employed,North America,TikTok,3,2.3,17,Often,23,Connection with friends,6.9,16,3,6,4,7,7,3,4,Yes,"Yes, succeeded",Yes,Moderate
35,Female,Student,Europe,Instagram,6,4.1,112,Never,24,Entertainment,7.2,10,6,5,3,8,6,2,5,Yes,No,No,Moderate
32,Male,Student,Europe,YouTube,5,6.2,56,Often,28,Passing time/boredom,7.7,13,0,8,6,7,6,5,3,Yes,No,No,Moderate
25,Male,Full-time employed,Europe,X/Twitter,4,6.0,28,Often,28,Connection with friends,6.0,17,0,8,5,6,7,8,1,No,No,No,At-risk
29,Female,Full-time employed,Asia,X/Twitter,3,5.0,141,Never,16,Work/career,7.5,15,10,4,8,4,9,4,4,Yes,No,No,Moderate
13,Female,Student,Latin America,TikTok,6,5.3,72,Sometimes,17,Passing time/boredom,7.6,5,0,7,2,5,5,4,3,Yes,"Yes, succeeded",No,Good
34,Female,Retired,Asia,Facebook,1,5.2,110,Never,47,Connection with friends,7.8,11,5,6,5,4,6,6,4,No,"Yes, failed",No,Moderate
43,Male,Part-time employed,Europe,Instagram,5,2.7,18,Often,15,Content creation,6.2,8,0,8,6,7,2,3,2,Yes,No,No,Good
40,Female,Self-employed,Europe,X/Twitter,2,6.9,98,Sometimes,19,Entertainment,7.3,20,1,6,7,8,7,8,3,No,No,Yes,At-risk
20,Male,Full-time employed,Europe,YouTube,6,2.7,80,Every night,8,Passing time/boredom,6.9,9,1,7,7,9,1,6,0,No,No,No,Good
21,Female,Full-time employed,North America,Facebook,3,5.1,61,Sometimes,12,Passing time/boredom,7.3,13,0,5,5,7,9,5,2,No,"Yes, failed",No,Moderate
23,Male,Full-time employed,Asia,X/Twitter,5,1.4,14,Every night,17,Entertainment,5.9,7,6,10,3,6,4,3,1,No,"Yes, failed",No,Good
24,Male,Unemployed,Africa,YouTube,2,2.8,102,Sometimes,21,Work/career,7.0,13,1,7,5,5,7,8,3,No,"Yes, succeeded",No,Moderate
34,Female,Student,Asia,YouTube,3,2.6,24,Often,18,Entertainment,8.2,10,1,7,5,7,7,3,3,Yes,No,Considering it,Moderate
38,Male,Student,Asia,YouTube,3,2.2,46,Every night,12,News/information,8.2,10,5,7,2,4,2,4,1,No,No,No,Moderate
21,Female,Student,Asia,YouTube,3,1.9,36,Sometimes,5,Connection with friends,8.6,7,4,7,6,8,6,6,2,No,No,Yes,Good
24,Female,Part-time employed,Asia,X/Twitter,3,4.5,73,Often,7,Connection with friends,6.4,13,0,9,6,6,7,3,2,Yes,No,No,Moderate
16,Male,Full-time employed,North America,Facebook,3,4.1,93,Sometimes,6,Entertainment,6.6,7,9,7,6,2,5,8,4,Yes,No,No,Good
53,Female,Student,Asia,Instagram,4,0.3,5,Sometimes,26,News/information,7.4,5,2,10,2,6,3,6,3,No,"Yes, failed",No,Good
17,Male,Student,Asia,LinkedIn,3,1.8,28,Often,40,Work/career,7.0,9,0,8,2,8,2,3,4,No,"Yes, failed",No,Good
43,Female,Full-time employed,Europe,Facebook,1,1.3,16,Never,6,Content creation,8.8,13,14,8,7,8,7,2,4,Yes,No,No,Moderate
32,Female,Student,Latin America,YouTube,6,6.0,6,Every night,16,Entertainment,6.8,16,8,8,5,6,8,9,2,Yes,No,No,Moderate
33,Female,Student,Asia,LinkedIn,3,2.5,17,Often,32,Work/career,6.5,7,11,7,3,6,3,8,2,No,"Yes, succeeded",No,Moderate
34,Male,Student,North America,Instagram,2,2.8,40,Never,3,Content creation,7.4,13,8,9,7,7,4,6,2,Yes,No,No,Moderate
21,Female,Part-time employed,Africa,Instagram,3,4.1,125,Sometimes,20,Connection with friends,7.3,16,6,7,5,8,5,5,1,No,"Yes, succeeded",Yes,Moderate
39,Female,Full-time employed,Asia,X/Twitter,1,2.4,47,Every night,26,Entertainment,6.2,10,7,7,2,4,3,4,4,No,No,No,Moderate
13,Male,Full-time employed,North America,Reddit,6,4.7,85,Every night,13,Passing time/boredom,6.1,9,0,4,9,9,5,5,4,Yes,"Yes, succeeded",No,Good
26,Female,Full-time employed,North America,Instagram,5,1.9,40,Often,15,Content creation,6.5,9,0,7,6,4,4,7,3,No,No,No,Good
41,Male,Student,North America,TikTok,1,3.1,85,Sometimes,34,Connection with friends,6.9,11,2,6,6,6,7,6,0,Yes,"Yes, failed",No,Moderate
31,Male,Student,Europe,YouTube,4,4.3,64,Every night,20,Entertainment,5.7,14,6,8,6,6,7,5,5,No,"Yes, succeeded",Considering it,Moderate
16,Non-binary,Unemployed,Oceania,TikTok,7,3.7,74,Every night,53,Entertainment,5.7,15,6,9,7,9,5,4,2,Yes,No,Considering it,Moderate
22,Female,Full-time employed,Asia,Snapchat,1,1.4,27,Often,17,News/information,7.4,15,6,9,4,7,3,8,2,No,No,No,Moderate
22,Male,Student,North America,Facebook,2,4.3,145,Every night,8,Connection with friends,6.7,14,3,6,5,8,5,6,3,No,"Yes, succeeded",No,Moderate
47,Female,Student,Europe,Instagram,3,7.9,357,Sometimes,10,Connection with friends,5.9,19,7,5,5,4,9,7,3,Yes,"Yes, succeeded",Yes,At-risk
29,Female,Unemployed,Asia,Instagram,3,2.3,26,Sometimes,15,Connection with friends,8.7,5,2,9,5,5,1,9,2,Yes,No,Yes,Good
29,Female,Student,Europe,Instagram,3,1.4,13,Sometimes,13,Entertainment,6.8,1,3,10,1,5,4,4,4,Yes,"Yes, succeeded",No,Good
35,Female,Self-employed,Europe,YouTube,7,2.6,13,Often,47,Entertainment,7.4,14,0,10,3,4,4,4,1,No,"Yes, succeeded",No,Moderate
40,Female,Student,North America,LinkedIn,6,1.7,7,Often,6,Work/career,6.5,4,3,6,2,7,8,8,4,No,"Yes, succeeded",No,Good
28,Female,Student,Europe,TikTok,3,6.0,311,Sometimes,13,News/information,6.7,14,1,4,9,5,6,7,1,No,"Yes, succeeded",No,Moderate
31,Female,Unemployed,Oceania,Instagram,1,6.0,149,Sometimes,39,Entertainment,6.4,17,4,8,4,6,5,6,5,No,No,No,At-risk
19,Female,Unemployed,Europe,TikTok,1,3.8,67,Often,15,Work/career,6.6,9,5,8,4,7,8,7,2,Yes,"Yes, failed",Considering it,Good
30,Female,Full-time employed,Europe,Instagram,1,4.1,117,Sometimes,23,Content creation,6.3,22,13,5,3,5,4,5,4,No,"Yes, failed",No,At-risk
13,Female,Student,Asia,TikTok,4,5.1,26,Never,47,Entertainment,8.0,9,6,8,4,4,3,3,2,No,"Yes, failed",Yes,Good
33,Male,Self-employed,Europe,LinkedIn,1,2.1,20,Sometimes,77,Entertainment,8.6,16,2,7,10,3,2,4,2,Yes,"Yes, failed",No,Moderate
36,Female,Full-time employed,Asia,Snapchat,7,3.6,32,Sometimes,8,Entertainment,7.8,10,3,8,6,8,5,7,2,Yes,No,No,Moderate
19,Female,Full-time employed,Latin America,TikTok,2,3.8,251,Sometimes,13,Content creation,7.4,9,5,5,1,8,4,6,5,No,"Yes, failed",No,Good
23,Male,Full-time employed,Asia,TikTok,7,4.5,79,Never,21,Entertainment,7.4,11,0,7,4,8,9,6,1,Yes,No,No,Moderate
22,Female,Full-time employed,Europe,LinkedIn,2,3.4,119,Never,6,News/information,7.3,8,8,7,7,5,2,4,2,No,"Yes, failed",Yes,Good
13,Female,Self-employed,North America,Reddit,2,2.0,71,Sometimes,11,Entertainment,9.5,3,6,9,4,7,6,6,2,No,"Yes, succeeded",Considering it,Good
38,Female,Self-employed,Asia,Instagram,6,4.4,55,Sometimes,12,Connection with friends,7.2,14,6,8,3,8,6,7,5,No,No,No,Moderate
21,Female,Full-time employed,Asia,Snapchat,3,5.6,149,Never,4,Entertainment,6.8,16,1,6,7,3,5,3,3,No,"Yes, failed",Considering it,Moderate
15,Female,Full-time employed,Europe,Instagram,1,6.5,175,Every night,2,Entertainment,5.2,12,0,6,6,5,5,6,4,No,No,No,Moderate
24,Male,Student,Europe,X/Twitter,5,5.7,35,Every night,30,News/information,6.0,19,0,7,5,9,4,6,6,No,No,No,At-risk
35,Male,Full-time employed,North America,Instagram,3,3.6,85,Sometimes,23,News/information,7.5,8,6,5,1,8,5,8,5,No,No,Yes,Good
22,Male,Full-time employed,Africa,Instagram,3,2.0,29,Often,6,Entertainment,6.1,10,1,6,4,8,4,3,0,No,"Yes, failed",No,Moderate
32,Male,Student,Asia,X/Twitter,4,2.7,15,Every night,21,News/information,7.8,5,7,7,4,8,4,3,2,No,No,No,Good
28,Male,Student,North America,YouTube,1,2.3,27,Sometimes,20,Entertainment,7.2,15,9,8,7,7,7,6,4,No,"Yes, succeeded",No,Moderate
28,Male,Student,Europe,LinkedIn,7,2.3,35,Often,57,Entertainment,8.6,10,12,10,5,4,3,7,4,No,"Yes, succeeded",Considering it,Moderate
30,Non-binary,Retired,Africa,Snapchat,5,1.1,54,Every night,10,Work/career,6.0,7,2,6,6,8,4,4,3,No,No,No,Good
41,Female,Full-time employed,Europe,X/Twitter,5,2.3,41,Never,25,Entertainment,7.8,3,11,9,1,8,4,1,5,Yes,No,No,Moderate
41,Male,Unemployed,Europe,Instagram,2,2.5,54,Every night,12,Passing time/boredom,5.3,8,4,7,4,5,3,6,0,No,"Yes, failed",No,Good
38,Female,Student,Oceania,Snapchat,4,1.8,25,Every night,31,Entertainment,7.2,10,0,10,1,10,5,4,0,No,No,Considering it,Moderate
30,Female,Student,Europe,Instagram,1,3.3,87,Often,9,Work/career,6.5,12,4,3,4,8,4,4,1,Yes,No,Yes,Moderate
24,Female,Full-time employed,North America,Instagram,3,0.7,20,Never,23,Content creation,8.7,11,4,7,8,5,4,4,2,Yes,No,No,Moderate
20,Female,Retired,North America,YouTube,5,4.8,196,Sometimes,20,Entertainment,6.3,18,4,3,4,8,5,5,3,No,No,No,At-risk
48,Male,Student,North America,Instagram,4,3.3,65,Often,25,Entertainment,7.4,11,4,7,1,5,5,7,1,Yes,No,Considering it,Moderate
39,Male,Full-time employed,Latin America,Instagram,3,3.8,40,Every night,25,Connection with friends,5.4,10,1,7,1,5,6,6,0,No,No,Yes,Moderate
27,Prefer not to say,Student,Europe,YouTube,4,2.9,24,Every night,40,Connection with friends,7.0,12,2,9,6,3,7,4,2,No,No,No,Moderate
34,Male,Student,North America,Reddit,1,5.4,27,Sometimes,4,Entertainment,6.6,10,6,8,5,7,5,6,5,No,"Yes, failed",No,Moderate
32,Female,Student,Europe,YouTube,4,3.3,190,Sometimes,25,Entertainment,7.2,16,0,9,1,2,7,4,4,No,"Yes, failed",No,Moderate
45,Female,Full-time employed,Asia,TikTok,1,6.5,169,Sometimes,22,News/information,6.9,15,3,7,6,3,4,5,2,No,"Yes, succeeded",No,Moderate
44,Male,Full-time employed,Asia,Instagram,4,2.2,26,Often,14,News/information,6.1,10,7,3,4,10,6,5,2,Yes,No,No,Moderate
13,Male,Full-time employed,North America,YouTube,5,2.8,43,Sometimes,15,Entertainment,7.0,11,0,8,4,7,3,7,1,No,No,No,Moderate
40,Female,Full-time employed,Europe,Snapchat,4,1.1,5,Never,7,News/information,8.7,13,11,9,1,8,3,2,3,No,"Yes, failed",Yes,Moderate
26,Male,Student,Asia,Instagram,2,3.2,21,Sometimes,10,Entertainment,7.2,0,5,9,5,6,3,6,1,No,No,Yes,Good
29,Female,Unemployed,North America,TikTok,1,5.3,154,Sometimes,49,News/information,7.9,13,6,7,6,1,4,8,5,No,"Yes, succeeded",No,Moderate
18,Female,Student,Europe,Snapchat,3,4.7,55,Sometimes,26,Work/career,7.4,17,0,6,6,1,5,7,3,Yes,No,No,At-risk
23,Male,Student,Latin America,X/Twitter,5,3.0,31,Sometimes,28,Passing time/boredom,7.5,11,1,6,1,4,3,8,5,No,No,Yes,Moderate
25,Male,Full-time employed,Africa,TikTok,2,2.2,16,Often,18,Entertainment,7.1,16,0,6,5,6,4,3,1,No,"Yes, failed",No,Moderate
35,Female,Full-time employed,Asia,Instagram,4,3.6,43,Every night,12,Entertainment,6.7,11,0,6,1,8,5,7,3,Yes,No,Considering it,Moderate
21,Female,Full-time employed,Oceania,Snapchat,7,4.6,83,Every night,22,Connection with friends,5.8,17,6,5,6,9,8,4,4,Yes,No,No,At-risk
13,Female,Full-time employed,Asia,Instagram,3,5.3,52,Often,30,Content creation,5.9,15,0,9,7,4,5,7,3,Yes,"Yes, succeeded",No,Moderate
28,Female,Full-time employed,Africa,Reddit,6,1.0,6,Sometimes,12,Content creation,7.3,7,11,8,3,9,5,3,2,No,No,No,Moderate
24,Female,Student,Europe,TikTok,5,2.0,84,Often,5,Connection with friends,8.5,11,2,8,5,8,4,6,5,No,No,No,Moderate
24,Male,Full-time employed,Europe,Instagram,3,4.0,32,Often,34,News/information,6.9,15,4,8,5,7,5,7,3,Yes,No,No,Moderate
32,Female,Student,Asia,LinkedIn,5,3.5,21,Often,54,Connection with friends,8.3,18,2,7,7,7,3,4,3,No,No,Yes,At-risk
13,Female,Self-employed,North America,LinkedIn,4,1.4,8,Every night,32,Entertainment,6.8,11,8,7,4,5,7,4,3,No,No,No,Moderate
13,Male,Full-time employed,Asia,Instagram,2,1.2,25,Sometimes,12,Connection with friends,7.6,10,6,6,8,7,4,4,5,Yes,"Yes, succeeded",No,Moderate
30,Male,Full-time employed,Europe,Instagram,5,4.0,23,Never,7,News/information,7.3,13,2,8,4,6,2,3,2,Yes,"Yes, succeeded",No,Moderate
33,Female,Full-time employed,Europe,TikTok,8,0.6,11,Every night,9,Work/career,6.4,0,10,7,1,8,7,8,2,No,"Yes, succeeded",Yes,Moderate
38,Male,Full-time employed,Asia,YouTube,4,2.0,45,Often,26,Entertainment,6.3,7,1,6,6,3,3,3,2,No,No,Considering it,Good
31,Male,Student,Oceania,TikTok,1,4.7,296,Sometimes,19,Entertainment,8.2,9,8,7,7,7,8,6,0,No,"Yes, failed",No,Good
42,Male,Student,Latin America,YouTube,3,3.1,67,Often,16,Passing time/boredom,7.2,19,1,7,8,7,4,2,4,No,No,No,At-risk
23,Male,Part-time employed,Europe,X/Twitter,4,4.2,174,Sometimes,12,Connection with friends,6.4,7,0,8,6,5,6,7,4,No,"Yes, succeeded",No,Good
46,Male,Full-time employed,North America,TikTok,3,2.2,95,Often,3,Connection with friends,6.8,10,6,8,6,6,3,6,3,Yes,No,No,Moderate
45,Female,Student,Europe,YouTube,3,4.7,82,Often,17,Entertainment,5.0,12,5,5,5,7,6,6,1,Yes,"Yes, succeeded",Considering it,Moderate
32,Female,Full-time employed,North America,Snapchat,5,3.6,143,Never,8,Passing time/boredom,8.4,5,2,9,4,3,4,6,3,No,"Yes, failed",No,Good
28,Female,Student,Europe,YouTube,3,5.4,89,Sometimes,22,Connection with friends,6.4,16,2,7,9,5,10,2,2,Yes,No,No,Moderate
21,Male,Retired,Asia,YouTube,1,1.9,78,Never,6,Entertainment,6.4,12,13,8,6,7,3,7,3,No,"Yes, failed",Considering it,Moderate
31,Male,Full-time employed,North America,YouTube,5,6.0,40,Every night,9,Connection with friends,5.4,19,0,6,7,7,8,6,6,No,No,No,At-risk
23,Male,Full-time employed,Europe,X/Twitter,6,1.7,99,Sometimes,17,Connection with friends,8.4,0,5,8,3,6,2,1,1,Yes,"Yes, failed",No,Good
33,Male,Student,North America,X/Twitter,3,2.3,17,Sometimes,17,Passing time/boredom,7.8,3,5,6,6,6,5,3,1,No,No,Considering it,Good
42,Female,Full-time employed,Europe,Instagram,7,3.2,71,Often,65,News/information,7.9,11,4,9,1,8,7,7,3,No,"Yes, succeeded",No,Moderate
36,Male,Student,Europe,TikTok,5,6.6,199,Often,11,Passing time/boredom,6.6,13,0,7,7,6,6,1,3,Yes,No,Yes,Moderate
14,Female,Full-time employed,Asia,TikTok,3,1.6,36,Often,18,Passing time/boredom,8.0,2,4,9,2,5,2,2,4,Yes,"Yes, failed",No,Good
15,Female,Full-time employed,Asia,YouTube,1,2.3,64,Often,75,Entertainment,7.3,10,5,7,1,8,4,7,4,Yes,No,No,Moderate
42,Male,Full-time employed,North America,Instagram,1,4.8,189,Sometimes,19,Connection with friends,6.2,15,0,7,7,7,7,7,3,No,No,Considering it,Moderate
35,Female,Student,Europe,LinkedIn,7,4.0,56,Sometimes,16,Entertainment,5.1,15,1,6,2,2,6,6,1,No,No,No,Moderate
43,Female,Unemployed,Europe,Instagram,1,7.2,269,Sometimes,19,Entertainment,6.3,17,0,5,5,6,7,8,4,Yes,No,No,At-risk
53,Non-binary,Self-employed,Europe,Reddit,3,5.2,34,Never,11,Work/career,6.5,8,9,4,7,8,8,5,5,No,"Yes, succeeded",No,Good
29,Female,Full-time employed,North America,TikTok,1,7.6,165,Every night,17,Entertainment,6.3,23,0,7,4,6,8,9,3,No,"Yes, failed",No,At-risk
30,Male,Part-time employed,Asia,Instagram,3,3.4,12,Sometimes,36,Entertainment,7.3,10,0,8,3,5,7,8,3,No,"Yes, failed",No,Moderate
20,Female,Student,North America,Instagram,8,0.7,15,Often,39,Connection with friends,7.3,11,3,8,5,5,4,5,3,No,No,Considering it,Moderate
38,Male,Student,Asia,LinkedIn,3,3.2,9,Sometimes,16,Connection with friends,6.7,11,8,6,4,2,6,2,2,No,"Yes, failed",Considering it,Moderate
15,Male,Full-time employed,Asia,YouTube,1,6.2,92,Every night,7,Connection with friends,6.6,13,1,8,5,1,4,8,2,No,No,No,Moderate
24,Female,Full-time employed,Asia,TikTok,3,0.3,5,Sometimes,14,Content creation,8.8,5,4,10,3,10,4,4,2,No,No,No,Good
20,Female,Student,North America,YouTube,5,2.0,25,Sometimes,10,Work/career,7.7,6,7,7,1,6,2,2,2,No,"Yes, failed",No,Good
13,Female,Student,Europe,TikTok,1,7.1,97,Sometimes,25,Connection with friends,6.3,14,1,7,7,6,7,9,3,No,No,Considering it,Moderate
21,Male,Student,Asia,TikTok,1,2.1,40,Often,53,Work/career,6.5,9,8,6,9,6,8,6,2,No,No,No,Good
37,Male,Student,Africa,TikTok,3,7.2,108,Often,13,Entertainment,6.5,15,0,7,8,3,8,6,4,No,"Yes, failed",Considering it,Moderate
42,Female,Full-time employed,Latin America,TikTok,3,3.0,25,Often,25,Connection with friends,7.6,14,6,7,6,2,3,2,2,No,No,No,Moderate
40,Female,Full-time employed,North America,YouTube,5,7.5,164,Every night,11,Entertainment,5.4,17,4,6,1,5,8,8,3,No,"Yes, failed",Yes,At-risk
28,Female,Student,Africa,YouTube,2,5.4,43,Sometimes,32,Connection with friends,6.3,13,2,6,7,7,5,7,6,No,No,Yes,Moderate
38,Female,Full-time employed,North America,X/Twitter,3,1.0,12,Sometimes,24,Connection with friends,7.2,4,3,7,6,8,4,5,3,No,"Yes, succeeded",No,Good
27,Male,Student,Asia,LinkedIn,3,3.5,71,Often,13,Content creation,5.9,16,5,6,8,5,5,4,4,No,"Yes, failed",No,Moderate
38,Female,Student,Europe,YouTube,1,6.0,109,Sometimes,7,Content creation,7.0,14,0,7,2,9,6,8,1,No,"Yes, succeeded",Considering it,Moderate
24,Female,Self-employed,Europe,TikTok,1,0.5,5,Often,2,Work/career,8.1,16,5,8,3,7,1,6,4,No,No,No,Moderate
20,Female,Student,Asia,YouTube,1,2.0,24,Often,45,Entertainment,6.8,6,9,10,4,8,2,4,3,No,"Yes, failed",No,Good
27,Male,Full-time employed,Oceania,Snapchat,1,5.6,118,Sometimes,36,Connection with friends,7.3,20,2,7,6,5,6,4,4,Yes,"Yes, failed",No,At-risk
38,Non-binary,Student,Europe,YouTube,5,1.4,39,Often,35,Entertainment,7.0,8,4,9,1,7,5,6,2,No,"Yes, failed",No,Good
47,Female,Full-time employed,Africa,TikTok,2,1.7,39,Often,4,Entertainment,7.5,9,4,7,7,5,4,2,3,Yes,No,Considering it,Good
38,Female,Full-time employed,Asia,Instagram,3,0.6,9,Sometimes,32,Entertainment,7.9,6,6,9,6,6,3,7,1,No,"Yes, failed",Yes,Good
13,Male,Student,North America,Instagram,1,1.2,24,Often,14,Entertainment,8.3,14,6,7,4,6,2,3,0,Yes,No,No,Moderate
33,Female,Student,North America,Snapchat,3,3.0,10,Sometimes,16,Content creation,7.1,21,2,5,3,10,4,7,2,No,No,Yes,At-risk
25,Male,Full-time employed,North America,Snapchat,5,3.6,51,Every night,2,Entertainment,6.7,8,6,6,4,6,5,4,3,No,"Yes, succeeded",No,Good
24,Female,Full-time employed,North America,Instagram,3,6.3,78,Every night,19,Content creation,5.6,9,10,4,3,6,4,6,3,No,"Yes, succeeded",No,Moderate
30,Female,Student,North America,Reddit,3,5.8,32,Sometimes,52,News/information,6.7,20,8,7,6,4,4,7,5,Yes,"Yes, succeeded",No,At-risk
28,Female,Full-time employed,Latin America,Reddit,3,2.4,32,Often,4,Content creation,7.8,8,9,6,6,8,2,7,4,No,"Yes, failed",No,Good
36,Male,Student,Asia,YouTube,7,2.7,77,Often,9,News/information,4.8,9,0,8,3,5,4,8,4,No,"Yes, failed",Considering it,Good
36,Male,Unemployed,Asia,Facebook,2,3.8,57,Never,8,Connection with friends,7.3,12,9,9,4,7,5,7,2,Yes,No,Yes,Moderate
26,Male,Unemployed,North America,Instagram,3,1.7,22,Every night,16,Passing time/boredom,7.2,7,6,6,3,8,1,3,3,No,No,No,Good
24,Male,Student,Asia,TikTok,2,4.3,52,Every night,59,News/information,5.7,14,3,5,6,7,2,5,2,No,No,Considering it,Moderate
46,Male,Student,Asia,X/Twitter,5,1.3,27,Never,10,Entertainment,7.9,10,13,8,2,6,2,5,5,No,"Yes, failed",No,Moderate
31,Male,Full-time employed,Asia,Facebook,4,1.2,9,Sometimes,13,News/information,8.4,6,0,10,4,6,2,1,2,Yes,"Yes, failed",Yes,Good
16,Female,Full-time employed,Asia,Instagram,3,5.5,58,Every night,4,Entertainment,6.3,9,1,5,3,10,4,5,3,No,"Yes, failed",Considering it,Good
36,Male,Student,Asia,YouTube,7,2.1,47,Every night,22,Entertainment,6.4,9,0,8,1,5,4,2,5,No,"Yes, failed",No,Good
49,Female,Student,North America,TikTok,5,3.0,148,Sometimes,13,Entertainment,6.8,16,2,9,7,5,6,3,2,Yes,"Yes, failed",Considering it,Moderate
41,Female,Student,North America,Instagram,2,2.2,29,Sometimes,20,Work/career,7.3,15,4,8,5,3,3,5,4,Yes,"Yes, failed",No,Moderate
48,Female,Retired,Asia,TikTok,5,8.0,105,Never,34,Passing time/boredom,5.1,18,0,5,8,6,6,9,2,No,"Yes, failed",Yes,At-risk
24,Male,Full-time employed,Asia,Snapchat,1,5.3,41,Often,36,Connection with friends,7.1,22,0,6,7,5,5,8,4,No,No,No,At-risk
30,Non-binary,Student,Europe,TikTok,4,3.9,69,Often,47,Work/career,6.6,16,1,6,5,6,6,7,0,Yes,No,No,Moderate
54,Male,Unemployed,Oceania,X/Twitter,4,1.2,5,Often,17,Connection with friends,7.0,12,8,8,5,7,4,7,2,No,No,No,Moderate
25,Female,Self-employed,Asia,Instagram,1,2.9,135,Often,39,Connection with friends,6.4,16,6,6,10,5,5,2,4,No,No,Considering it,Moderate
13,Male,Full-time employed,Europe,Snapchat,2,1.3,33,Sometimes,8,Entertainment,6.6,6,9,8,1,8,6,4,1,No,"Yes, failed",Considering it,Good
44,Female,Retired,Asia,TikTok,2,3.1,61,Often,9,Entertainment,7.0,16,5,8,2,10,6,5,1,Yes,"Yes, failed",No,Moderate
23,Female,Student,Europe,YouTube,8,1.5,31,Sometimes,41,Entertainment,7.8,6,8,8,2,5,4,8,3,No,No,No,Good
49,Male,Unemployed,Asia,X/Twitter,4,3.1,121,Never,13,Entertainment,7.2,13,8,8,6,8,6,8,4,No,No,Considering it,Moderate
43,Female,Student,Oceania,LinkedIn,2,7.1,23,Sometimes,9,Passing time/boredom,6.4,19,4,6,8,10,7,9,2,No,"Yes, failed",No,At-risk
17,Male,Full-time employed,Europe,Instagram,3,1.8,43,Often,28,Entertainment,6.6,6,9,9,5,7,5,5,4,No,"Yes, failed",No,Good
13,Male,Self-employed,Oceania,Instagram,1,1.7,61,Often,18,Connection with friends,7.1,21,7,9,6,8,6,6,2,No,No,Considering it,At-risk
33,Female,Student,Latin America,YouTube,1,2.2,20,Sometimes,21,Passing time/boredom,8.4,13,0,5,4,8,2,5,4,No,No,No,Moderate
20,Male,Student,Europe,Instagram,3,3.7,105,Often,13,Passing time/boredom,7.7,15,7,7,1,7,4,10,4,No,"Yes, succeeded",No,Moderate
33,Male,Part-time employed,Latin America,Instagram,2,4.2,43,Often,24,Connection with friends,6.6,13,5,4,2,4,3,5,1,No,"Yes, succeeded",No,Moderate
43,Male,Student,Asia,Instagram,3,2.2,28,Often,7,Content creation,7.5,8,11,4,2,4,4,6,2,Yes,No,No,Moderate
23,Male,Full-time employed,Europe,X/Twitter,7,1.0,15,Sometimes,22,Entertainment,8.2,13,8,8,1,8,1,3,2,No,No,Considering it,Moderate
37,Male,Unemployed,Europe,Snapchat,1,1.9,40,Often,44,Connection with friends,6.9,8,1,8,5,5,4,3,2,No,No,Yes,Good
38,Male,Part-time employed,Asia,LinkedIn,3,1.4,35,Sometimes,30,Entertainment,6.9,11,6,5,3,6,5,6,3,Yes,"Yes, failed",Considering it,Moderate
22,Female,Student,Oceania,LinkedIn,2,4.1,140,Sometimes,21,Work/career,7.5,13,5,6,3,4,6,5,2,No,No,Considering it,Moderate
32,Female,Full-time employed,Europe,Reddit,4,1.5,8,Every night,13,Entertainment,6.6,15,5,9,4,6,5,6,2,Yes,"Yes, succeeded",Yes,Moderate
26,Male,Student,Latin America,X/Twitter,1,2.9,41,Sometimes,25,News/information,7.6,10,8,6,3,8,5,7,3,Yes,No,No,Moderate
32,Female,Full-time employed,Oceania,TikTok,8,2.6,22,Often,17,Passing time/boredom,7.0,7,2,8,3,6,5,8,5,Yes,"Yes, failed",No,Good
36,Male,Student,Asia,Facebook,1,2.8,34,Often,22,Passing time/boredom,7.0,18,3,8,6,5,1,6,1,Yes,"Yes, failed",Yes,At-risk
26,Male,Full-time employed,Africa,TikTok,3,1.8,21,Often,11,Entertainment,7.1,3,4,7,8,9,6,5,1,No,No,Yes,Good
36,Male,Full-time employed,North America,X/Twitter,5,9.3,78,Often,31,Entertainment,5.7,21,0,6,6,7,9,8,3,Yes,No,No,At-risk
30,Female,Student,Asia,Reddit,1,4.0,45,Sometimes,14,Entertainment,7.5,9,8,10,3,3,3,8,5,No,"Yes, succeeded",Considering it,Good
36,Male,Part-time employed,Africa,Snapchat,4,2.4,12,Often,4,Connection with friends,5.9,10,9,7,5,7,4,4,2,No,"Yes, failed",Yes,Moderate
30,Non-binary,Student,Africa,Instagram,8,3.8,32,Often,8,Content creation,6.4,14,4,6,4,9,4,8,2,No,No,No,Moderate
25,Female,Student,North America,TikTok,2,2.7,24,Never,21,Content creation,7.7,15,10,7,2,4,8,4,3,No,"Yes, failed",Considering it,Moderate
13,Female,Student,North America,Snapchat,3,4.8,35,Every night,19,Passing time/boredom,5.9,22,1,9,8,7,8,3,3,No,No,Yes,At-risk
15,Male,Full-time employed,North America,Snapchat,2,6.0,174,Never,12,Entertainment,6.1,8,5,6,3,6,6,3,3,Yes,"Yes, failed",No,Good
13,Female,Student,Africa,TikTok,6,2.3,50,Every night,5,Connection with friends,6.6,12,4,8,7,4,6,6,4,No,No,Considering it,Moderate
57,Male,Full-time employed,Latin America,Instagram,2,2.4,41,Often,50,News/information,7.8,12,3,6,3,8,6,9,3,No,No,Considering it,Moderate
33,Male,Student,Asia,YouTube,4,1.0,21,Sometimes,30,News/information,7.5,11,7,7,4,7,2,1,1,No,"Yes, succeeded",No,Moderate
21,Female,Student,North America,Snapchat,3,2.2,27,Every night,34,Work/career,7.1,5,0,7,5,7,1,5,2,Yes,"Yes, failed",No,Good
22,Female,Part-time employed,Europe,YouTube,3,6.2,64,Never,6,Connection with friends,7.0,15,0,6,5,5,8,5,3,No,"Yes, failed",No,Moderate
36,Female,Full-time employed,North America,X/Twitter,1,2.5,33,Often,57,Content creation,7.0,7,1,9,2,5,7,10,4,Yes,No,No,Good
26,Male,Student,Latin America,Facebook,2,2.0,42,Often,5,News/information,5.7,12,6,7,2,9,7,2,6,No,"Yes, failed",Considering it,Moderate
28,Female,Part-time employed,Asia,LinkedIn,3,4.2,132,Every night,21,Work/career,5.7,16,0,7,4,8,6,6,3,Yes,No,Yes,Moderate
41,Female,Self-employed,Asia,Facebook,2,2.3,78,Never,11,Connection with friends,8.9,2,9,9,5,6,2,4,4,No,"Yes, succeeded",Yes,Good
24,Female,Full-time employed,Latin America,YouTube,5,1.9,27,Every night,5,Passing time/boredom,6.8,15,1,7,3,10,9,5,1,No,"Yes, failed",No,Moderate
27,Male,Student,North America,TikTok,5,2.3,50,Every night,18,News/information,6.7,11,3,8,1,3,5,2,4,No,No,Considering it,Moderate
26,Male,Student,Asia,YouTube,1,5.5,182,Never,12,Work/career,7.7,12,3,9,1,5,8,7,2,Yes,No,No,Moderate
42,Female,Student,Asia,TikTok,1,3.0,41,Every night,27,Connection with friends,7.0,16,0,7,4,8,2,4,4,Yes,"Yes, failed",No,Moderate
41,Male,Student,Europe,YouTube,3,4.2,41,Never,7,Work/career,6.3,11,6,5,8,4,4,4,4,Yes,"Yes, failed",No,Moderate
29,Female,Student,Asia,Instagram,4,3.1,52,Every night,20,Passing time/boredom,6.4,13,9,10,2,7,5,2,3,No,"Yes, succeeded",No,Moderate
39,Male,Full-time employed,Africa,Instagram,5,6.2,109,Often,5,Passing time/boredom,4.6,7,3,7,6,5,6,10,2,No,"Yes, failed",No,Good
23,Male,Student,Oceania,X/Twitter,3,0.8,8,Often,30,Connection with friends,6.3,3,6,6,2,7,5,5,3,No,No,No,Good
32,Female,Student,Europe,Snapchat,4,3.4,60,Sometimes,24,Passing time/boredom,6.4,13,15,4,3,6,3,3,1,Yes,No,No,Moderate
32,Male,Student,Asia,YouTube,5,5.2,127,Every night,10,Content creation,6.1,10,0,6,7,5,4,4,4,No,"Yes, succeeded",No,Moderate
35,Female,Student,Asia,X/Twitter,5,4.7,109,Sometimes,5,Connection with friends,8.6,17,5,7,6,6,5,2,2,Yes,"Yes, failed",No,At-risk
13,Female,Unemployed,Asia,TikTok,3,1.3,17,Every night,18,Connection with friends,6.9,5,8,10,2,6,5,3,1,Yes,"Yes, failed",No,Good
28,Female,Student,North America,TikTok,2,2.0,81,Every night,23,Connection with friends,6.3,11,6,9,4,7,3,6,2,No,No,No,Moderate
20,Female,Student,Latin America,TikTok,4,4.8,75,Sometimes,23,Work/career,7.6,9,3,7,3,3,7,8,2,No,No,Considering it,Good
30,Non-binary,Full-time employed,North America,TikTok,2,1.2,5,Often,4,Entertainment,5.4,16,4,6,3,10,6,4,2,No,"Yes, failed",Considering it,Moderate
30,Female,Unemployed,North America,TikTok,2,3.1,51,Every night,16,Entertainment,5.2,15,10,8,3,5,5,8,4,Yes,No,No,Moderate
41,Male,Unemployed,Europe,Reddit,3,3.4,119,Often,14,News/information,6.3,16,9,6,4,5,4,9,4,No,"Yes, failed",No,Moderate
35,Male,Student,North America,Instagram,1,4.5,77,Sometimes,37,Work/career,6.6,15,1,6,9,8,4,6,6,No,"Yes, succeeded",No,Moderate
35,Female,Student,Latin America,Instagram,4,3.3,64,Often,10,Connection with friends,5.8,16,6,7,7,3,5,3,7,No,No,Considering it,Moderate
32,Female,Student,Asia,Instagram,4,1.0,17,Sometimes,23,Entertainment,7.0,7,12,9,3,8,5,6,2,No,"Yes, failed",No,Moderate
46,Male,Full-time employed,Africa,TikTok,3,6.2,29,Never,15,Work/career,7.4,7,0,7,8,8,5,9,4,No,"Yes, succeeded",Considering it,Good
23,Male,Full-time employed,North America,Instagram,1,4.1,34,Every night,13,Connection with friends,7.0,12,1,7,8,3,6,3,1,Yes,"Yes, failed",No,Moderate
32,Female,Full-time employed,Asia,Instagram,2,5.0,301,Often,5,Connection with friends,5.4,14,1,9,6,5,6,5,0,No,"Yes, failed",Considering it,Moderate
19,Male,Full-time employed,Asia,Instagram,2,2.9,57,Often,13,Work/career,7.1,8,8,8,4,6,4,3,5,No,No,No,Good
45,Male,Full-time employed,Africa,X/Twitter,4,1.6,22,Every night,37,News/information,6.9,13,3,9,5,8,3,4,4,Yes,"Yes, failed",Considering it,Moderate
19,Male,Student,Europe,X/Twitter,1,1.9,17,Every night,2,News/information,7.3,12,3,7,10,3,7,6,2,No,No,No,Moderate
42,Male,Unemployed,North America,Snapchat,3,1.6,13,Sometimes,10,News/information,7.1,6,8,7,6,3,3,6,4,No,No,No,Good
13,Female,Part-time employed,North America,Reddit,3,3.5,81,Often,39,Entertainment,8.2,12,2,6,6,4,5,8,2,No,No,No,Moderate
39,Male,Full-time employed,North America,Instagram,1,2.1,79,Often,22,Connection with friends,6.1,13,3,7,3,8,4,6,1,No,"Yes, failed",No,Moderate
13,Male,Student,Latin America,Snapchat,2,3.2,100,Never,36,Connection with friends,8.1,13,5,8,9,7,4,5,4,No,"Yes, failed",No,Moderate
32,Female,Student,Oceania,YouTube,2,3.6,47,Sometimes,15,Content creation,7.0,8,6,6,7,6,1,7,3,No,"Yes, failed",Yes,Good
37,Female,Full-time employed,Oceania,X/Twitter,1,4.4,5,Every night,38,Entertainment,4.9,11,1,6,6,4,4,5,1,No,No,No,Moderate
28,Male,Student,Latin America,TikTok,2,3.1,39,Never,20,Connection with friends,7.4,11,6,8,6,6,7,4,1,No,"Yes, failed",No,Moderate
19,Male,Part-time employed,Asia,X/Twitter,3,4.1,39,Sometimes,47,News/information,6.0,16,6,8,4,4,3,4,5,No,"Yes, failed",No,Moderate
13,Male,Full-time employed,Asia,X/Twitter,3,4.8,53,Often,18,Entertainment,5.9,11,4,5,7,5,5,4,3,Yes,"Yes, failed",No,Moderate
22,Female,Student,Latin America,YouTube,5,1.9,23,Every night,3,Entertainment,7.5,8,8,7,6,4,7,7,3,No,"Yes, failed",No,Good
21,Female,Student,Europe,Instagram,7,1.3,36,Often,17,Work/career,7.5,2,8,9,1,4,4,4,2,No,No,No,Good
40,Male,Full-time employed,North America,X/Twitter,1,3.5,142,Sometimes,8,Content creation,6.5,17,6,6,5,6,5,9,3,No,"Yes, failed",No,At-risk
24,Female,Full-time employed,Europe,TikTok,7,1.6,10,Sometimes,5,Passing time/boredom,7.0,8,5,6,3,7,4,1,2,No,"Yes, succeeded",No,Good
26,Male,Full-time employed,Latin America,Reddit,4,1.9,11,Often,9,Work/career,7.3,14,0,10,3,5,7,5,3,Yes,"Yes, failed",Considering it,Moderate
21,Non-binary,Full-time employed,North America,YouTube,2,0.5,10,Sometimes,0,Work/career,7.8,19,11,8,3,3,3,3,3,No,"Yes, succeeded",No,At-risk
22,Male,Self-employed,Asia,LinkedIn,3,1.0,5,Often,29,Work/career,8.8,9,0,8,2,5,2,5,4,No,"Yes, failed",Considering it,Good
31,Female,Student,North America,Snapchat,2,2.0,14,Sometimes,10,Entertainment,6.8,13,3,9,4,5,7,3,0,Yes,"Yes, failed",No,Moderate
40,Male,Student,North America,TikTok,5,3.3,22,Never,18,Passing time/boredom,7.7,8,1,8,6,8,4,7,2,Yes,No,No,Good
25,Female,Student,Asia,Snapchat,4,3.8,109,Never,21,News/information,7.6,12,8,6,6,3,7,7,2,No,"Yes, failed",Yes,Moderate
18,Male,Retired,Asia,Instagram,1,5.5,200,Sometimes,16,Work/career,7.9,23,0,4,8,8,1,6,1,No,No,Yes,At-risk
17,Male,Full-time employed,Asia,TikTok,2,2.3,53,Sometimes,71,News/information,7.4,11,3,6,4,6,6,6,5,No,"Yes, succeeded",No,Moderate
19,Male,Student,Africa,Instagram,5,2.5,32,Sometimes,24,News/information,7.9,5,0,8,7,6,4,5,3,No,"Yes, succeeded",Considering it,Good
37,Male,Part-time employed,Latin America,Instagram,5,0.8,19,Never,63,News/information,7.0,13,10,6,5,5,7,2,2,No,No,Considering it,Moderate
40,Female,Retired,Asia,YouTube,5,1.9,49,Often,6,Entertainment,7.2,18,4,6,4,9,6,3,2,Yes,"Yes, failed",Considering it,At-risk
13,Non-binary,Student,Asia,YouTube,1,2.9,54,Often,10,Entertainment,8.1,14,8,10,3,7,4,5,1,Yes,"Yes, succeeded",Yes,Moderate
23,Female,Student,North America,Instagram,4,2.9,21,Every night,13,Entertainment,7.0,6,4,10,7,5,5,2,4,No,No,No,Good
15,Male,Self-employed,Latin America,X/Twitter,6,4.8,105,Every night,38,Connection with friends,5.6,17,0,6,5,7,5,8,2,Yes,No,No,At-risk
23,Non-binary,Student,North America,TikTok,8,5.0,22,Every night,44,Passing time/boredom,5.8,16,0,5,5,4,5,8,1,No,"Yes, failed",No,Moderate
27,Female,Full-time employed,Asia,TikTok,1,1.3,17,Every night,7,News/information,7.8,13,1,7,5,8,5,6,2,No,"Yes, succeeded",No,Moderate
41,Female,Student,North America,Facebook,4,7.1,201,Never,4,Work/career,5.9,17,0,5,3,5,7,6,3,Yes,"Yes, failed",No,At-risk
39,Prefer not to say,Part-time employed,Asia,YouTube,2,2.7,133,Sometimes,7,News/information,8.3,1,9,10,7,6,4,4,3,Yes,"Yes, failed",Yes,Good
21,Male,Retired,Oceania,TikTok,1,3.6,38,Every night,2,Connection with friends,6.2,16,4,8,6,6,6,7,4,No,"Yes, succeeded",No,Moderate
30,Female,Full-time employed,North America,YouTube,4,3.0,89,Every night,8,Connection with friends,7.3,11,7,9,7,7,4,3,3,Yes,No,No,Moderate
14,Male,Full-time employed,North America,YouTube,4,6.4,48,Sometimes,44,News/information,7.7,16,3,6,9,2,6,7,3,No,"Yes, failed",Considering it,Moderate
37,Female,Self-employed,North America,X/Twitter,1,2.1,67,Often,21,News/information,8.1,11,4,9,3,2,4,3,4,Yes,No,No,Moderate
31,Male,Student,Asia,YouTube,6,1.6,24,Sometimes,19,Passing time/boredom,7.2,13,5,6,4,7,1,6,1,Yes,No,No,Moderate
30,Female,Full-time employed,Asia,Instagram,8,2.2,62,Often,7,Entertainment,8.7,7,0,9,1,2,4,5,0,Yes,"Yes, succeeded",Yes,Good
30,Male,Full-time employed,Asia,Instagram,2,2.0,24,Sometimes,5,Connection with friends,7.4,5,5,6,1,7,8,6,2,Yes,"Yes, failed",Yes,Good
32,Male,Full-time employed,Europe,Facebook,2,6.0,71,Often,24,News/information,6.3,11,3,9,6,5,7,7,4,No,No,No,Moderate
28,Male,Self-employed,North America,Snapchat,6,0.7,5,Often,5,Connection with friends,7.1,5,8,7,1,6,3,3,5,Yes,No,No,Good
33,Male,Unemployed,Oceania,X/Twitter,2,1.0,11,Often,74,Connection with friends,8.0,11,5,8,6,5,3,5,4,No,"Yes, succeeded",No,Moderate
39,Male,Full-time employed,Europe,TikTok,4,2.3,30,Every night,7,Work/career,6.6,8,2,7,5,7,4,9,4,Yes,No,Yes,Good
33,Non-binary,Student,Europe,TikTok,1,4.9,123,Sometimes,11,Connection with friends,6.7,6,0,10,6,4,5,6,1,No,No,No,Good
27,Male,Full-time employed,Asia,Reddit,4,1.8,9,Sometimes,22,Work/career,7.9,11,3,6,3,7,10,5,4,No,"Yes, failed",No,Moderate
26,Female,Student,Asia,Reddit,5,2.2,39,Every night,8,Content creation,7.0,8,0,4,4,5,5,7,3,Yes,"Yes, succeeded",Considering it,Good
36,Female,Student,Latin America,Reddit,2,4.6,176,Sometimes,20,Passing time/boredom,8.0,11,3,5,6,6,1,5,3,No,No,No,Moderate
24,Female,Student,Oceania,Instagram,8,3.2,58,Every night,26,Entertainment,6.7,13,4,5,4,8,1,7,2,No,No,No,Moderate
28,Male,Student,Latin America,Facebook,3,6.5,38,Never,6,Content creation,7.4,18,7,8,4,6,6,7,4,Yes,"Yes, failed",Yes,At-risk
33,Female,Unemployed,Asia,YouTube,4,2.2,57,Sometimes,36,Passing time/boredom,7.8,13,0,5,4,7,1,3,5,Yes,"Yes, failed",Considering it,Moderate
34,Male,Student,Europe,TikTok,2,3.0,35,Never,26,Entertainment,7.4,10,4,10,6,5,1,5,4,No,No,Considering it,Moderate
53,Male,Student,Asia,YouTube,4,2.0,19,Sometimes,23,Content creation,7.5,7,0,6,5,8,9,7,4,Yes,"Yes, succeeded",Yes,Good
22,Non-binary,Full-time employed,Europe,YouTube,4,3.3,79,Every night,4,Connection with friends,5.8,19,1,10,6,6,3,5,5,No,No,No,At-risk
13,Female,Part-time employed,Europe,Instagram,3,1.2,9,Often,69,Entertainment,6.6,1,3,8,7,6,6,4,3,No,No,Considering it,Good
27,Female,Student,Africa,YouTube,3,5.4,191,Sometimes,3,Entertainment,7.0,16,3,6,4,4,6,10,3,Yes,No,Considering it,Moderate
37,Female,Student,Oceania,Snapchat,5,3.0,60,Never,11,Entertainment,7.9,7,3,9,4,4,5,9,5,No,No,No,Good
42,Male,Student,Asia,TikTok,5,2.6,14,Often,35,Work/career,7.1,12,2,9,3,4,6,5,1,No,"Yes, failed",No,Moderate
38,Female,Student,Asia,Snapchat,1,2.3,70,Every night,31,Content creation,6.9,11,2,7,5,7,2,6,5,Yes,No,Yes,Moderate
21,Female,Full-time employed,North America,Instagram,4,5.5,138,Never,9,Entertainment,8.0,22,6,8,6,8,7,5,4,No,"Yes, failed",Considering it,At-risk
37,Female,Student,North America,TikTok,4,2.0,42,Every night,6,Content creation,7.7,14,10,9,7,6,3,4,1,Yes,"Yes, failed",Yes,Moderate
26,Male,Full-time employed,Latin America,Snapchat,6,0.7,15,Often,6,Connection with friends,6.9,3,3,7,5,7,4,6,2,No,No,No,Good
35,Female,Student,Asia,TikTok,3,5.7,11,Often,27,News/information,7.6,8,0,6,2,8,5,5,4,No,No,No,Good
32,Male,Full-time employed,Europe,YouTube,4,0.7,11,Every night,50,News/information,6.0,12,0,7,6,5,6,1,4,No,"Yes, failed",No,Moderate
13,Female,Student,North America,Reddit,3,1.7,23,Often,48,Connection with friends,6.8,7,1,6,1,8,4,3,4,No,No,No,Good
16,Male,Student,Europe,Facebook,3,1.1,10,Every night,31,Connection with friends,5.8,15,0,6,1,10,4,3,5,No,"Yes, failed",Yes,Moderate
26,Female,Full-time employed,North America,Instagram,5,1.1,11,Often,8,Connection with friends,7.9,13,1,10,4,8,4,6,1,Yes,"Yes, succeeded",No,Moderate
31,Male,Student,Africa,Facebook,2,1.0,27,Often,16,Work/career,8.2,12,1,8,6,6,3,4,1,No,No,Yes,Moderate
23,Male,Student,Europe,Facebook,2,2.3,17,Never,3,Entertainment,7.9,12,7,7,5,5,4,7,3,Yes,"Yes, failed",No,Moderate
26,Non-binary,Full-time employed,North America,TikTok,2,2.1,87,Never,6,News/information,7.4,9,9,6,3,6,4,5,3,No,"Yes, failed",No,Good
32,Male,Student,Europe,YouTube,1,2.4,44,Often,3,Passing time/boredom,7.3,6,0,4,6,7,2,2,2,No,"Yes, succeeded",No,Good
31,Female,Full-time employed,Oceania,TikTok,4,1.8,48,Every night,21,Entertainment,6.4,7,3,9,1,8,4,1,3,No,No,Yes,Good
41,Male,Full-time employed,Oceania,TikTok,2,5.1,99,Often,23,Entertainment,6.6,12,4,8,7,5,5,6,4,No,"Yes, succeeded",No,Moderate
22,Male,Student,Oceania,X/Twitter,6,1.5,53,Every night,25,Work/career,5.3,8,3,8,2,7,3,7,3,No,No,No,Good
25,Male,Part-time employed,Asia,Instagram,3,3.2,16,Sometimes,11,Entertainment,8.2,3,0,6,6,8,6,7,3,No,"Yes, succeeded",No,Good
23,Male,Full-time employed,North America,Instagram,5,2.3,26,Never,25,Content creation,7.4,5,5,8,9,7,6,4,2,No,"Yes, succeeded",Considering it,Good
32,Female,Student,North America,Snapchat,4,2.5,31,Often,16,Passing time/boredom,7.1,8,0,7,2,2,4,3,3,No,No,Yes,Good
19,Female,Self-employed,Africa,Instagram,3,2.4,16,Never,26,Connection with friends,7.2,8,9,8,4,7,3,5,1,No,"Yes, failed",No,Good
13,Female,Self-employed,Asia,TikTok,3,4.5,130,Often,27,Passing time/boredom,7.0,13,1,6,6,7,7,4,4,No,"Yes, failed",No,Moderate
25,Male,Unemployed,North America,YouTube,2,2.5,9,Sometimes,14,Passing time/boredom,7.3,0,1,7,4,8,6,4,3,No,No,Yes,Good
18,Male,Full-time employed,North America,Facebook,4,2.3,33,Often,15,Entertainment,7.4,5,5,7,5,7,5,7,2,No,"Yes, failed",No,Good
33,Male,Full-time employed,Oceania,Instagram,2,1.8,26,Sometimes,3,Passing time/boredom,7.5,9,8,9,5,7,6,7,4,No,No,No,Good
38,Non-binary,Student,Latin America,LinkedIn,2,2.1,40,Never,6,News/information,6.5,7,1,7,6,6,3,6,1,No,"Yes, failed",Considering it,Good
13,Male,Student,Europe,Facebook,3,8.0,106,Often,36,Entertainment,6.1,17,1,6,6,5,9,6,1,No,No,No,At-risk
32,Non-binary,Part-time employed,Asia,Reddit,7,3.3,90,Sometimes,25,Connection with friends,6.9,8,5,7,6,3,3,5,3,No,"Yes, failed",Yes,Good
31,Male,Student,North America,Instagram,2,3.0,129,Often,18,Passing time/boredom,6.7,11,5,6,7,4,8,5,3,No,No,Considering it,Moderate
44,Female,Self-employed,Europe,Reddit,1,6.0,206,Sometimes,15,Entertainment,5.7,11,3,4,9,7,7,8,4,No,"Yes, failed",No,Moderate
38,Prefer not to say,Student,Europe,TikTok,4,5.5,42,Never,10,Content creation,7.4,15,6,8,5,9,6,7,2,Yes,No,Considering it,Moderate
13,Male,Full-time employed,Asia,TikTok,5,2.9,92,Never,24,Passing time/boredom,7.5,12,2,8,2,7,2,1,3,Yes,"Yes, failed",Considering it,Moderate
41,Male,Unemployed,Europe,X/Twitter,5,3.6,45,Never,34,Passing time/boredom,7.7,19,6,6,5,8,7,4,3,No,No,No,At-risk
45,Female,Part-time employed,North America,TikTok,5,3.4,17,Often,28,News/information,7.9,17,7,5,3,5,4,5,3,No,No,No,At-risk
23,Non-binary,Student,Europe,TikTok,8,2.6,74,Often,16,Connection with friends,7.0,18,0,8,3,9,4,5,4,No,"Yes, failed",No,At-risk
48,Male,Full-time employed,North America,X/Twitter,4,2.4,21,Never,8,News/information,8.5,9,6,10,2,5,7,3,3,No,No,No,Good
19,Female,Full-time employed,Europe,YouTube,2,2.5,56,Never,4,Passing time/boredom,6.5,14,9,9,5,8,4,7,3,No,"Yes, failed",Considering it,Moderate
29,Male,Student,Asia,Instagram,4,2.5,149,Every night,9,Entertainment,5.9,12,4,6,5,6,1,4,4,No,No,Considering it,Moderate
20,Female,Student,Latin America,YouTube,3,1.9,52,Sometimes,28,Passing time/boredom,7.0,10,10,8,8,7,1,2,3,Yes,"Yes, succeeded",Considering it,Moderate
47,Female,Unemployed,Latin America,Snapchat,2,1.9,46,Sometimes,18,Passing time/boredom,7.8,8,8,6,7,6,1,5,3,No,No,No,Good
41,Male,Student,Asia,X/Twitter,4,0.8,10,Every night,18,Passing time/boredom,6.5,15,2,7,6,9,4,5,2,No,No,No,Moderate
39,Male,Self-employed,Europe,Instagram,4,1.7,33,Often,30,Work/career,7.3,14,0,9,7,6,2,4,4,No,No,No,Moderate
29,Female,Full-time employed,North America,Instagram,4,2.2,56,Often,46,Connection with friends,6.9,9,5,8,2,6,4,5,3,Yes,No,No,Good
30,Male,Student,North America,TikTok,1,2.8,93,Often,29,Content creation,7.3,12,5,6,8,6,2,5,5,No,No,No,Moderate
38,Female,Student,Latin America,Snapchat,4,2.5,16,Every night,24,Entertainment,5.9,14,6,4,1,5,6,8,3,Yes,No,Considering it,Moderate
30,Non-binary,Self-employed,Asia,X/Twitter,2,2.6,84,Sometimes,22,Passing time/boredom,5.5,14,7,6,5,6,6,7,3,No,"Yes, failed",No,Moderate
34,Female,Student,North America,Instagram,4,2.2,5,Never,47,News/information,8.5,17,6,8,6,8,4,8,3,No,No,Yes,At-risk
37,Male,Retired,Asia,X/Twitter,1,1.7,27,Every night,11,Connection with friends,6.8,15,6,8,4,8,6,6,2,No,"Yes, succeeded",Considering it,Moderate
28,Female,Student,North America,YouTube,4,4.6,28,Sometimes,1,Entertainment,6.8,15,0,7,2,3,5,8,4,Yes,No,No,Moderate
34,Male,Unemployed,Asia,X/Twitter,2,6.7,182,Sometimes,45,News/information,6.1,15,0,8,5,4,7,8,2,No,No,No,Moderate
30,Female,Full-time employed,Europe,Instagram,3,3.7,99,Often,18,Content creation,7.0,11,1,6,1,8,4,6,5,Yes,"Yes, succeeded",No,Moderate
18,Female,Student,Asia,Instagram,7,2.9,32,Often,8,Entertainment,7.7,9,7,9,3,7,3,7,3,No,No,Yes,Good
50,Non-binary,Student,Asia,YouTube,4,2.0,92,Often,7,Work/career,6.3,12,5,7,8,6,7,1,1,Yes,No,No,Moderate
29,Male,Retired,Asia,Facebook,6,2.1,23,Often,36,Entertainment,6.5,12,0,8,5,5,4,2,4,No,No,Considering it,Moderate
29,Male,Full-time employed,Europe,Reddit,5,2.7,69,Every night,71,Work/career,7.7,12,3,10,7,5,4,1,2,No,"Yes, failed",No,Moderate
26,Female,Student,Asia,Reddit,4,2.5,20,Often,4,Entertainment,7.8,1,9,7,5,10,5,5,3,No,"Yes, failed",No,Good
21,Non-binary,Full-time employed,Oceania,Instagram,5,2.5,5,Often,38,Entertainment,8.0,2,2,7,4,8,5,6,4,No,No,No,Good
23,Male,Full-time employed,Africa,Instagram,3,0.6,11,Every night,11,Content creation,7.7,6,4,4,3,7,7,5,5,No,"Yes, failed",No,Good
44,Female,Part-time employed,Asia,TikTok,3,8.2,271,Sometimes,12,Passing time/boredom,5.1,17,0,4,6,7,8,4,3,No,"Yes, succeeded",No,At-risk
37,Male,Full-time employed,Asia,TikTok,4,4.2,40,Often,11,Entertainment,7.2,13,8,6,6,7,4,5,2,No,No,No,Moderate
31,Male,Full-time employed,North America,Facebook,7,3.6,103,Sometimes,23,News/information,7.1,13,2,7,2,6,6,5,4,No,"Yes, failed",Yes,Moderate
42,Male,Student,Asia,Instagram,2,4.1,36,Often,6,Passing time/boredom,7.2,13,5,10,5,8,7,5,2,No,No,Yes,Moderate
31,Female,Full-time employed,North America,YouTube,6,2.0,107,Every night,10,News/information,6.9,13,2,10,4,6,1,8,5,No,No,Considering it,Moderate
29,Male,Full-time employed,North America,YouTube,6,3.8,13,Often,20,Connection with friends,6.3,20,10,7,4,7,6,1,2,No,"Yes, failed",No,At-risk
35,Male,Full-time employed,Asia,TikTok,3,1.2,27,Sometimes,32,Passing time/boredom,6.7,13,5,9,5,7,6,3,3,No,"Yes, failed",No,Moderate
37,Female,Full-time employed,Europe,TikTok,2,4.8,63,Often,12,Entertainment,7.5,15,0,8,3,6,7,6,2,No,"Yes, succeeded",Considering it,Moderate
23,Male,Student,Asia,Instagram,5,3.2,188,Sometimes,12,Connection with friends,7.4,8,3,6,1,6,7,7,3,Yes,"Yes, succeeded",No,Good
22,Male,Self-employed,Latin America,Snapchat,3,5.5,186,Sometimes,34,Passing time/boredom,6.7,13,0,5,5,6,4,8,1,No,No,No,Moderate
37,Male,Self-employed,Europe,YouTube,3,5.7,126,Every night,2,Content creation,7.2,15,0,8,5,4,8,7,5,No,"Yes, failed",No,Moderate
48,Non-binary,Unemployed,Europe,YouTube,6,3.1,55,Never,23,Entertainment,8.1,12,1,9,2,5,2,7,1,No,"Yes, failed",No,Moderate
31,Male,Unemployed,Europe,Instagram,2,2.6,25,Every night,3,Connection with friends,6.6,10,9,7,6,6,4,2,3,No,No,No,Moderate
18,Male,Student,Europe,Snapchat,3,2.9,24,Every night,28,Entertainment,7.0,4,1,7,2,5,1,7,4,Yes,"Yes, failed",No,Good
37,Female,Self-employed,North America,Instagram,2,10.6,131,Never,17,Connection with friends,4.5,20,1,6,9,1,8,8,2,No,"Yes, failed",No,At-risk
29,Male,Student,North America,LinkedIn,4,4.3,90,Never,13,Work/career,7.9,12,8,8,4,9,6,5,1,No,"Yes, failed",Considering it,Moderate
28,Male,Retired,Asia,TikTok,4,4.7,132,Often,5,Entertainment,6.1,12,0,8,5,7,4,8,5,No,"Yes, succeeded",No,Moderate
13,Male,Part-time employed,Europe,TikTok,3,3.2,21,Never,14,Connection with friends,7.7,14,3,8,3,5,3,2,2,No,"Yes, failed",Yes,Moderate
49,Male,Self-employed,Latin America,Facebook,3,4.0,31,Sometimes,3,Content creation,8.1,11,2,8,7,5,6,7,2,No,"Yes, failed",No,Moderate
34,Female,Student,Oceania,X/Twitter,3,5.2,90,Every night,13,News/information,4.9,20,6,5,7,6,6,6,3,No,"Yes, failed",No,At-risk
17,Female,Part-time employed,Asia,Instagram,7,5.4,118,Often,12,Connection with friends,7.0,14,5,8,4,4,7,5,4,No,"Yes, failed",Yes,Moderate
13,Male,Full-time employed,North America,Instagram,3,1.7,11,Never,21,Entertainment,7.4,7,5,9,1,7,1,3,2,No,"Yes, succeeded",No,Good
43,Female,Retired,North America,YouTube,7,3.9,66,Sometimes,16,Entertainment,6.2,10,0,7,5,10,6,3,2,Yes,"Yes, failed",No,Moderate
21,Female,Part-time employed,Europe,Snapchat,7,3.0,34,Never,103,Content creation,8.4,3,9,8,3,7,4,3,2,No,"Yes, failed",Considering it,Good
17,Male,Student,Asia,TikTok,2,3.8,19,Never,19,Entertainment,5.7,4,4,7,7,6,8,8,3,Yes,No,No,Good
14,Female,Part-time employed,North America,Reddit,5,0.3,5,Every night,10,Content creation,7.1,11,5,5,5,6,7,3,3,No,"Yes, succeeded",Considering it,Moderate
20,Female,Student,Asia,TikTok,2,2.2,19,Every night,13,Entertainment,6.7,16,4,6,6,5,4,6,3,Yes,"Yes, succeeded",Yes,Moderate
31,Male,Student,Africa,TikTok,3,3.3,118,Sometimes,13,Entertainment,5.5,14,1,7,4,8,8,4,3,No,"Yes, succeeded",Yes,Moderate
35,Female,Student,North America,Instagram,7,4.0,135,Every night,25,Work/career,5.7,15,0,6,4,7,5,6,4,No,"Yes, failed",No,Moderate
34,Female,Full-time employed,North America,X/Twitter,7,3.6,79,Sometimes,31,Entertainment,6.9,6,6,8,3,8,2,5,3,No,No,No,Good
33,Female,Student,Latin America,Instagram,3,1.5,60,Sometimes,32,Passing time/boredom,8.0,5,3,8,2,8,4,4,3,No,No,No,Good
25,Male,Student,Latin America,YouTube,1,4.9,79,Sometimes,17,Entertainment,7.3,9,0,9,6,7,5,4,2,Yes,"Yes, failed",Yes,Good
32,Male,Student,Oceania,Instagram,8,3.6,53,Sometimes,25,Entertainment,6.9,12,4,7,4,8,5,5,2,No,No,No,Moderate
25,Male,Full-time employed,Asia,Reddit,4,2.6,37,Often,18,Entertainment,6.5,12,7,8,5,8,3,2,2,No,No,No,Moderate
46,Female,Student,Asia,Snapchat,2,1.9,13,Often,23,Entertainment,7.4,6,6,8,3,5,3,4,3,No,"Yes, failed",Considering it,Good
24,Female,Student,Asia,YouTube,3,1.2,12,Never,22,News/information,7.8,9,9,7,2,8,5,3,3,No,No,Considering it,Good
35,Male,Retired,Asia,TikTok,1,7.3,93,Never,38,News/information,7.0,13,0,5,8,6,4,8,3,Yes,"Yes, succeeded",Considering it,Moderate
16,Female,Retired,Africa,Instagram,4,1.9,38,Often,9,Passing time/boredom,7.5,7,7,6,4,10,3,5,3,No,No,Considering it,Good
38,Female,Student,Europe,Snapchat,3,2.4,17,Often,4,Work/career,7.3,14,1,8,6,5,8,2,2,Yes,"Yes, failed",No,Moderate
31,Female,Student,Asia,YouTube,2,1.1,17,Sometimes,4,Connection with friends,7.6,5,0,9,6,7,2,6,5,No,"Yes, failed",No,Good
33,Female,Full-time employed,Oceania,Instagram,5,4.9,163,Often,48,Entertainment,6.4,15,0,7,9,5,6,6,1,No,No,Considering it,Moderate
35,Female,Self-employed,Africa,Instagram,7,2.9,32,Often,10,Entertainment,7.0,12,7,7,1,9,1,7,3,No,No,Yes,Moderate
32,Female,Student,Europe,LinkedIn,3,3.2,72,Every night,31,Connection with friends,6.0,17,1,6,6,4,4,7,2,Yes,"Yes, failed",Considering it,At-risk
34,Female,Retired,Asia,Facebook,1,0.8,6,Often,26,Connection with friends,7.0,6,3,10,6,6,1,5,3,No,No,No,Good
35,Female,Self-employed,Europe,Facebook,3,4.1,57,Often,14,Work/career,7.0,15,8,8,4,6,6,10,6,Yes,No,Yes,Moderate
22,Female,Unemployed,North America,TikTok,3,2.3,64,Often,33,Connection with friends,5.8,10,0,9,9,6,6,4,4,Yes,"Yes, failed",Considering it,Moderate
34,Female,Retired,Asia,YouTube,4,2.5,20,Every night,20,Passing time/boredom,6.1,16,2,8,6,5,4,5,4,No,"Yes, failed",No,Moderate
31,Non-binary,Full-time employed,North America,Instagram,4,0.8,10,Sometimes,10,Connection with friends,7.2,13,2,8,1,10,5,3,3,No,No,No,Moderate
17,Female,Part-time employed,North America,Instagram,3,7.0,84,Every night,8,News/information,5.1,15,0,6,6,3,10,8,2,No,"Yes, failed",No,Moderate
46,Female,Full-time employed,Europe,Snapchat,3,1.8,34,Sometimes,18,Connection with friends,6.7,10,11,6,4,6,2,3,3,No,"Yes, succeeded",Considering it,Moderate
30,Male,Full-time employed,North America,Facebook,3,4.5,52,Sometimes,31,Entertainment,6.3,10,0,7,3,5,5,9,4,Yes,"Yes, succeeded",No,Moderate
33,Female,Part-time employed,Latin America,TikTok,3,7.0,64,Sometimes,15,Connection with friends,7.1,24,2,5,4,4,6,4,3,No,"Yes, succeeded",No,At-risk
26,Prefer not to say,Student,North America,TikTok,2,5.6,54,Sometimes,18,Connection with friends,7.2,20,0,6,7,6,6,6,3,No,"Yes, succeeded",No,At-risk
31,Female,Full-time employed,Asia,TikTok,7,3.7,116,Sometimes,12,News/information,5.8,6,5,7,2,6,1,5,2,No,"Yes, failed",No,Good
34,Male,Student,Latin America,Instagram,1,2.3,40,Every night,16,News/information,6.7,6,0,7,4,9,5,3,4,Yes,"Yes, failed",Considering it,Good
33,Female,Student,North America,Facebook,3,6.7,77,Sometimes,26,Passing time/boredom,7.4,20,3,5,9,7,4,7,3,No,"Yes, failed",No,At-risk
38,Prefer not to say,Full-time employed,Europe,TikTok,2,2.9,38,Often,7,Work/career,6.0,14,2,8,6,5,5,4,3,No,No,No,Moderate
13,Male,Student,Asia,TikTok,2,7.8,266,Often,20,Content creation,5.1,10,0,5,7,4,9,7,2,No,No,Considering it,Moderate
49,Male,Student,Asia,Instagram,2,1.7,29,Often,6,Work/career,6.7,11,2,7,2,7,6,1,4,Yes,No,No,Moderate
40,Male,Full-time employed,Asia,Instagram,5,1.6,63,Often,35,News/information,7.3,13,4,8,3,9,7,7,2,No,No,No,Moderate
30,Male,Student,Asia,YouTube,4,2.2,40,Never,19,Entertainment,8.4,3,5,10,3,7,4,4,1,Yes,No,No,Good
27,Female,Unemployed,Oceania,TikTok,2,4.7,61,Often,25,Entertainment,5.7,17,0,5,5,5,7,3,2,No,"Yes, succeeded",No,At-risk
22,Male,Full-time employed,Europe,TikTok,3,2.9,16,Often,23,Entertainment,6.5,13,1,6,2,3,4,8,5,No,"Yes, failed",Considering it,Moderate
14,Male,Self-employed,Europe,Instagram,4,1.9,26,Sometimes,8,Entertainment,7.1,7,0,6,4,3,2,3,3,No,No,Considering it,Good
36,Female,Retired,Asia,LinkedIn,8,5.0,146,Never,26,Connection with friends,6.0,12,1,6,4,5,4,5,4,No,No,Yes,Moderate
45,Female,Student,Asia,Instagram,3,3.5,105,Often,14,Passing time/boredom,6.3,5,2,5,6,8,2,3,3,No,No,No,Good
23,Female,Student,North America,LinkedIn,1,1.9,22,Never,21,News/information,7.7,1,14,7,5,6,4,3,0,Yes,"Yes, succeeded",Yes,Moderate
33,Male,Student,North America,Snapchat,1,4.2,32,Every night,17,Passing time/boredom,6.1,19,0,3,10,5,4,6,4,No,"Yes, failed",Considering it,At-risk
13,Male,Student,North America,TikTok,3,4.6,58,Never,30,Entertainment,8.2,12,0,9,6,7,4,8,3,No,No,Considering it,Moderate
21,Male,Full-time employed,Asia,YouTube,1,2.4,46,Sometimes,23,Connection with friends,8.0,7,7,7,9,8,6,3,0,No,"Yes, failed",No,Good
29,Male,Student,North America,TikTok,7,2.3,33,Every night,45,Entertainment,6.1,10,1,6,4,7,2,8,2,No,"Yes, succeeded",Considering it,Moderate
20,Male,Full-time employed,North America,Snapchat,1,1.4,35,Sometimes,45,News/information,7.0,6,7,9,2,6,2,7,2,Yes,No,No,Good
38,Male,Self-employed,Asia,Facebook,3,2.8,29,Often,8,Entertainment,7.4,6,0,9,5,3,5,8,1,Yes,No,No,Good
29,Female,Student,Asia,X/Twitter,4,1.1,19,Sometimes,9,Entertainment,8.1,4,8,7,4,6,3,5,3,Yes,"Yes, failed",Considering it,Good
15,Male,Self-employed,North America,Facebook,1,2.7,63,Every night,24,Passing time/boredom,6.4,13,5,9,6,7,3,5,3,Yes,"Yes, failed",No,Moderate
44,Female,Student,Europe,Instagram,1,1.5,5,Often,4,Entertainment,7.2,4,8,6,5,7,2,5,4,No,"Yes, failed",Considering it,Good
13,Female,Full-time employed,Asia,X/Twitter,4,1.4,25,Often,13,Content creation,8.3,14,17,6,4,7,4,10,4,Yes,No,Yes,At-risk
43,Female,Part-time employed,Europe,Instagram,2,2.6,5,Sometimes,33,News/information,8.5,13,9,9,3,7,1,7,2,Yes,No,No,Moderate
40,Female,Student,Asia,Instagram,6,3.4,20,Sometimes,16,News/information,6.6,14,6,5,2,8,7,7,3,No,No,Yes,Moderate
37,Male,Part-time employed,Europe,Instagram,2,2.3,45,Often,10,Connection with friends,8.2,4,8,9,5,6,4,1,2,No,"Yes, failed",Yes,Good
45,Male,Unemployed,North America,Facebook,3,4.8,75,Every night,13,Entertainment,7.4,18,7,6,7,6,7,5,0,No,"Yes, succeeded",No,At-risk
17,Female,Self-employed,Europe,Snapchat,7,0.6,10,Every night,30,News/information,7.1,8,0,5,3,6,6,6,2,No,"Yes, succeeded",No,Good
27,Male,Retired,North America,TikTok,2,2.3,46,Every night,30,Connection with friends,7.7,9,3,6,3,7,7,6,4,Yes,"Yes, failed",No,Good
36,Non-binary,Student,North America,Instagram,2,1.1,11,Often,43,Entertainment,7.2,2,0,8,2,6,2,3,1,No,No,Yes,Good
33,Non-binary,Full-time employed,North America,TikTok,1,8.3,271,Never,7,Entertainment,5.9,11,0,5,6,5,7,9,4,No,"Yes, failed",No,Moderate
46,Female,Student,Asia,X/Twitter,5,1.6,34,Every night,51,Connection with friends,7.6,15,10,8,3,4,4,6,4,No,"Yes, succeeded",No,Moderate
36,Male,Full-time employed,Asia,TikTok,6,2.6,42,Often,12,Content creation,6.8,7,8,7,3,6,5,7,4,No,"Yes, succeeded",No,Good
22,Female,Student,Africa,Reddit,3,6.2,63,Every night,21,News/information,6.4,20,0,10,4,3,4,5,3,No,"Yes, failed",No,At-risk
19,Female,Retired,Asia,Facebook,1,2.5,61,Often,18,Work/career,6.0,11,1,4,4,7,7,5,2,No,No,No,Moderate
37,Female,Full-time employed,Europe,Facebook,3,3.1,38,Sometimes,10,Connection with friends,6.4,7,0,7,4,5,1,4,4,Yes,No,No,Good
21,Female,Part-time employed,Asia,TikTok,2,4.5,18,Sometimes,10,Passing time/boredom,6.5,11,11,7,5,5,8,5,4,No,"Yes, succeeded",Yes,Moderate
29,Female,Student,North America,Instagram,2,1.0,5,Never,38,Content creation,8.2,7,6,8,1,7,5,3,2,No,"Yes, failed",Yes,Good
18,Non-binary,Student,Europe,TikTok,5,6.5,206,Every night,16,Connection with friends,5.3,19,1,5,5,6,8,4,0,No,No,No,At-risk
36,Male,Student,Europe,Instagram,1,5.8,109,Never,18,Connection with friends,6.4,11,4,7,3,2,8,9,4,No,"Yes, failed",No,Moderate
35,Male,Full-time employed,Europe,Instagram,4,0.5,10,Never,9,Connection with friends,6.6,6,3,7,1,7,4,4,2,No,"Yes, succeeded",Yes,Good
13,Male,Retired,Asia,YouTube,1,1.5,109,Never,9,Entertainment,8.9,4,3,9,6,4,5,7,2,No,No,No,Good
23,Male,Full-time employed,Asia,Reddit,4,1.3,12,Sometimes,17,Connection with friends,7.5,8,11,8,3,7,2,2,4,No,"Yes, failed",Yes,Moderate
26,Female,Unemployed,Europe,Reddit,2,2.1,26,Often,13,Passing time/boredom,8.2,9,7,10,4,7,2,4,4,Yes,"Yes, failed",Yes,Good
26,Male,Full-time employed,Asia,Facebook,1,5.5,64,Often,18,Passing time/boredom,6.8,12,5,7,6,7,7,8,1,Yes,"Yes, failed",No,Moderate
27,Female,Student,Asia,YouTube,4,4.4,160,Never,26,News/information,8.0,14,2,6,5,5,10,4,3,Yes,"Yes, failed",No,Moderate
27,Male,Student,Europe,Instagram,5,4.3,250,Every night,19,Entertainment,6.6,15,0,7,4,6,6,6,3,No,"Yes, failed",Yes,Moderate
19,Male,Full-time employed,North America,TikTok,1,1.1,31,Often,11,News/information,7.2,11,10,8,4,8,6,3,4,No,No,No,Moderate
34,Male,Self-employed,Africa,Reddit,6,1.9,13,Sometimes,10,Connection with friends,7.9,4,4,8,3,8,5,5,5,Yes,No,Considering it,Good
21,Male,Student,Europe,Instagram,4,2.1,25,Often,15,Content creation,7.9,3,1,9,2,6,3,7,2,No,"Yes, succeeded",No,Good
13,Male,Part-time employed,Asia,YouTube,4,2.8,21,Sometimes,7,News/information,7.5,13,12,8,2,7,3,7,4,No,"Yes, failed",Yes,Moderate
23,Male,Student,North America,Instagram,5,2.1,57,Every night,8,Entertainment,6.6,18,0,8,4,5,10,4,2,Yes,No,Considering it,At-risk
30,Male,Full-time employed,Africa,Snapchat,1,2.2,5,Sometimes,9,Connection with friends,7.5,5,9,9,6,5,5,5,3,Yes,"Yes, succeeded",Considering it,Good
36,Male,Full-time employed,Europe,LinkedIn,4,1.0,40,Sometimes,5,Entertainment,7.7,5,1,9,5,7,5,8,2,No,No,No,Good
16,Female,Student,North America,YouTube,5,1.2,22,Often,26,Passing time/boredom,8.1,11,0,6,3,6,7,10,0,No,"Yes, failed",Yes,Moderate
31,Female,Full-time employed,North America,Facebook,1,1.9,43,Every night,5,Content creation,7.5,9,4,9,1,6,3,5,3,No,"Yes, succeeded",No,Good
26,Female,Student,Africa,Facebook,4,3.0,85,Every night,11,Connection with friends,7.1,12,0,6,8,5,4,3,3,No,No,No,Moderate
44,Female,Part-time employed,Asia,TikTok,2,1.3,10,Every night,8,Entertainment,6.0,4,0,6,1,5,5,7,2,No,No,No,Good
28,Male,Student,Europe,Instagram,8,3.7,72,Never,11,Passing time/boredom,7.4,11,6,8,3,8,2,8,2,Yes,No,No,Moderate
31,Female,Student,Latin America,YouTube,5,4.8,160,Every night,7,Work/career,5.1,25,0,5,4,5,2,7,3,No,"Yes, failed",No,At-risk
47,Non-binary,Student,Europe,TikTok,2,4.0,61,Never,9,Passing time/boredom,6.9,15,5,7,7,7,3,1,5,Yes,"Yes, failed",Yes,Moderate
20,Male,Full-time employed,Oceania,TikTok,6,2.3,24,Sometimes,6,Entertainment,7.5,10,2,5,7,8,6,6,3,Yes,No,No,Moderate
13,Male,Retired,Oceania,Snapchat,2,4.7,31,Never,11,Content creation,7.9,13,0,4,2,7,4,5,3,No,No,No,Moderate
13,Non-binary,Student,Latin America,LinkedIn,5,8.9,183,Every night,37,Passing time/boredom,4.7,23,0,6,5,7,4,5,2,No,"Yes, failed",No,At-risk
13,Female,Full-time employed,Europe,YouTube,7,1.4,61,Often,36,Passing time/boredom,6.3,9,10,6,8,7,2,7,2,Yes,"Yes, failed",No,Moderate
22,Female,Student,Europe,Reddit,5,5.0,210,Sometimes,24,Connection with friends,6.5,20,0,8,3,7,8,5,4,No,No,No,At-risk
15,Male,Full-time employed,North America,Instagram,1,1.4,20,Sometimes,4,Content creation,8.2,8,4,10,6,6,4,3,4,No,No,Considering it,Good
39,Female,Student,Asia,Snapchat,8,2.4,36,Sometimes,10,Entertainment,8.2,11,5,9,3,8,5,5,1,No,No,Yes,Moderate
29,Female,Part-time employed,Asia,Instagram,5,1.3,52,Every night,25,Connection with friends,6.8,14,2,9,3,6,6,3,4,No,"Yes, failed",No,Moderate
30,Male,Full-time employed,North America,TikTok,6,4.5,48,Often,3,Work/career,6.3,4,3,8,7,6,6,2,0,Yes,"Yes, failed",Considering it,Good
29,Male,Full-time employed,Asia,Instagram,5,3.3,34,Sometimes,19,Passing time/boredom,7.0,7,0,6,2,5,5,9,5,No,"Yes, failed",No,Good
13,Female,Full-time employed,Latin America,TikTok,3,2.4,10,Often,14,Passing time/boredom,6.5,9,0,7,3,8,3,4,2,No,"Yes, succeeded",Considering it,Good
58,Female,Full-time employed,North America,YouTube,4,4.2,41,Never,39,Connection with friends,8.0,13,5,7,3,6,6,7,2,No,No,No,Moderate
41,Male,Student,Asia,Reddit,3,5.8,124,Sometimes,12,Work/career,6.7,7,0,5,4,5,8,8,2,No,"Yes, succeeded",No,Good
41,Male,Full-time employed,Europe,Facebook,4,4.5,110,Every night,36,Passing time/boredom,5.7,16,0,8,5,1,5,4,2,No,"Yes, failed",No,Moderate
28,Male,Unemployed,Asia,X/Twitter,6,4.9,175,Every night,7,Entertainment,6.6,13,9,4,3,4,3,5,1,No,No,Considering it,Moderate
19,Female,Full-time employed,North America,YouTube,5,0.7,13,Sometimes,26,Content creation,8.3,10,4,7,3,5,3,8,1,No,No,Yes,Moderate
18,Female,Full-time employed,Europe,Instagram,2,2.4,62,Sometimes,12,Content creation,6.4,11,1,6,8,6,5,5,2,No,No,Yes,Moderate
46,Male,Student,Europe,X/Twitter,2,3.9,64,Often,23,Entertainment,7.7,13,0,6,8,9,3,7,5,Yes,"Yes, succeeded",No,Moderate
40,Non-binary,Unemployed,Oceania,Instagram,3,4.3,38,Often,15,News/information,6.1,12,0,7,7,7,2,4,3,No,No,No,Moderate
31,Prefer not to say,Student,Asia,YouTube,2,2.8,73,Sometimes,37,Connection with friends,6.9,13,14,5,6,8,6,3,1,Yes,"Yes, failed",Considering it,Moderate
21,Non-binary,Part-time employed,Latin America,Snapchat,7,3.5,13,Often,5,Connection with friends,6.2,7,3,5,4,4,7,5,3,Yes,No,Considering it,Good
32,Male,Full-time employed,North America,TikTok,7,1.0,25,Sometimes,14,Entertainment,7.0,12,10,6,1,9,2,2,3,No,"Yes, succeeded",No,Moderate
34,Male,Student,North America,TikTok,8,5.2,81,Every night,21,Work/career,6.7,15,0,7,4,4,4,3,3,No,No,Yes,Moderate
21,Male,Student,Latin America,X/Twitter,2,6.5,29,Often,38,Connection with friends,5.8,14,0,7,7,4,4,6,2,Yes,No,No,Moderate
23,Female,Student,North America,YouTube,1,0.9,7,Every night,8,Connection with friends,6.4,15,8,7,1,8,1,3,5,Yes,"Yes, failed",No,Moderate
23,Female,Full-time employed,Asia,Instagram,1,1.8,72,Sometimes,21,Entertainment,8.1,8,0,8,3,6,4,4,1,Yes,No,No,Good
23,Prefer not to say,Full-time employed,Asia,TikTok,5,3.6,126,Sometimes,14,Connection with friends,6.3,16,0,7,4,5,3,8,4,No,No,Considering it,Moderate
14,Male,Full-time employed,North America,X/Twitter,4,1.8,8,Every night,3,Work/career,5.9,11,3,10,6,6,1,7,3,No,No,Yes,Moderate
16,Female,Part-time employed,Europe,Instagram,8,4.1,96,Often,20,News/information,6.9,18,0,7,7,8,7,3,6,No,"Yes, failed",No,At-risk
47,Male,Student,North America,YouTube,5,4.0,15,Never,12,Connection with friends,6.6,16,2,7,7,4,6,3,5,No,"Yes, failed",No,Moderate
40,Female,Self-employed,Europe,Instagram,3,1.7,34,Every night,12,Entertainment,6.4,8,9,5,7,8,5,8,2,No,"Yes, failed",No,Good
30,Female,Full-time employed,Asia,TikTok,8,2.3,88,Sometimes,14,Entertainment,6.9,2,3,7,3,10,1,6,2,No,No,No,Good
25,Female,Unemployed,North America,YouTube,3,2.8,63,Every night,16,Entertainment,6.2,11,0,8,4,7,5,3,3,Yes,No,No,Moderate
22,Female,Full-time employed,Europe,YouTube,4,1.6,6,Every night,29,News/information,7.6,14,3,9,9,7,4,6,3,No,No,No,Moderate
15,Male,Full-time employed,Asia,YouTube,4,1.1,17,Often,7,Content creation,6.8,7,4,8,4,7,2,8,2,Yes,No,Yes,Good
32,Male,Unemployed,Europe,YouTube,6,3.8,17,Never,4,Passing time/boredom,7.9,8,6,10,5,7,2,7,3,No,"Yes, succeeded",No,Good
19,Female,Self-employed,Oceania,TikTok,4,5.5,130,Sometimes,16,News/information,5.6,11,0,6,4,7,4,6,2,No,No,No,Moderate
37,Male,Self-employed,Latin America,LinkedIn,7,3.6,53,Every night,5,Work/career,5.9,16,0,7,3,7,5,3,2,No,No,No,Moderate
13,Female,Full-time employed,Europe,Snapchat,3,4.1,61,Often,24,Passing time/boredom,7.1,13,1,7,8,4,5,5,4,No,No,Considering it,Moderate
29,Male,Student,Oceania,TikTok,3,4.0,77,Often,39,Passing time/boredom,7.2,9,3,6,5,6,9,4,2,No,"Yes, succeeded",No,Good
26,Female,Student,Asia,Instagram,4,2.3,61,Never,33,Content creation,7.0,9,3,8,7,5,4,3,3,Yes,No,Considering it,Good
20,Female,Student,Latin America,X/Twitter,5,2.8,84,Never,35,Connection with friends,7.0,8,5,9,4,6,3,4,3,No,"Yes, failed",No,Good
31,Female,Unemployed,North America,TikTok,3,1.9,54,Sometimes,17,Passing time/boredom,7.3,7,5,9,7,7,5,3,1,No,"Yes, succeeded",No,Good
31,Male,Full-time employed,North America,Facebook,1,3.5,101,Sometimes,30,Connection with friends,8.5,12,0,8,3,5,3,6,5,Yes,"Yes, failed",No,Moderate
57,Male,Full-time employed,North America,TikTok,5,0.4,8,Every night,25,Entertainment,7.2,15,6,9,1,7,1,3,5,Yes,No,No,Moderate
25,Male,Retired,Latin America,Snapchat,7,8.8,141,Sometimes,8,Passing time/boredom,4.9,21,0,4,3,4,6,6,4,No,No,Considering it,At-risk
44,Male,Unemployed,Europe,YouTube,1,3.7,77,Every night,30,Connection with friends,6.9,8,8,5,5,4,5,5,1,No,No,No,Good
25,Female,Full-time employed,Asia,Instagram,5,6.6,90,Often,28,Connection with friends,7.1,19,8,8,4,6,7,1,3,Yes,"Yes, failed",No,At-risk
27,Female,Full-time employed,Asia,Reddit,3,3.7,95,Sometimes,2,Content creation,6.5,7,0,8,3,4,4,7,5,No,No,Yes,Good
31,Male,Student,Asia,Reddit,3,1.5,7,Every night,3,Entertainment,6.6,7,2,8,3,2,7,4,3,No,"Yes, failed",No,Good
31,Female,Student,Europe,Instagram,6,1.3,46,Sometimes,10,News/information,7.6,9,6,4,1,5,2,2,4,Yes,No,No,Good
22,Female,Full-time employed,Latin America,Reddit,4,3.5,92,Often,38,Work/career,6.4,17,8,10,7,7,2,1,3,Yes,"Yes, failed",Yes,At-risk
29,Female,Student,Asia,YouTube,2,3.9,65,Sometimes,12,Passing time/boredom,7.8,13,6,7,4,7,6,8,3,No,No,No,Moderate
27,Female,Student,North America,LinkedIn,6,5.0,5,Sometimes,22,Content creation,6.2,13,8,6,6,7,7,7,1,Yes,"Yes, succeeded",Considering it,Moderate
55,Male,Student,Oceania,YouTube,6,0.9,8,Often,37,Entertainment,6.3,6,11,6,6,6,6,2,4,Yes,No,No,Moderate
27,Female,Part-time employed,Asia,Snapchat,5,2.0,22,Never,24,Connection with friends,8.6,7,10,8,2,8,3,4,2,Yes,"Yes, failed",Yes,Moderate
22,Prefer not to say,Full-time employed,North America,Snapchat,3,5.3,116,Never,6,Content creation,8.6,12,2,6,10,5,2,4,3,No,No,Yes,Moderate
32,Male,Unemployed,North America,TikTok,6,4.1,43,Often,23,News/information,7.8,13,0,8,4,3,5,5,4,Yes,"Yes, failed",No,Moderate
50,Male,Student,North America,TikTok,4,1.0,5,Sometimes,42,Entertainment,7.3,7,0,10,2,6,6,6,3,Yes,No,No,Good
26,Male,Student,Latin America,Instagram,4,2.2,35,Sometimes,2,Entertainment,7.9,16,1,10,4,6,1,2,4,Yes,No,Considering it,Moderate
31,Prefer not to say,Student,North America,TikTok,4,2.0,77,Often,12,Passing time/boredom,6.9,7,1,7,1,5,1,5,2,Yes,No,Yes,Good
16,Female,Retired,Africa,X/Twitter,2,3.3,83,Every night,28,Connection with friends,6.9,15,0,8,3,9,4,5,2,No,No,Considering it,Moderate
38,Female,Student,Asia,YouTube,7,3.4,114,Sometimes,82,News/information,7.9,16,1,8,2,4,8,7,3,No,"Yes, succeeded",No,Moderate
37,Male,Full-time employed,Africa,Instagram,3,1.8,47,Sometimes,22,Work/career,7.7,12,6,6,5,4,4,6,5,Yes,No,No,Moderate
42,Female,Part-time employed,Europe,Instagram,6,2.7,7,Often,11,News/information,6.4,6,9,7,3,6,5,2,2,No,"Yes, succeeded",Yes,Good
36,Male,Student,North America,Snapchat,2,9.4,113,Often,16,Connection with friends,5.5,14,0,5,4,3,5,8,2,No,"Yes, succeeded",No,Moderate
44,Male,Student,Europe,Instagram,2,2.4,29,Sometimes,18,Connection with friends,6.9,13,3,8,8,5,2,9,3,Yes,No,No,Moderate
42,Male,Full-time employed,Asia,TikTok,5,7.9,94,Never,11,Entertainment,6.6,10,3,7,6,4,6,10,2,No,"Yes, succeeded",No,Moderate
26,Female,Full-time employed,Latin America,Instagram,2,1.9,8,Every night,24,Entertainment,7.5,5,4,8,5,6,6,4,3,Yes,"Yes, failed",Yes,Good
34,Female,Retired,Africa,Instagram,3,5.4,79,Every night,18,Passing time/boredom,6.7,20,5,6,6,5,6,3,3,Yes,No,No,At-risk
22,Female,Full-time employed,Asia,YouTube,3,2.2,62,Sometimes,24,Work/career,8.1,15,8,8,5,7,5,4,1,No,No,No,Moderate
56,Female,Part-time employed,Asia,Instagram,2,2.5,40,Every night,35,News/information,8.1,10,3,5,4,7,5,5,4,No,No,No,Moderate
23,Male,Student,Asia,YouTube,4,1.2,21,Sometimes,25,Connection with friends,7.2,0,4,7,6,6,5,3,5,No,"Yes, failed",Considering it,Good
22,Female,Student,Asia,YouTube,3,6.0,74,Sometimes,29,Connection with friends,6.4,10,0,8,5,4,6,10,2,No,No,No,Moderate
30,Male,Student,Asia,X/Twitter,2,2.8,30,Never,64,Entertainment,7.0,11,15,9,8,4,4,8,3,No,No,Yes,Moderate
42,Male,Student,Europe,Reddit,3,2.1,15,Sometimes,4,Content creation,8.0,14,6,8,5,8,1,6,3,No,"Yes, succeeded",Considering it,Moderate
19,Female,Full-time employed,North America,Snapchat,4,1.1,45,Often,5,News/information,6.6,8,0,9,2,7,6,4,2,Yes,"Yes, failed",Yes,Good
22,Female,Student,Europe,Instagram,2,5.2,212,Every night,35,Work/career,6.0,21,3,7,10,6,2,9,2,No,"Yes, failed",No,At-risk
23,Male,Student,Europe,X/Twitter,1,2.8,91,Never,45,Content creation,7.2,4,0,7,5,5,3,3,2,No,"Yes, succeeded",No,Good
47,Male,Student,Asia,Instagram,5,2.8,28,Every night,14,Entertainment,7.1,9,2,6,4,6,4,6,2,No,No,No,Good
31,Male,Student,Latin America,X/Twitter,3,6.8,41,Every night,10,Connection with friends,6.0,14,4,2,4,6,7,9,2,Yes,No,Considering it,Moderate
30,Male,Self-employed,Europe,TikTok,2,4.9,150,Sometimes,18,Connection with friends,5.9,8,11,5,6,7,5,6,1,No,"Yes, failed",No,Moderate
27,Male,Student,Asia,YouTube,5,3.5,67,Sometimes,31,Connection with friends,7.6,2,0,6,3,4,5,3,2,Yes,"Yes, failed",No,Good
54,Female,Student,Africa,YouTube,4,5.7,102,Often,3,Entertainment,6.3,18,0,7,8,6,6,10,3,No,No,No,At-risk
20,Female,Student,Oceania,Instagram,4,5.4,221,Every night,12,Entertainment,5.5,9,4,7,9,3,4,5,2,No,"Yes, failed",No,Good
40,Female,Full-time employed,Europe,LinkedIn,1,6.8,109,Often,10,Passing time/boredom,5.8,16,0,4,7,4,8,6,2,Yes,"Yes, succeeded",No,Moderate
38,Female,Student,Europe,TikTok,3,6.2,111,Every night,3,News/information,6.7,16,0,5,10,3,9,4,2,No,"Yes, succeeded",Considering it,Moderate
22,Male,Student,North America,Facebook,4,1.1,13,Every night,5,Entertainment,6.0,6,3,8,6,7,9,4,2,No,"Yes, failed",Yes,Good
37,Female,Part-time employed,North America,TikTok,2,0.9,30,Often,23,Entertainment,6.9,8,6,10,6,6,1,6,3,Yes,"Yes, failed",Considering it,Good
39,Male,Student,North America,Snapchat,2,1.9,38,Every night,23,Entertainment,5.6,10,7,7,4,8,7,3,3,Yes,"Yes, failed",Yes,Moderate
23,Male,Student,North America,YouTube,2,4.1,170,Sometimes,17,News/information,7.0,10,6,6,2,5,3,4,3,No,No,No,Moderate
41,Female,Student,Asia,Reddit,5,3.5,75,Every night,9,Passing time/boredom,6.2,11,0,7,5,4,6,5,0,Yes,"Yes, failed",Considering it,Moderate
26,Male,Student,North America,LinkedIn,2,4.9,85,Often,16,Passing time/boredom,6.0,12,0,6,5,8,5,2,2,No,No,No,Moderate
17,Male,Full-time employed,Asia,LinkedIn,5,2.4,66,Every night,26,News/information,7.3,8,2,10,3,9,5,5,1,No,No,Yes,Good
26,Female,Full-time employed,North America,Facebook,4,1.3,12,Every night,22,Entertainment,7.5,10,1,9,4,8,4,1,3,Yes,No,No,Moderate
34,Male,Full-time employed,North America,TikTok,2,2.7,20,Often,105,News/information,6.8,9,0,7,6,4,6,4,4,Yes,No,Yes,Good
20,Female,Unemployed,North America,TikTok,1,2.8,45,Sometimes,13,Entertainment,6.3,10,1,7,4,3,5,5,1,No,"Yes, failed",No,Moderate
34,Male,Full-time employed,Europe,YouTube,4,1.1,5,Never,24,Entertainment,7.0,3,8,5,5,4,4,2,4,Yes,"Yes, succeeded",Yes,Good
33,Male,Student,Europe,Facebook,7,1.9,40,Often,9,Entertainment,6.4,11,0,7,5,6,4,4,3,No,No,No,Moderate
20,Female,Student,Asia,Facebook,4,2.6,28,Sometimes,16,News/information,6.3,11,7,7,3,6,5,5,4,Yes,No,No,Moderate
28,Female,Student,Asia,X/Twitter,3,2.4,70,Sometimes,16,Passing time/boredom,7.0,10,1,5,6,3,7,6,3,No,No,Yes,Moderate
22,Male,Student,Europe,TikTok,4,1.4,26,Often,7,Entertainment,5.9,14,8,4,4,8,1,3,2,Yes,"Yes, failed",Considering it,Moderate
25,Male,Student,North America,Instagram,3,2.9,73,Every night,22,Content creation,6.1,4,0,9,3,6,5,7,2,Yes,No,No,Good
30,Male,Student,Asia,YouTube,4,5.2,133,Often,30,Work/career,7.2,12,0,9,9,7,2,8,2,No,No,No,Moderate
32,Male,Student,Europe,Instagram,6,2.4,31,Sometimes,6,Work/career,7.1,4,6,7,5,5,2,5,3,No,No,No,Good
25,Male,Part-time employed,Latin America,Reddit,2,2.1,62,Often,13,Connection with friends,8.2,12,3,8,4,6,4,4,2,No,"Yes, failed",No,Moderate
24,Male,Self-employed,Asia,YouTube,3,0.9,28,Every night,38,Connection with friends,7.0,14,6,8,5,5,2,5,2,No,"Yes, failed",No,Moderate
33,Male,Part-time employed,Latin America,Instagram,3,4.3,89,Sometimes,11,Passing time/boredom,7.3,13,1,9,3,2,7,10,4,No,"Yes, failed",Considering it,Moderate
15,Male,Full-time employed,North America,Instagram,3,3.6,36,Sometimes,21,News/information,6.3,6,4,7,5,4,6,2,3,No,No,No,Good
30,Male,Full-time employed,Europe,TikTok,2,1.1,5,Often,20,Passing time/boredom,6.7,10,7,6,8,9,3,4,3,Yes,"Yes, failed",Yes,Moderate
34,Female,Full-time employed,Oceania,YouTube,4,6.9,138,Sometimes,14,Passing time/boredom,7.3,19,1,7,7,6,5,7,4,No,No,No,At-risk
35,Male,Student,Asia,TikTok,5,1.4,18,Often,12,News/information,8.8,14,7,6,2,1,1,9,4,Yes,No,Considering it,Moderate
28,Male,Full-time employed,Europe,TikTok,2,5.1,76,Every night,14,Connection with friends,5.8,13,0,8,6,6,6,4,5,No,No,Yes,Moderate
40,Female,Full-time employed,Asia,Reddit,1,4.7,26,Sometimes,31,Connection with friends,7.7,18,3,5,4,5,5,7,2,No,"Yes, succeeded",Yes,At-risk
33,Prefer not to say,Student,Europe,TikTok,3,3.8,60,Never,21,Entertainment,6.6,13,2,7,3,7,4,5,3,No,No,No,Moderate
36,Female,Full-time employed,Asia,Instagram,5,3.4,34,Every night,12,Passing time/boredom,5.7,15,6,5,5,7,2,7,3,No,No,No,Moderate
16,Male,Unemployed,Asia,TikTok,1,3.6,59,Often,20,Entertainment,6.9,10,3,8,5,7,5,5,5,No,No,No,Moderate
16,Male,Student,Asia,YouTube,2,3.0,34,Often,27,Entertainment,7.4,16,1,4,6,6,9,7,4,No,"Yes, succeeded",No,Moderate
13,Male,Retired,Latin America,X/Twitter,5,1.9,31,Often,18,Connection with friends,6.4,7,0,6,6,5,3,7,3,No,No,No,Good
22,Female,Full-time employed,North America,TikTok,5,1.5,24,Sometimes,23,Work/career,6.4,13,3,8,5,4,5,2,3,Yes,No,Considering it,Moderate
25,Female,Full-time employed,North America,TikTok,2,3.3,63,Every night,4,Connection with friends,5.4,18,0,8,1,3,1,5,1,No,No,No,At-risk
14,Male,Student,North America,X/Twitter,1,1.7,26,Often,7,Content creation,7.5,10,12,4,5,6,2,5,5,No,"Yes, succeeded",No,Moderate
29,Male,Student,Latin America,YouTube,5,0.8,26,Sometimes,12,Passing time/boredom,7.9,6,7,6,7,4,3,8,4,Yes,No,No,Good
29,Female,Part-time employed,Asia,Instagram,3,3.2,73,Every night,20,Entertainment,7.0,12,9,8,6,7,6,7,2,No,No,No,Moderate
18,Non-binary,Part-time employed,Europe,Instagram,4,2.8,110,Sometimes,52,News/information,7.1,20,0,6,7,5,8,2,3,No,"Yes, succeeded",Considering it,At-risk
20,Female,Full-time employed,Asia,Instagram,2,4.6,107,Sometimes,10,Passing time/boredom,6.8,13,0,6,4,6,6,8,3,Yes,"Yes, succeeded",Considering it,Moderate
31,Male,Part-time employed,Europe,YouTube,8,4.7,38,Never,13,News/information,7.8,6,6,6,9,5,5,8,2,No,No,No,Good
32,Female,Part-time employed,Africa,YouTube,3,2.6,14,Every night,14,Connection with friends,6.2,11,3,9,3,9,6,4,3,No,"Yes, failed",No,Moderate
34,Female,Student,Asia,X/Twitter,2,4.0,145,Often,4,Entertainment,7.9,8,4,5,3,2,7,5,4,No,"Yes, failed",Yes,Good
33,Female,Self-employed,Asia,TikTok,8,3.8,68,Often,4,Passing time/boredom,6.9,13,2,7,6,6,2,5,6,Yes,No,No,Moderate
17,Female,Student,Europe,Reddit,5,0.4,10,Sometimes,16,Content creation,7.9,5,4,8,7,4,6,6,4,No,No,Yes,Good
31,Male,Student,Latin America,LinkedIn,4,3.4,47,Sometimes,49,Content creation,6.7,13,0,8,4,6,5,6,0,No,"Yes, succeeded",No,Moderate
19,Female,Student,North America,Reddit,5,2.2,28,Sometimes,19,Entertainment,7.5,7,2,5,4,4,10,3,2,No,No,Yes,Good
33,Male,Student,Latin America,LinkedIn,3,2.2,37,Often,25,News/information,7.0,14,4,9,7,9,5,4,0,No,No,No,Moderate
34,Female,Self-employed,North America,Instagram,6,4.9,137,Sometimes,12,Connection with friends,6.5,9,0,7,4,5,5,8,2,No,No,No,Good
41,Female,Full-time employed,Europe,Instagram,4,1.2,19,Often,6,Connection with friends,7.0,16,10,9,6,4,4,4,1,No,No,Considering it,Moderate
23,Male,Retired,North America,X/Twitter,1,1.6,33,Sometimes,11,News/information,7.1,15,11,8,8,7,5,4,3,No,No,No,Moderate
17,Female,Student,Europe,YouTube,4,0.8,38,Sometimes,4,Connection with friends,7.2,17,7,8,2,8,4,2,2,Yes,"Yes, succeeded",No,At-risk
20,Female,Part-time employed,Latin America,X/Twitter,4,8.7,35,Never,40,Entertainment,7.3,10,1,4,7,2,5,10,3,Yes,No,No,Moderate
31,Female,Student,North America,YouTube,5,6.2,124,Sometimes,11,News/information,7.4,12,0,8,1,7,5,5,2,No,"Yes, succeeded",No,Moderate
26,Male,Student,North America,Facebook,4,4.0,48,Never,13,Connection with friends,8.5,11,2,6,3,5,4,6,3,Yes,"Yes, failed",Considering it,Moderate
41,Male,Retired,Asia,X/Twitter,3,2.0,17,Sometimes,19,News/information,7.5,8,0,4,1,5,1,7,1,No,No,Considering it,Good
16,Male,Part-time employed,Asia,Facebook,5,5.9,17,Often,48,Entertainment,6.4,11,0,4,6,5,6,4,6,No,"Yes, failed",No,Moderate
26,Male,Student,North America,Instagram,4,5.9,74,Sometimes,33,Work/career,6.3,19,1,6,5,7,6,5,3,No,No,No,At-risk
19,Male,Student,Europe,Instagram,2,2.4,77,Often,10,Entertainment,7.7,3,6,9,10,7,5,3,0,No,"Yes, failed",No,Good
28,Male,Student,Europe,YouTube,5,1.3,32,Sometimes,14,Entertainment,7.8,16,12,6,1,4,2,2,4,No,No,Considering it,Moderate
29,Female,Full-time employed,North America,Instagram,3,4.7,108,Every night,11,Entertainment,6.3,14,0,10,6,2,4,6,3,No,No,No,Moderate
27,Male,Student,Latin America,Instagram,2,9.2,400,Often,8,Connection with friends,5.1,20,0,5,9,3,8,9,6,No,No,Yes,At-risk
30,Male,Self-employed,North America,X/Twitter,3,3.8,90,Often,45,Entertainment,7.0,9,3,7,7,4,2,8,2,No,"Yes, succeeded",No,Good
34,Male,Part-time employed,Europe,Facebook,6,3.8,48,Never,21,Entertainment,7.6,11,7,7,4,4,3,5,2,No,No,No,Moderate
41,Female,Full-time employed,Asia,Snapchat,4,3.1,77,Often,24,Work/career,6.1,11,7,7,3,6,4,4,5,Yes,No,No,Moderate
34,Female,Student,Europe,Facebook,3,6.6,252,Sometimes,15,Entertainment,8.4,14,0,5,5,6,8,10,4,No,"Yes, failed",Considering it,Moderate
19,Male,Full-time employed,North America,Facebook,1,3.1,66,Every night,25,News/information,6.5,7,11,8,5,1,5,4,5,No,"Yes, failed",No,Moderate
26,Male,Student,Asia,X/Twitter,1,3.5,10,Every night,47,Passing time/boredom,6.8,21,4,6,5,5,5,5,3,No,"Yes, failed",No,At-risk
37,Male,Full-time employed,North America,YouTube,6,2.2,31,Often,5,Work/career,7.7,15,0,7,3,4,7,9,1,Yes,"Yes, succeeded",Yes,Moderate
27,Female,Student,Asia,TikTok,3,0.4,8,Every night,49,Entertainment,6.3,14,5,10,7,7,4,6,4,No,"Yes, failed",No,Moderate
42,Female,Full-time employed,North America,Reddit,2,2.7,73,Every night,37,Entertainment,7.2,13,0,7,5,3,4,5,4,No,No,No,Moderate
32,Male,Full-time employed,Asia,TikTok,1,3.4,111,Often,18,Connection with friends,7.4,19,1,7,4,10,2,6,3,No,"Yes, succeeded",Considering it,At-risk
31,Male,Self-employed,Europe,Instagram,7,7.4,158,Often,32,Content creation,5.5,18,0,7,5,8,5,2,1,Yes,"Yes, failed",No,At-risk
42,Female,Part-time employed,North America,YouTube,7,2.8,42,Sometimes,17,Entertainment,6.6,10,1,8,7,5,4,5,2,Yes,No,Considering it,Moderate
13,Female,Full-time employed,Europe,Facebook,5,2.8,60,Often,39,Passing time/boredom,6.6,10,4,8,7,7,4,4,1,Yes,No,Considering it,Moderate
40,Female,Part-time employed,Asia,TikTok,2,3.9,51,Every night,15,Entertainment,5.3,17,5,7,7,8,3,3,3,No,"Yes, failed",No,At-risk
42,Male,Full-time employed,Asia,YouTube,5,4.1,98,Never,19,Work/career,6.3,12,8,7,8,4,4,7,3,No,No,Yes,Moderate
26,Male,Unemployed,Europe,Facebook,3,2.3,94,Sometimes,5,Passing time/boredom,8.0,6,7,7,4,8,2,3,2,Yes,No,No,Good
28,Female,Full-time employed,Europe,TikTok,8,6.5,95,Every night,39,Content creation,6.5,25,1,6,3,5,9,4,4,No,"Yes, failed",No,At-risk
31,Male,Part-time employed,Asia,Instagram,4,4.1,15,Sometimes,5,Connection with friends,7.0,11,7,6,4,6,3,3,2,No,No,Yes,Moderate
35,Female,Part-time employed,Europe,YouTube,6,2.7,10,Sometimes,20,Work/career,8.0,8,6,8,5,4,10,2,3,No,No,No,Good
24,Female,Student,Asia,Instagram,3,4.9,55,Sometimes,4,Passing time/boredom,7.6,17,1,8,4,6,5,7,3,No,"Yes, failed",Yes,At-risk
32,Female,Student,North America,X/Twitter,2,4.1,132,Often,9,Passing time/boredom,7.2,11,0,7,7,7,3,5,2,Yes,"Yes, failed",No,Moderate
34,Female,Self-employed,North America,YouTube,3,2.3,83,Never,33,Work/career,6.9,11,5,5,5,9,4,4,2,No,"Yes, failed",Considering it,Moderate
17,Female,Full-time employed,Europe,YouTube,6,2.4,122,Sometimes,21,Connection with friends,7.5,19,3,10,2,7,2,3,5,No,No,Considering it,At-risk
22,Female,Unemployed,Oceania,Reddit,5,1.9,10,Every night,7,Connection with friends,7.2,10,0,4,4,6,2,1,3,No,No,No,Moderate
36,Male,Full-time employed,Latin America,YouTube,4,3.2,29,Sometimes,7,Content creation,7.2,15,10,8,4,8,7,5,4,Yes,"Yes, succeeded",No,Moderate
18,Prefer not to say,Part-time employed,North America,Facebook,2,4.3,50,Sometimes,29,Connection with friends,8.5,13,0,6,3,8,6,6,3,Yes,No,No,Moderate
35,Male,Student,Latin America,YouTube,5,6.4,129,Often,28,Passing time/boredom,5.8,12,0,5,5,6,7,5,2,No,No,No,Moderate
20,Male,Full-time employed,Europe,YouTube,2,1.0,10,Often,26,Entertainment,7.2,18,0,5,2,4,4,1,5,No,No,Yes,At-risk
25,Male,Unemployed,Latin America,Snapchat,2,3.7,9,Every night,2,Connection with friends,6.1,18,0,6,3,4,8,5,1,No,No,Considering it,At-risk
19,Male,Retired,North America,YouTube,1,1.0,22,Never,24,News/information,7.1,7,6,8,4,9,5,2,4,No,"Yes, failed",No,Good
21,Male,Full-time employed,Europe,Facebook,2,3.1,5,Sometimes,20,Connection with friends,7.2,12,0,7,5,6,6,1,2,No,"Yes, failed",No,Moderate
27,Male,Student,North America,TikTok,1,2.2,34,Sometimes,7,Work/career,7.5,10,0,8,7,7,5,4,2,Yes,"Yes, failed",No,Moderate
28,Female,Self-employed,Africa,TikTok,4,3.4,118,Sometimes,10,Entertainment,7.3,6,3,6,8,4,4,6,3,No,"Yes, succeeded",No,Good
22,Female,Retired,North America,X/Twitter,2,3.0,39,Every night,31,Entertainment,5.9,15,9,7,6,7,6,7,1,Yes,No,Yes,Moderate
39,Female,Student,Latin America,LinkedIn,6,7.6,152,Every night,5,News/information,4.4,17,0,7,4,5,10,8,2,No,"Yes, failed",No,At-risk
31,Male,Unemployed,Europe,Instagram,2,1.1,24,Often,70,Entertainment,7.1,6,5,10,3,7,6,7,2,No,"Yes, failed",Considering it,Good
30,Male,Student,Asia,Instagram,5,4.3,78,Sometimes,12,Passing time/boredom,7.6,15,1,5,9,5,4,3,2,No,"Yes, failed",No,Moderate
21,Female,Student,Oceania,TikTok,1,3.4,151,Every night,51,Passing time/boredom,7.3,12,0,8,9,3,5,5,1,No,No,No,Moderate
25,Male,Full-time employed,North America,Snapchat,7,3.6,58,Often,25,News/information,6.3,18,0,9,4,8,4,5,4,No,No,No,At-risk
41,Male,Full-time employed,North America,TikTok,5,4.5,69,Often,17,Entertainment,6.7,17,4,5,2,7,6,3,4,No,"Yes, failed",Considering it,At-risk
25,Female,Student,Europe,TikTok,7,0.9,60,Sometimes,10,Entertainment,8.2,11,4,7,3,6,5,6,1,No,"Yes, failed",Considering it,Moderate
34,Female,Student,Europe,TikTok,7,2.5,20,Sometimes,10,Entertainment,6.6,7,5,5,3,6,6,5,3,No,No,No,Good
20,Male,Student,Asia,YouTube,2,2.8,37,Sometimes,32,Work/career,8.4,7,6,7,2,6,4,1,3,No,No,No,Good
34,Male,Student,North America,Instagram,1,13.2,400,Sometimes,1,Passing time/boredom,6.6,18,1,5,8,7,10,9,3,No,No,Considering it,At-risk
49,Male,Full-time employed,Latin America,YouTube,4,1.1,40,Often,19,Work/career,7.0,13,5,6,5,9,3,9,4,No,No,Yes,Moderate
46,Female,Student,Europe,Instagram,5,2.1,24,Often,9,Entertainment,6.6,6,0,5,8,7,4,6,5,No,No,No,Good
18,Male,Full-time employed,North America,TikTok,4,2.6,15,Never,19,Connection with friends,7.5,15,6,9,1,7,3,3,3,No,No,No,Moderate
37,Non-binary,Full-time employed,Latin America,Instagram,2,1.8,57,Sometimes,8,Connection with friends,8.5,11,2,9,5,5,4,4,1,No,No,Considering it,Moderate
13,Male,Self-employed,North America,TikTok,1,5.5,115,Sometimes,25,Entertainment,6.2,15,0,7,5,5,6,7,3,No,"Yes, failed",Considering it,Moderate
27,Male,Student,North America,TikTok,4,2.4,53,Every night,7,News/information,6.0,14,6,7,5,7,5,4,2,No,"Yes, failed",Yes,Moderate
43,Male,Student,Africa,Instagram,4,3.6,79,Often,8,Connection with friends,6.6,14,1,5,6,4,3,4,2,No,"Yes, failed",Considering it,Moderate
31,Female,Unemployed,Asia,X/Twitter,2,2.6,15,Sometimes,2,Content creation,7.5,13,3,5,7,6,4,4,2,No,"Yes, failed",Yes,Moderate
17,Male,Retired,Europe,YouTube,6,3.8,78,Often,2,Entertainment,5.7,13,6,7,4,5,6,7,3,No,"Yes, failed",No,Moderate
43,Female,Student,Latin America,Reddit,7,3.1,52,Sometimes,16,Passing time/boredom,7.5,16,11,6,5,3,5,4,4,No,No,No,Moderate
26,Female,Student,Asia,TikTok,4,8.1,143,Often,26,Connection with friends,6.3,20,0,4,6,4,10,5,4,No,"Yes, succeeded",No,At-risk
32,Female,Student,North America,YouTube,6,3.0,39,Never,23,Entertainment,8.5,12,7,6,6,7,9,4,2,No,No,Considering it,Moderate
28,Male,Unemployed,Asia,Snapchat,5,2.2,7,Often,15,Connection with friends,7.1,4,6,10,2,8,3,5,4,Yes,No,No,Good
33,Male,Student,North America,YouTube,3,0.3,5,Sometimes,6,Content creation,9.5,12,10,8,3,5,3,4,1,No,No,No,Moderate
18,Female,Full-time employed,Europe,Instagram,3,1.6,8,Often,14,Connection with friends,8.0,4,3,10,5,7,8,5,4,No,No,Considering it,Good
39,Male,Full-time employed,Europe,Instagram,3,2.4,26,Often,6,News/information,7.5,12,10,6,3,5,2,6,4,No,No,Yes,Moderate
34,Female,Part-time employed,Asia,Instagram,3,4.3,155,Often,7,Connection with friends,7.0,17,12,5,5,5,3,4,3,No,"Yes, failed",Considering it,At-risk
15,Female,Full-time employed,Asia,YouTube,5,4.2,50,Never,17,Work/career,7.7,19,6,8,3,4,5,6,4,No,"Yes, succeeded",Yes,At-risk
34,Female,Student,Europe,TikTok,2,4.5,102,Sometimes,36,News/information,6.2,16,0,7,7,4,4,5,2,Yes,"Yes, failed",No,Moderate
19,Female,Full-time employed,Asia,Instagram,1,5.7,34,Sometimes,32,Entertainment,7.1,12,5,7,5,7,7,6,3,No,No,Yes,Moderate
22,Female,Full-time employed,Europe,Instagram,6,3.4,38,Every night,18,Entertainment,5.7,12,0,8,2,4,5,5,2,Yes,No,No,Moderate
35,Male,Part-time employed,North America,YouTube,1,0.8,17,Often,23,News/information,7.4,12,0,7,1,8,1,6,2,No,No,Considering it,Moderate
29,Female,Unemployed,Asia,TikTok,2,5.9,119,Sometimes,19,Content creation,7.0,12,0,8,6,6,4,8,2,No,"Yes, failed",Considering it,Moderate
21,Male,Part-time employed,Latin America,YouTube,3,2.4,34,Every night,4,Passing time/boredom,6.1,14,6,6,2,7,1,4,2,No,"Yes, succeeded",No,Moderate
13,Female,Full-time employed,Africa,TikTok,2,2.0,12,Sometimes,36,Connection with friends,7.9,12,7,5,5,8,2,7,2,No,No,Considering it,Moderate
35,Non-binary,Self-employed,North America,TikTok,3,3.5,81,Often,21,Passing time/boredom,7.2,13,9,7,5,4,5,6,3,Yes,No,No,Moderate
38,Non-binary,Full-time employed,Europe,TikTok,5,1.0,17,Sometimes,43,Connection with friends,7.8,4,10,9,6,3,4,2,4,No,No,No,Moderate
28,Prefer not to say,Student,North America,Facebook,3,6.5,81,Often,17,Passing time/boredom,5.3,18,0,6,5,5,7,8,2,No,No,No,At-risk
17,Female,Full-time employed,Africa,TikTok,5,4.1,23,Never,14,Entertainment,7.7,12,6,10,7,2,10,6,4,No,"Yes, failed",No,Moderate
44,Male,Student,Asia,X/Twitter,2,4.2,42,Sometimes,35,Entertainment,6.1,11,7,10,8,10,1,4,3,No,"Yes, succeeded",Considering it,Moderate
36,Male,Student,North America,TikTok,7,3.9,97,Sometimes,50,News/information,7.2,11,2,6,4,7,5,4,3,No,"Yes, failed",Considering it,Moderate
51,Non-binary,Student,Asia,YouTube,7,5.4,131,Every night,16,Work/career,7.2,13,11,7,9,3,6,6,4,Yes,"Yes, failed",Considering it,Moderate
20,Male,Student,Europe,X/Twitter,2,1.1,10,Never,11,Content creation,8.9,8,4,7,5,7,2,5,3,No,No,No,Good
17,Male,Part-time employed,North America,Snapchat,4,1.9,23,Every night,13,Entertainment,6.7,9,4,7,5,5,4,3,5,No,"Yes, succeeded",No,Good
18,Female,Self-employed,Africa,YouTube,3,1.9,43,Sometimes,32,Entertainment,5.3,8,0,9,2,5,5,6,4,No,"Yes, failed",No,Good
40,Male,Student,Asia,YouTube,2,3.1,26,Often,3,Work/career,5.7,16,0,8,4,6,5,3,2,No,No,No,Moderate
24,Female,Student,Asia,TikTok,4,2.5,53,Often,17,Entertainment,7.5,15,3,8,3,7,4,8,3,No,"Yes, succeeded",No,Moderate
16,Female,Student,Africa,Snapchat,3,1.1,23,Never,11,Passing time/boredom,6.9,10,5,8,7,5,3,3,2,No,No,No,Moderate
36,Male,Unemployed,Europe,Instagram,2,4.1,44,Every night,41,Connection with friends,6.9,12,6,5,6,8,6,3,4,Yes,No,No,Moderate
44,Male,Full-time employed,Asia,YouTube,4,1.2,12,Every night,9,Work/career,6.7,13,3,7,7,3,4,6,3,No,No,No,Moderate
46,Male,Full-time employed,North America,YouTube,4,0.6,7,Often,24,Entertainment,7.1,13,9,8,6,6,1,3,2,No,"Yes, failed",Yes,Moderate
35,Male,Self-employed,Asia,TikTok,3,1.4,36,Sometimes,42,Entertainment,6.9,9,4,10,5,8,4,4,2,No,No,No,Good
37,Female,Student,Latin America,YouTube,4,3.7,20,Never,31,Passing time/boredom,6.8,15,6,10,3,7,4,2,2,No,No,No,Moderate
35,Female,Full-time employed,Europe,Instagram,6,2.3,31,Often,13,Entertainment,6.2,14,7,8,4,9,7,3,3,No,No,Considering it,Moderate
17,Male,Full-time employed,Europe,Instagram,7,2.9,67,Every night,26,Connection with friends,5.6,20,9,7,3,6,5,4,3,No,"Yes, failed",Considering it,At-risk
22,Female,Student,Asia,X/Twitter,3,2.9,72,Never,6,News/information,8.0,9,9,8,5,6,4,4,5,No,No,No,Good
16,Male,Full-time employed,North America,YouTube,8,0.5,5,Sometimes,34,News/information,7.6,11,12,7,8,7,8,7,4,No,"Yes, failed",No,Moderate
29,Male,Full-time employed,North America,LinkedIn,4,2.5,18,Every night,5,Work/career,5.9,11,6,7,8,5,7,5,4,No,No,Considering it,Moderate
38,Female,Student,North America,TikTok,1,3.1,24,Sometimes,18,Connection with friends,7.2,8,10,10,5,7,5,8,2,No,No,No,Moderate
20,Female,Self-employed,Asia,Instagram,1,8.5,303,Every night,16,Entertainment,6.9,17,0,3,3,2,10,10,3,No,"Yes, failed",No,At-risk
23,Male,Self-employed,Latin America,YouTube,3,0.7,5,Sometimes,49,Connection with friends,7.7,2,4,9,2,5,1,8,0,No,No,No,Good
38,Male,Unemployed,Asia,YouTube,5,6.8,264,Sometimes,22,Passing time/boredom,8.0,22,0,6,10,6,4,10,2,No,"Yes, failed",No,At-risk
44,Female,Self-employed,Asia,Instagram,6,7.1,160,Sometimes,14,Entertainment,5.5,21,5,6,6,7,7,9,1,No,"Yes, failed",No,At-risk
38,Male,Full-time employed,North America,X/Twitter,5,6.3,41,Often,29,News/information,7.0,11,0,5,3,6,9,5,1,Yes,No,No,Moderate
26,Male,Student,Europe,Instagram,4,1.7,40,Often,24,Entertainment,7.2,12,10,7,1,7,6,6,2,No,No,No,Moderate
35,Female,Full-time employed,Europe,TikTok,8,3.1,129,Often,3,Entertainment,6.5,9,3,10,5,7,4,5,3,No,"Yes, failed",Considering it,Good
17,Male,Unemployed,North America,Instagram,2,2.4,16,Sometimes,19,Entertainment,6.0,10,5,6,1,5,2,4,3,No,"Yes, failed",No,Moderate
52,Female,Full-time employed,North America,Snapchat,3,2.0,8,Often,13,News/information,7.6,12,6,6,9,6,5,2,2,No,No,Considering it,Moderate
39,Male,Full-time employed,Europe,TikTok,1,2.6,32,Never,22,Passing time/boredom,7.5,12,2,6,9,3,3,3,2,No,No,No,Moderate
13,Male,Part-time employed,Latin America,Facebook,5,2.7,7,Often,8,Entertainment,7.4,3,13,8,6,9,6,4,3,No,"Yes, failed",Yes,Moderate
30,Female,Full-time employed,North America,LinkedIn,3,3.3,73,Sometimes,15,Entertainment,6.0,13,1,4,3,3,4,8,3,No,No,No,Moderate
38,Non-binary,Full-time employed,North America,TikTok,3,1.6,35,Sometimes,31,Passing time/boredom,8.0,9,11,6,7,9,2,3,2,No,"Yes, succeeded",No,Moderate
13,Male,Full-time employed,Europe,LinkedIn,2,5.1,136,Often,33,Entertainment,6.6,16,3,6,8,3,7,6,4,No,"Yes, failed",No,Moderate
28,Male,Full-time employed,Asia,Snapchat,4,1.3,24,Never,17,Connection with friends,8.1,9,7,9,4,4,4,7,2,No,No,Yes,Good
14,Female,Full-time employed,North America,Instagram,3,6.2,173,Often,11,Passing time/boredom,5.8,15,0,7,6,4,5,3,3,No,"Yes, failed",No,Moderate
31,Male,Part-time employed,Europe,TikTok,1,11.0,70,Sometimes,17,News/information,5.3,22,0,5,5,2,10,6,4,No,No,Considering it,At-risk
22,Male,Retired,North America,YouTube,2,3.3,116,Sometimes,20,Passing time/boredom,7.0,12,0,6,7,7,2,4,5,Yes,"Yes, failed",No,Moderate
31,Female,Full-time employed,Africa,Snapchat,4,2.5,67,Never,8,Entertainment,6.1,6,2,8,1,6,7,7,2,No,"Yes, failed",No,Good
21,Female,Full-time employed,Europe,YouTube,4,0.4,9,Sometimes,8,Entertainment,6.6,6,5,9,2,6,3,4,2,No,"Yes, succeeded",No,Good
26,Female,Full-time employed,Oceania,Instagram,4,4.1,109,Often,6,Entertainment,6.5,16,3,7,5,3,4,4,1,Yes,"Yes, failed",No,Moderate
38,Male,Full-time employed,Asia,TikTok,3,3.0,27,Sometimes,13,Passing time/boredom,6.4,5,6,7,3,7,3,1,0,Yes,"Yes, failed",No,Good
23,Female,Student,Europe,Facebook,3,1.5,31,Every night,10,Entertainment,6.9,8,7,10,2,5,4,3,5,Yes,"Yes, succeeded",No,Good
37,Female,Full-time employed,Africa,TikTok,3,2.9,11,Sometimes,14,Passing time/boredom,6.6,6,0,5,5,10,3,4,2,Yes,"Yes, failed",No,Good
40,Female,Student,North America,Instagram,8,2.6,75,Every night,14,Connection with friends,7.2,15,0,5,2,6,4,6,3,No,"Yes, failed",No,Moderate
19,Male,Part-time employed,Europe,Facebook,4,4.5,88,Often,23,Entertainment,7.0,8,1,6,5,6,2,5,1,No,No,No,Good
19,Male,Unemployed,North America,Snapchat,5,2.0,35,Sometimes,9,News/information,7.8,15,5,5,7,7,2,5,3,No,No,No,Moderate
13,Male,Part-time employed,Oceania,Instagram,5,3.9,187,Sometimes,7,Connection with friends,7.5,1,0,7,6,4,5,6,2,No,No,Yes,Good
35,Female,Student,Europe,TikTok,5,3.2,39,Sometimes,6,Entertainment,7.2,8,6,5,6,4,5,6,2,Yes,"Yes, failed",No,Good
35,Female,Full-time employed,Europe,Snapchat,2,1.7,50,Often,3,Passing time/boredom,7.3,10,3,8,6,7,3,3,4,Yes,"Yes, failed",No,Moderate
17,Male,Full-time employed,North America,Reddit,2,4.1,87,Sometimes,13,Connection with friends,6.7,11,0,8,4,7,4,5,3,No,No,No,Moderate
23,Male,Full-time employed,North America,TikTok,3,2.5,32,Sometimes,27,Entertainment,6.4,0,7,8,5,7,5,5,3,No,"Yes, failed",Considering it,Good
30,Female,Student,Africa,TikTok,5,2.4,36,Every night,18,Work/career,6.2,11,5,8,4,5,1,3,3,Yes,No,Considering it,Moderate
16,Male,Student,Asia,TikTok,8,2.6,110,Sometimes,37,Entertainment,7.5,12,2,8,3,5,6,4,3,No,"Yes, failed",Yes,Moderate
43,Female,Full-time employed,North America,Instagram,3,1.8,23,Never,10,Passing time/boredom,7.3,13,12,7,2,5,5,6,5,No,"Yes, succeeded",No,Moderate
39,Female,Full-time employed,North America,Instagram,5,2.3,55,Every night,22,Connection with friends,7.0,13,4,6,5,8,2,7,3,No,No,Considering it,Moderate
23,Female,Full-time employed,Europe,Instagram,5,3.7,106,Every night,15,Connection with friends,6.1,10,7,8,2,4,5,10,3,No,"Yes, failed",No,Moderate
39,Male,Part-time employed,Oceania,X/Twitter,4,2.1,8,Every night,48,News/information,6.3,13,7,7,3,5,8,3,2,Yes,No,Considering it,Moderate
30,Female,Student,Europe,YouTube,3,4.5,23,Sometimes,39,Passing time/boredom,7.9,12,0,9,2,5,6,7,2,No,No,Considering it,Moderate
30,Non-binary,Student,Europe,Facebook,5,2.3,30,Sometimes,11,Work/career,7.5,15,8,7,4,8,4,5,4,No,"Yes, failed",Yes,Moderate
47,Male,Student,Asia,Instagram,6,2.3,89,Sometimes,8,Entertainment,7.1,13,3,8,2,6,2,4,4,No,No,Yes,Moderate
43,Non-binary,Student,Latin America,LinkedIn,3,5.0,121,Often,21,Connection with friends,7.2,18,2,7,6,7,6,6,1,Yes,"Yes, succeeded",No,At-risk
41,Male,Full-time employed,Asia,Reddit,4,1.7,56,Sometimes,21,Entertainment,7.8,4,9,9,6,5,2,8,3,No,No,Considering it,Good
28,Female,Full-time employed,Latin America,Instagram,8,2.4,21,Often,34,Passing time/boredom,6.2,14,8,5,7,2,3,7,4,Yes,"Yes, succeeded",No,Moderate
33,Female,Full-time employed,Latin America,TikTok,3,3.4,71,Every night,29,Passing time/boredom,6.7,8,0,7,4,9,7,4,1,No,No,Considering it,Good
22,Male,Full-time employed,Oceania,Instagram,5,1.5,47,Often,2,Content creation,6.9,7,4,10,1,7,2,3,4,No,"Yes, failed",No,Good
39,Female,Unemployed,Europe,X/Twitter,8,6.9,151,Every night,10,Entertainment,4.9,24,2,7,6,9,3,8,3,Yes,No,No,At-risk
35,Male,Unemployed,Europe,Snapchat,4,2.6,34,Every night,32,Entertainment,6.2,1,2,6,4,7,4,2,1,No,"Yes, failed",Considering it,Good
28,Male,Full-time employed,Oceania,Instagram,4,1.6,14,Every night,44,Entertainment,7.0,13,9,5,4,6,4,6,2,No,"Yes, succeeded",Considering it,Moderate
32,Male,Unemployed,Asia,Instagram,3,3.3,135,Often,46,Work/career,6.0,10,8,7,4,5,4,6,0,Yes,"Yes, succeeded",Yes,Moderate
27,Male,Part-time employed,Asia,X/Twitter,1,2.4,22,Often,7,Connection with friends,6.3,15,2,6,5,7,5,5,3,Yes,No,No,Moderate
27,Male,Self-employed,Europe,Instagram,8,3.7,37,Never,36,Passing time/boredom,8.0,5,4,7,6,7,3,5,3,Yes,No,Yes,Good
34,Female,Self-employed,Asia,Snapchat,3,0.6,5,Often,7,Connection with friends,6.2,6,0,9,6,4,9,4,2,Yes,No,No,Good
43,Male,Student,North America,Snapchat,4,4.6,131,Sometimes,30,Work/career,7.6,12,7,8,1,9,4,6,3,No,"Yes, failed",No,Moderate
34,Male,Student,Africa,LinkedIn,1,3.8,63,Often,19,Passing time/boredom,6.9,11,0,6,6,7,4,4,2,Yes,No,No,Moderate
30,Male,Student,Europe,Instagram,4,1.4,31,Never,63,Passing time/boredom,7.9,5,8,9,4,9,1,3,6,Yes,"Yes, succeeded",No,Good
38,Female,Student,North America,Instagram,2,2.1,15,Never,4,Entertainment,8.3,5,3,9,7,4,3,4,4,No,"Yes, failed",Yes,Good
34,Female,Student,North America,Facebook,7,3.7,120,Never,7,Connection with friends,8.7,14,3,6,2,5,4,5,1,Yes,No,Yes,Moderate
35,Female,Student,Europe,Snapchat,4,4.1,43,Sometimes,5,Connection with friends,7.6,14,7,5,4,10,6,8,5,No,"Yes, failed",No,Moderate
13,Female,Retired,Europe,X/Twitter,6,2.3,74,Often,12,Entertainment,6.8,6,10,6,3,6,1,4,2,No,"Yes, succeeded",No,Moderate
31,Male,Student,Africa,Snapchat,2,1.9,29,Every night,2,Entertainment,5.7,3,10,8,5,6,6,5,1,Yes,No,Yes,Moderate
20,Female,Part-time employed,Asia,YouTube,3,1.5,8,Sometimes,6,Entertainment,7.3,10,9,7,4,9,3,1,3,Yes,"Yes, failed",No,Moderate
34,Male,Unemployed,Europe,TikTok,5,1.2,21,Sometimes,11,Connection with friends,7.9,9,9,8,1,6,8,4,3,No,"Yes, failed",No,Good
15,Female,Full-time employed,Europe,Instagram,4,1.7,63,Often,24,Entertainment,7.5,9,9,7,2,8,6,3,2,No,"Yes, succeeded",Considering it,Good
40,Male,Full-time employed,Africa,TikTok,3,1.5,62,Often,28,Entertainment,7.9,8,0,6,3,4,2,4,2,No,No,Considering it,Good
26,Female,Full-time employed,Europe,TikTok,4,2.1,89,Every night,35,Connection with friends,6.9,15,6,10,1,6,2,2,2,No,"Yes, failed",No,Moderate
18,Female,Retired,Europe,X/Twitter,2,2.5,103,Often,13,Content creation,7.6,7,1,7,4,4,5,5,3,No,No,No,Good
13,Female,Full-time employed,Africa,Instagram,2,1.9,130,Sometimes,41,Passing time/boredom,8.7,9,6,8,4,5,3,5,4,Yes,"Yes, failed",No,Good
24,Female,Self-employed,Latin America,Instagram,4,1.5,40,Every night,24,Entertainment,7.1,19,9,5,5,8,2,5,3,No,"Yes, failed",Yes,At-risk
13,Male,Full-time employed,Asia,TikTok,3,3.3,35,Every night,17,News/information,6.3,10,9,7,7,5,5,5,4,No,No,No,Moderate
24,Male,Student,Asia,YouTube,5,1.8,20,Never,56,Entertainment,8.0,9,4,6,6,8,3,4,5,Yes,No,No,Good
44,Male,Full-time employed,Asia,Instagram,5,1.2,23,Sometimes,40,News/information,7.4,5,3,7,6,4,6,1,3,No,No,Yes,Good
34,Male,Full-time employed,Europe,X/Twitter,3,1.1,39,Sometimes,53,News/information,7.4,11,0,8,2,8,5,7,5,Yes,No,Considering it,Moderate
30,Female,Student,Asia,Reddit,3,1.8,38,Sometimes,41,Content creation,8.1,7,8,6,3,5,1,5,3,Yes,No,No,Good
21,Male,Full-time employed,Europe,TikTok,3,4.6,73,Every night,3,News/information,5.8,11,10,8,3,6,5,6,3,No,"Yes, succeeded",Yes,Moderate
38,Non-binary,Retired,North America,TikTok,4,2.4,39,Never,4,Connection with friends,7.4,8,0,7,6,9,8,4,1,No,No,No,Good
26,Female,Unemployed,Latin America,Reddit,1,2.9,85,Sometimes,45,Entertainment,8.0,11,7,6,7,4,2,4,3,Yes,No,Yes,Moderate
37,Female,Student,Asia,Snapchat,2,2.7,101,Often,14,Work/career,6.3,11,3,8,6,8,2,3,3,Yes,No,No,Moderate
36,Male,Full-time employed,Europe,Reddit,4,0.5,9,Sometimes,14,News/information,7.2,6,2,8,2,9,2,3,1,No,"Yes, failed",Yes,Good
41,Non-binary,Part-time employed,Latin America,TikTok,5,2.5,93,Every night,12,News/information,7.5,14,0,9,6,6,1,5,4,Yes,No,Considering it,Moderate
20,Female,Self-employed,North America,TikTok,2,1.8,12,Sometimes,32,Entertainment,7.0,14,8,9,5,8,3,5,0,No,No,No,Moderate
23,Male,Student,North America,Instagram,3,2.0,68,Sometimes,49,Connection with friends,8.0,1,5,9,7,5,3,6,2,Yes,No,No,Good
39,Male,Full-time employed,North America,X/Twitter,4,1.8,15,Often,6,News/information,6.1,9,4,6,8,10,4,3,5,Yes,No,Considering it,Good
15,Female,Student,Asia,YouTube,6,0.8,11,Often,50,Connection with friends,7.3,10,3,7,4,6,2,4,3,No,"Yes, failed",Yes,Moderate
40,Female,Unemployed,Asia,Facebook,7,1.0,40,Never,5,Connection with friends,8.7,6,2,10,5,7,3,3,2,No,"Yes, failed",Considering it,Good
13,Male,Retired,Asia,YouTube,2,0.7,16,Sometimes,36,Entertainment,7.0,8,3,8,1,3,6,4,4,No,"Yes, failed",Considering it,Good
37,Male,Part-time employed,Asia,TikTok,2,2.2,13,Every night,30,News/information,6.8,15,0,9,4,7,2,4,4,No,No,No,Moderate
15,Male,Part-time employed,North America,Instagram,3,2.4,18,Sometimes,6,Work/career,6.8,13,3,7,2,8,3,6,2,Yes,"Yes, failed",Considering it,Moderate
26,Female,Self-employed,Europe,X/Twitter,8,1.5,45,Never,15,Entertainment,7.1,13,4,6,5,2,5,6,1,No,"Yes, failed",No,Moderate
37,Female,Full-time employed,Asia,TikTok,3,2.0,18,Every night,28,Entertainment,6.2,7,7,7,4,7,3,5,2,No,"Yes, succeeded",No,Good
29,Female,Full-time employed,Europe,TikTok,3,5.3,53,Sometimes,12,Passing time/boredom,7.2,21,3,3,5,6,3,5,3,Yes,"Yes, succeeded",No,At-risk
17,Male,Self-employed,Asia,TikTok,5,2.9,33,Never,21,Entertainment,6.9,5,6,6,9,6,7,3,2,Yes,No,Considering it,Good
39,Male,Student,Europe,Reddit,3,5.8,104,Often,12,Passing time/boredom,6.1,17,0,7,4,10,7,7,4,Yes,"Yes, failed",No,At-risk
22,Male,Full-time employed,Europe,Snapchat,3,3.3,101,Often,18,News/information,6.6,10,1,10,3,5,5,6,4,Yes,No,Yes,Moderate
37,Female,Student,Asia,TikTok,2,7.1,80,Often,27,Content creation,6.0,22,4,5,7,5,6,9,3,No,"Yes, succeeded",Considering it,At-risk
20,Female,Self-employed,Latin America,TikTok,4,3.2,153,Every night,9,Connection with friends,7.2,18,11,9,8,6,8,4,1,No,"Yes, failed",No,At-risk
54,Male,Full-time employed,Asia,TikTok,4,7.3,52,Sometimes,19,Passing time/boredom,6.4,21,0,7,4,3,6,5,3,Yes,"Yes, failed",Considering it,At-risk
30,Female,Retired,Europe,TikTok,4,1.7,32,Sometimes,18,Connection with friends,6.9,5,12,9,5,6,2,3,2,No,No,No,Moderate
37,Male,Full-time employed,North America,Instagram,4,3.4,20,Often,16,Content creation,6.6,13,0,8,6,8,3,2,2,No,No,Considering it,Moderate
36,Male,Self-employed,North America,TikTok,4,6.6,110,Sometimes,29,Entertainment,6.6,17,0,8,5,6,5,8,2,No,No,No,At-risk
22,Male,Student,North America,Instagram,4,4.8,111,Never,23,Connection with friends,7.0,10,2,6,6,4,5,4,6,No,No,Considering it,Moderate
39,Male,Student,North America,YouTube,3,1.2,12,Every night,30,Entertainment,7.4,8,5,8,2,5,6,6,4,No,No,No,Good
28,Male,Student,Latin America,YouTube,4,4.2,110,Never,11,Passing time/boredom,8.3,11,9,8,4,6,6,6,5,Yes,No,Yes,Moderate
16,Male,Full-time employed,North America,Instagram,3,1.6,18,Sometimes,17,Entertainment,8.1,8,3,8,3,6,4,7,3,Yes,"Yes, failed",No,Good
42,Female,Full-time employed,Asia,X/Twitter,4,0.5,14,Sometimes,8,Entertainment,9.0,7,6,4,4,8,7,3,1,No,No,Considering it,Good
20,Female,Full-time employed,North America,TikTok,4,5.3,21,Often,17,Passing time/boredom,6.8,12,1,5,8,5,5,5,3,Yes,"Yes, succeeded",No,Moderate
43,Female,Student,Europe,YouTube,6,8.3,23,Every night,19,Connection with friends,7.0,19,0,4,3,4,6,7,5,No,"Yes, failed",No,At-risk
21,Female,Full-time employed,Asia,X/Twitter,1,1.5,31,Sometimes,22,Work/career,7.1,1,2,9,3,4,3,9,5,Yes,No,No,Good
31,Female,Full-time employed,North America,Facebook,1,0.9,24,Often,23,Connection with friends,7.6,6,3,8,6,5,5,6,1,Yes,No,Yes,Good
13,Female,Student,Africa,Facebook,5,4.3,81,Sometimes,10,Passing time/boredom,6.1,23,8,6,2,4,6,3,3,Yes,No,No,At-risk
27,Male,Retired,North America,Facebook,3,2.5,18,Sometimes,11,Entertainment,6.9,9,6,8,4,9,2,4,4,No,No,Yes,Good
48,Female,Student,Latin America,YouTube,3,4.3,60,Often,16,Entertainment,6.6,13,0,7,1,6,8,6,3,No,"Yes, failed",No,Moderate
26,Female,Student,North America,Instagram,4,3.1,54,Often,9,Entertainment,6.9,6,2,6,7,7,3,5,1,Yes,"Yes, succeeded",No,Good
30,Female,Self-employed,North America,YouTube,3,5.0,55,Sometimes,24,News/information,6.1,15,5,6,7,7,3,8,2,Yes,"Yes, succeeded",No,Moderate
38,Female,Full-time employed,Asia,TikTok,3,5.4,85,Sometimes,20,Connection with friends,7.2,10,4,6,4,4,5,7,1,No,No,No,Moderate
35,Male,Unemployed,Latin America,Instagram,2,3.0,42,Often,24,Entertainment,8.2,17,1,7,1,6,4,5,2,No,"Yes, failed",No,At-risk
46,Male,Full-time employed,Asia,Facebook,3,5.3,63,Sometimes,32,Connection with friends,7.0,23,0,9,6,3,7,6,3,No,No,Yes,At-risk
42,Male,Student,North America,Reddit,2,1.0,8,Sometimes,28,Passing time/boredom,7.8,8,3,10,7,7,1,7,3,No,No,Yes,Good
26,Male,Part-time employed,Asia,Instagram,4,2.2,29,Sometimes,8,Entertainment,6.9,12,7,5,5,6,2,4,4,No,"Yes, succeeded",No,Moderate
34,Female,Unemployed,North America,YouTube,3,3.3,32,Often,32,Entertainment,7.2,10,10,9,1,7,5,1,3,No,"Yes, failed",Considering it,Moderate
13,Male,Student,Europe,Instagram,4,3.2,53,Sometimes,28,Content creation,7.6,7,8,7,2,5,5,2,2,No,No,Considering it,Good
45,Non-binary,Full-time employed,Europe,YouTube,2,3.5,35,Often,25,News/information,7.7,11,0,10,6,7,6,9,3,No,No,No,Moderate
40,Female,Student,Europe,Facebook,5,4.4,55,Every night,25,Work/career,7.1,12,0,5,3,5,2,3,3,No,"Yes, failed",Yes,Moderate
28,Male,Unemployed,Asia,YouTube,1,4.2,49,Never,11,Work/career,7.3,15,7,4,4,5,2,3,1,No,No,No,Moderate
31,Male,Retired,North America,YouTube,5,1.0,17,Sometimes,6,Entertainment,7.6,13,3,8,5,10,7,10,5,No,No,Considering it,Moderate
42,Female,Full-time employed,Europe,TikTok,4,1.9,10,Sometimes,18,News/information,7.7,10,5,8,4,6,1,5,4,No,"Yes, failed",Considering it,Moderate
21,Male,Full-time employed,Asia,Facebook,4,4.9,64,Never,18,Work/career,7.7,18,0,6,9,8,4,8,3,No,"Yes, failed",No,At-risk
38,Male,Part-time employed,Europe,X/Twitter,5,3.3,130,Often,14,Entertainment,7.2,12,5,6,1,7,7,7,3,Yes,"Yes, failed",No,Moderate
14,Female,Full-time employed,Asia,YouTube,4,4.8,101,Often,20,News/information,5.9,12,2,6,9,5,7,4,3,No,No,Considering it,Moderate
39,Female,Student,Europe,Instagram,2,1.2,29,Sometimes,22,Connection with friends,7.1,13,8,10,5,7,3,5,3,No,"Yes, failed",Considering it,Moderate
13,Male,Full-time employed,North America,Instagram,3,5.6,67,Sometimes,18,Connection with friends,7.1,14,1,6,5,8,8,7,3,No,No,No,Moderate
18,Male,Unemployed,Europe,TikTok,4,6.1,131,Often,5,Passing time/boredom,6.7,14,0,8,4,6,3,10,0,Yes,"Yes, succeeded",Considering it,Moderate
15,Female,Full-time employed,Latin America,Instagram,8,1.5,41,Often,16,Entertainment,6.6,7,5,9,1,6,2,4,4,No,"Yes, failed",No,Good
26,Female,Self-employed,Europe,TikTok,3,1.7,39,Often,16,Passing time/boredom,7.7,13,10,9,2,7,7,8,4,No,No,No,Moderate
30,Female,Full-time employed,North America,X/Twitter,1,2.6,16,Sometimes,17,Entertainment,7.1,7,7,7,2,6,5,5,1,Yes,"Yes, failed",No,Good
41,Female,Full-time employed,North America,TikTok,2,2.1,54,Often,8,News/information,6.7,11,0,9,2,7,5,7,1,No,"Yes, succeeded",Considering it,Moderate
27,Male,Full-time employed,Oceania,Snapchat,6,4.8,214,Often,16,Passing time/boredom,5.7,12,8,8,5,7,5,6,5,No,"Yes, failed",No,Moderate
22,Female,Unemployed,Africa,YouTube,4,4.8,57,Never,5,News/information,7.1,17,7,5,4,7,8,6,2,No,"Yes, failed",Considering it,At-risk
31,Female,Self-employed,Asia,X/Twitter,1,2.3,49,Every night,36,News/information,6.8,5,0,9,6,8,5,9,3,No,"Yes, failed",No,Good
44,Female,Student,Latin America,YouTube,7,6.9,47,Every night,13,News/information,5.2,19,2,7,3,6,8,6,1,No,No,No,At-risk
29,Non-binary,Unemployed,Europe,TikTok,4,5.0,21,Every night,26,News/information,5.2,13,0,5,6,5,3,4,3,No,"Yes, failed",Yes,Moderate
38,Non-binary,Full-time employed,Africa,YouTube,5,2.5,45,Sometimes,5,Entertainment,7.0,12,3,9,4,6,4,3,4,No,"Yes, failed",Yes,Moderate
37,Male,Student,Asia,Instagram,2,3.0,70,Sometimes,10,Passing time/boredom,6.4,12,6,6,9,6,6,3,4,Yes,No,Considering it,Moderate
23,Male,Self-employed,Asia,YouTube,5,4.1,48,Sometimes,4,Entertainment,6.3,13,4,8,4,6,7,7,3,Yes,No,Yes,Moderate
41,Male,Self-employed,North America,TikTok,1,0.9,7,Often,15,Entertainment,8.2,10,2,8,8,3,2,5,3,No,No,No,Moderate
28,Female,Student,Asia,Snapchat,1,5.2,40,Sometimes,15,News/information,6.3,13,7,6,5,8,3,4,3,Yes,"Yes, succeeded",No,Moderate
38,Non-binary,Part-time employed,Latin America,Instagram,4,4.5,56,Sometimes,11,News/information,6.8,10,0,3,3,7,8,8,4,No,"Yes, failed",No,Moderate
39,Prefer not to say,Student,Latin America,LinkedIn,3,5.6,40,Never,15,News/information,6.8,6,2,7,4,6,5,10,3,Yes,No,Yes,Good
33,Female,Student,North America,YouTube,2,7.1,30,Never,20,Entertainment,7.4,11,1,6,5,5,8,5,1,No,"Yes, failed",No,Moderate
30,Female,Unemployed,Asia,TikTok,1,4.3,86,Sometimes,3,Passing time/boredom,7.4,13,8,7,5,5,7,5,4,No,No,No,Moderate
33,Female,Full-time employed,North America,TikTok,2,1.3,9,Often,4,Connection with friends,7.0,5,3,9,6,6,4,5,3,No,No,Considering it,Good
19,Female,Part-time employed,North America,TikTok,1,1.5,69,Often,17,Entertainment,7.2,12,0,7,4,8,5,7,4,No,No,No,Moderate
44,Female,Full-time employed,Europe,Instagram,5,1.7,28,Sometimes,21,Connection with friends,7.6,11,6,9,3,7,3,4,2,Yes,"Yes, failed",No,Moderate
37,Female,Full-time employed,Asia,Instagram,1,0.4,5,Sometimes,25,Content creation,8.1,2,3,8,3,4,3,4,4,No,No,Yes,Good
13,Male,Self-employed,Asia,Instagram,1,3.9,16,Often,46,Entertainment,5.8,18,1,6,5,6,8,8,4,No,No,No,At-risk
30,Male,Student,Latin America,TikTok,4,5.4,115,Never,19,News/information,6.2,19,2,6,1,6,7,6,2,No,No,No,At-risk
18,Male,Retired,North America,TikTok,5,2.1,36,Every night,36,Connection with friends,6.6,16,1,7,8,9,7,1,1,No,"Yes, succeeded",No,Moderate
52,Male,Full-time employed,Europe,TikTok,3,0.7,5,Sometimes,18,Connection with friends,8.2,5,8,9,3,9,3,5,4,No,No,Yes,Good
23,Female,Full-time employed,Asia,TikTok,1,1.9,11,Every night,19,Connection with friends,6.6,8,2,6,4,4,7,6,3,Yes,No,No,Good
25,Female,Full-time employed,Asia,YouTube,5,1.7,24,Sometimes,13,Work/career,7.0,13,4,9,7,7,1,7,3,No,"Yes, failed",No,Moderate
36,Female,Part-time employed,North America,YouTube,5,6.0,39,Often,6,News/information,7.1,10,5,5,8,6,5,5,5,No,No,No,Moderate
31,Male,Self-employed,Oceania,TikTok,3,3.0,53,Sometimes,36,Entertainment,7.5,12,4,6,5,3,2,7,1,No,No,Yes,Moderate
27,Female,Student,Africa,Instagram,2,0.6,8,Often,11,Entertainment,6.6,7,3,7,3,7,5,4,4,No,"Yes, failed",Considering it,Good
21,Male,Unemployed,Oceania,TikTok,2,2.8,24,Often,35,News/information,5.0,11,3,6,4,4,9,5,2,Yes,No,No,Moderate
40,Male,Unemployed,Europe,TikTok,4,7.1,92,Often,41,Entertainment,6.6,22,0,4,4,5,10,9,6,Yes,No,Considering it,At-risk
25,Male,Student,North America,YouTube,6,0.8,16,Sometimes,11,Connection with friends,8.5,8,9,8,3,9,2,4,3,Yes,"Yes, succeeded",No,Good
29,Male,Student,Africa,YouTube,5,1.4,7,Never,1,Passing time/boredom,8.2,4,2,8,3,7,4,1,4,No,No,No,Good
13,Non-binary,Part-time employed,Europe,TikTok,2,1.2,31,Often,6,Entertainment,7.1,14,1,8,7,8,4,5,3,Yes,"Yes, failed",Yes,Moderate
23,Male,Self-employed,Asia,X/Twitter,3,2.2,38,Sometimes,20,Entertainment,8.4,13,14,8,5,6,6,8,5,Yes,"Yes, failed",Considering it,Moderate
33,Female,Full-time employed,Africa,Instagram,2,1.0,15,Often,32,Connection with friends,7.5,2,8,6,5,8,2,1,2,No,"Yes, failed",Considering it,Good
32,Female,Student,Africa,TikTok,1,3.9,176,Sometimes,13,Entertainment,7.0,12,6,8,4,10,6,5,2,No,No,No,Moderate
22,Male,Full-time employed,Asia,TikTok,5,1.5,21,Often,30,Entertainment,8.1,6,6,7,3,8,1,5,2,Yes,"Yes, failed",Considering it,Good
32,Prefer not to say,Full-time employed,Asia,YouTube,2,2.1,33,Sometimes,8,News/information,6.7,11,2,5,3,6,5,5,3,Yes,No,No,Moderate
29,Male,Student,Oceania,TikTok,5,1.6,12,Often,27,Entertainment,6.1,9,3,7,3,9,4,1,2,No,"Yes, failed",No,Good
13,Male,Student,Europe,Instagram,8,4.7,125,Often,15,Work/career,6.1,16,0,6,4,2,10,9,2,No,No,No,Moderate
28,Male,Full-time employed,North America,Reddit,2,1.6,8,Often,19,Connection with friends,7.3,8,6,8,4,7,5,4,1,Yes,"Yes, succeeded",No,Good
29,Female,Student,North America,YouTube,4,4.0,96,Sometimes,5,Connection with friends,7.9,10,4,10,3,4,6,10,1,No,"Yes, failed",Considering it,Moderate
38,Prefer not to say,Full-time employed,Europe,Instagram,3,2.9,69,Never,25,News/information,6.8,5,6,6,4,6,2,8,4,No,"Yes, succeeded",No,Good
24,Male,Student,Latin America,YouTube,6,3.2,101,Sometimes,41,Passing time/boredom,7.6,10,6,8,3,6,2,6,3,No,"Yes, failed",Yes,Moderate
27,Female,Unemployed,North America,Instagram,5,2.6,25,Every night,37,Work/career,6.2,9,2,8,5,5,5,5,3,Yes,"Yes, failed",Yes,Good
42,Male,Full-time employed,Africa,Instagram,1,7.0,250,Sometimes,55,Passing time/boredom,5.8,22,4,6,6,6,9,9,2,No,"Yes, failed",No,At-risk
31,Female,Full-time employed,Europe,X/Twitter,5,1.5,35,Sometimes,1,Connection with friends,7.4,5,9,7,6,6,2,10,0,No,"Yes, failed",No,Good
33,Male,Full-time employed,Asia,YouTube,3,3.9,73,Sometimes,9,Connection with friends,6.4,13,6,9,6,5,5,5,3,Yes,"Yes, failed",Considering it,Moderate
33,Male,Student,Latin America,TikTok,5,1.3,32,Often,56,News/information,6.0,9,9,9,4,8,4,6,4,Yes,No,No,Good
39,Female,Full-time employed,North America,TikTok,7,7.5,58,Often,57,Entertainment,6.0,15,0,5,4,5,7,6,4,Yes,"Yes, failed",No,Moderate
25,Female,Student,Asia,YouTube,3,3.3,124,Every night,15,Connection with friends,6.9,22,5,5,7,4,6,7,2,No,"Yes, succeeded",Yes,At-risk
27,Male,Full-time employed,Asia,TikTok,2,2.1,40,Sometimes,28,News/information,6.9,1,19,6,3,9,5,5,1,No,"Yes, failed",Yes,At-risk
22,Male,Self-employed,North America,TikTok,5,2.4,39,Sometimes,7,Passing time/boredom,7.4,7,3,6,1,5,5,8,4,No,"Yes, succeeded",No,Good
13,Female,Student,North America,Reddit,1,2.0,18,Often,4,Work/career,7.0,14,16,8,8,10,8,3,2,No,"Yes, failed",No,Moderate
22,Female,Student,Asia,TikTok,3,5.2,136,Sometimes,5,Work/career,6.7,16,2,8,7,8,3,9,3,No,"Yes, failed",No,Moderate
13,Female,Student,Asia,Instagram,3,10.9,174,Sometimes,13,Entertainment,6.5,21,0,5,9,2,10,7,2,Yes,No,Considering it,At-risk
38,Female,Retired,Asia,TikTok,1,2.3,46,Never,16,Passing time/boredom,7.3,6,4,7,5,6,7,6,4,No,"Yes, succeeded",No,Good
16,Male,Part-time employed,Europe,Snapchat,2,2.8,46,Every night,27,Passing time/boredom,5.8,11,8,3,4,5,3,4,4,No,"Yes, succeeded",No,Moderate
27,Female,Full-time employed,Latin America,YouTube,8,1.5,15,Sometimes,5,Entertainment,7.4,3,0,7,3,7,6,5,4,No,"Yes, failed",Considering it,Good
24,Female,Part-time employed,Latin America,YouTube,5,2.7,53,Never,19,Work/career,7.8,13,8,8,7,7,6,7,5,No,"Yes, failed",Yes,Moderate
31,Female,Student,Europe,Reddit,3,3.7,82,Sometimes,5,Passing time/boredom,6.6,12,5,6,1,6,5,5,5,No,"Yes, failed",No,Moderate
13,Female,Full-time employed,Europe,LinkedIn,1,1.2,16,Often,44,Connection with friends,6.8,3,0,9,6,6,3,4,2,No,No,No,Good
36,Male,Part-time employed,Europe,YouTube,5,1.9,5,Often,2,Entertainment,6.6,12,0,8,4,8,2,4,2,No,"Yes, succeeded",Yes,Moderate
39,Female,Full-time employed,Asia,Snapchat,3,2.1,27,Sometimes,18,Content creation,5.6,6,2,7,7,7,5,7,3,Yes,"Yes, succeeded",No,Good
39,Male,Self-employed,Asia,Instagram,2,1.1,13,Every night,7,Entertainment,6.5,8,12,4,2,10,4,6,2,Yes,"Yes, failed",No,Moderate
23,Female,Full-time employed,Europe,TikTok,2,2.9,124,Never,35,Connection with friends,7.5,7,10,7,5,5,3,5,5,No,No,No,Moderate
28,Female,Self-employed,Asia,YouTube,3,1.4,5,Every night,7,Passing time/boredom,6.2,11,0,8,2,5,5,1,5,No,No,No,Moderate
43,Female,Full-time employed,North America,Instagram,2,1.3,16,Every night,30,News/information,5.2,9,0,8,6,9,1,4,3,No,No,Considering it,Good
26,Female,Retired,Oceania,YouTube,2,3.2,14,Sometimes,4,Passing time/boredom,6.5,18,3,8,7,5,2,5,3,No,No,Yes,At-risk
42,Female,Retired,Europe,Instagram,5,4.7,19,Often,36,Entertainment,6.2,12,3,7,7,3,10,8,1,No,"Yes, failed",Yes,Moderate
32,Male,Full-time employed,North America,TikTok,2,5.4,112,Often,26,Entertainment,5.1,16,2,5,2,4,5,9,5,Yes,No,Considering it,Moderate
25,Male,Student,Asia,X/Twitter,2,1.9,50,Often,24,News/information,6.1,9,7,4,5,8,1,4,5,No,No,Yes,Good
19,Female,Student,Latin America,TikTok,2,5.1,114,Never,4,Passing time/boredom,6.6,15,0,5,4,8,7,8,1,Yes,"Yes, succeeded",No,Moderate
32,Female,Student,Asia,TikTok,1,2.3,64,Often,6,Connection with friends,6.2,4,9,7,9,6,1,5,1,No,No,Yes,Good
24,Female,Part-time employed,Asia,X/Twitter,3,3.6,122,Sometimes,22,Work/career,8.0,19,1,7,6,5,3,6,3,No,"Yes, failed",No,At-risk
46,Male,Full-time employed,North America,TikTok,3,3.6,234,Never,21,News/information,7.0,11,4,6,6,9,1,5,2,Yes,No,No,Moderate
37,Female,Full-time employed,Europe,Instagram,4,2.1,15,Every night,10,News/information,7.9,5,2,4,4,7,5,4,2,No,"Yes, failed",No,Good
19,Male,Part-time employed,Asia,Facebook,4,0.9,23,Every night,28,Work/career,6.7,8,4,8,5,9,3,4,6,No,No,No,Good
34,Prefer not to say,Full-time employed,Europe,YouTube,5,2.0,58,Every night,6,Connection with friends,6.9,6,4,5,8,6,6,6,3,No,No,Considering it,Good
23,Female,Student,North America,Facebook,3,2.7,80,Often,36,News/information,5.6,4,6,9,9,9,4,4,4,No,No,No,Good
25,Female,Part-time employed,Asia,TikTok,5,6.8,123,Never,7,Entertainment,6.1,15,0,6,7,4,7,4,1,No,No,Yes,Moderate
31,Male,Unemployed,North America,X/Twitter,1,3.1,98,Every night,2,Content creation,6.9,3,2,10,6,6,6,4,6,Yes,"Yes, failed",Considering it,Good
23,Male,Student,Asia,Facebook,1,2.8,46,Every night,6,Connection with friends,6.8,11,2,5,8,6,6,8,4,Yes,No,Yes,Moderate
29,Male,Student,Latin America,YouTube,3,2.5,18,Sometimes,6,Connection with friends,7.2,18,12,7,4,6,4,6,1,No,No,Yes,At-risk
42,Female,Full-time employed,North America,YouTube,4,2.4,39,Sometimes,30,Connection with friends,8.7,5,0,8,6,6,8,3,3,Yes,"Yes, succeeded",No,Good
35,Male,Part-time employed,Asia,X/Twitter,5,6.0,86,Often,21,Work/career,6.6,12,0,6,7,8,3,6,5,No,No,Considering it,Moderate
28,Female,Full-time employed,Europe,YouTube,6,4.0,48,Sometimes,6,Connection with friends,6.6,8,2,10,4,8,9,6,3,Yes,"Yes, failed",No,Good
39,Male,Full-time employed,Asia,TikTok,6,1.0,5,Often,18,News/information,6.7,6,1,7,3,4,5,3,2,Yes,No,Considering it,Good
49,Male,Self-employed,Europe,Snapchat,3,5.2,64,Often,21,Content creation,5.6,12,5,6,5,7,6,6,3,Yes,No,No,Moderate
41,Female,Student,Latin America,YouTube,4,6.3,186,Often,6,Entertainment,7.1,17,0,7,6,4,7,5,3,No,No,No,At-risk
29,Male,Unemployed,Asia,YouTube,6,5.5,70,Never,2,Connection with friends,5.2,13,0,8,5,6,5,7,5,No,"Yes, failed",No,Moderate
37,Male,Student,Asia,LinkedIn,2,2.9,14,Often,4,Entertainment,7.1,9,5,6,6,8,4,3,1,Yes,No,Considering it,Good
27,Male,Part-time employed,Europe,Facebook,3,5.0,52,Sometimes,3,Connection with friends,8.0,10,1,7,5,5,5,7,4,Yes,No,Yes,Moderate
27,Male,Self-employed,North America,Instagram,4,3.9,74,Sometimes,22,Passing time/boredom,6.8,17,1,5,7,9,6,8,4,No,"Yes, failed",Yes,At-risk
26,Male,Part-time employed,North America,TikTok,3,8.8,161,Sometimes,33,Passing time/boredom,5.6,17,0,4,6,5,5,4,4,Yes,No,No,At-risk
44,Male,Full-time employed,Asia,LinkedIn,2,2.1,13,Sometimes,32,Passing time/boredom,8.3,6,8,7,6,5,1,8,3,No,"Yes, succeeded",Yes,Good
35,Male,Full-time employed,Europe,X/Twitter,5,2.8,89,Often,16,Entertainment,8.1,4,0,6,3,8,4,6,2,No,"Yes, failed",No,Good
42,Male,Full-time employed,Europe,TikTok,2,2.3,46,Sometimes,5,News/information,8.5,12,8,5,6,9,3,4,0,No,"Yes, succeeded",Considering it,Moderate
47,Male,Student,Europe,TikTok,3,2.6,110,Sometimes,23,Passing time/boredom,6.3,2,1,7,3,6,4,6,3,No,"Yes, failed",No,Good
25,Male,Full-time employed,Asia,Reddit,4,3.1,90,Every night,11,Entertainment,6.4,14,3,8,2,6,8,2,4,No,No,Considering it,Moderate
18,Male,Student,North America,Instagram,3,4.5,56,Every night,15,Passing time/boredom,6.5,14,2,10,7,7,4,5,1,Yes,"Yes, failed",No,Moderate
24,Male,Full-time employed,Europe,X/Twitter,3,6.0,74,Often,13,Connection with friends,6.0,12,0,7,8,4,5,8,2,No,"Yes, failed",No,Moderate
39,Female,Full-time employed,Oceania,Reddit,3,3.3,39,Often,8,Connection with friends,8.2,15,1,6,6,8,4,7,4,Yes,No,No,Moderate
46,Male,Student,Europe,TikTok,3,2.4,63,Sometimes,1,Entertainment,8.0,11,5,8,7,7,6,4,3,No,"Yes, succeeded",Considering it,Moderate
28,Male,Unemployed,Europe,LinkedIn,3,1.4,25,Sometimes,25,Entertainment,8.5,6,12,9,2,5,4,3,2,No,"Yes, failed",No,Moderate
41,Female,Unemployed,Latin America,Reddit,5,6.5,32,Often,8,Passing time/boredom,5.8,19,0,5,7,5,8,6,2,Yes,"Yes, failed",No,At-risk
20,Female,Full-time employed,Latin America,YouTube,2,2.2,19,Every night,26,Work/career,6.6,14,0,8,2,3,4,3,2,Yes,No,Considering it,Moderate
26,Female,Student,Latin America,YouTube,3,1.9,34,Sometimes,16,Connection with friends,8.4,5,7,9,3,7,3,3,5,No,"Yes, failed",Considering it,Good
44,Male,Full-time employed,North America,YouTube,8,1.9,24,Sometimes,22,News/information,8.3,9,3,8,5,3,1,6,4,No,No,No,Good
26,Male,Student,Europe,Instagram,3,2.1,69,Sometimes,47,Entertainment,6.5,8,11,8,5,6,5,2,1,No,"Yes, failed",No,Moderate
33,Female,Retired,North America,Instagram,1,4.0,26,Often,56,Entertainment,6.8,9,3,10,4,5,7,3,1,No,"Yes, failed",No,Good
31,Male,Unemployed,Asia,Reddit,1,1.5,73,Never,53,Connection with friends,7.3,3,6,7,4,5,5,7,3,No,"Yes, succeeded",Yes,Good
24,Male,Student,Latin America,TikTok,5,1.7,25,Never,26,Work/career,6.9,13,11,8,4,6,2,6,2,Yes,"Yes, failed",No,Moderate
23,Male,Full-time employed,Asia,TikTok,3,0.9,5,Every night,77,Entertainment,7.0,11,0,4,4,6,3,6,3,No,"Yes, succeeded",No,Moderate
22,Male,Part-time employed,North America,Instagram,2,4.8,341,Never,22,Content creation,6.8,14,0,8,5,4,7,4,3,Yes,No,No,Moderate
31,Male,Full-time employed,Europe,Snapchat,1,2.5,35,Often,21,News/information,7.1,21,7,5,8,9,4,6,4,No,No,No,At-risk
23,Female,Student,Europe,Instagram,3,5.8,98,Never,9,News/information,6.9,13,6,5,5,6,9,7,3,No,No,Yes,Moderate
32,Male,Self-employed,North America,TikTok,2,4.7,52,Often,16,Connection with friends,7.7,14,3,8,3,5,8,9,4,No,"Yes, failed",Considering it,Moderate
23,Male,Self-employed,Asia,Reddit,6,3.2,83,Sometimes,23,Passing time/boredom,6.2,14,1,7,3,5,7,7,4,No,"Yes, succeeded",Yes,Moderate
40,Male,Student,Latin America,TikTok,3,2.0,34,Sometimes,14,Entertainment,7.4,6,8,7,6,6,2,8,2,No,"Yes, failed",No,Good
21,Female,Full-time employed,Asia,TikTok,2,5.5,127,Never,22,Entertainment,7.3,7,1,5,3,3,4,7,3,Yes,"Yes, failed",Yes,Good
23,Female,Full-time employed,North America,YouTube,4,2.5,19,Sometimes,41,Connection with friends,7.0,13,5,7,2,5,2,7,3,No,"Yes, failed",No,Moderate
13,Male,Student,Asia,TikTok,3,2.0,33,Often,40,Entertainment,6.3,10,0,6,8,3,5,8,1,No,"Yes, succeeded",No,Moderate
27,Male,Student,Africa,YouTube,2,3.7,38,Often,36,Entertainment,7.1,19,7,6,4,7,8,7,4,No,No,No,At-risk
13,Female,Unemployed,Asia,Facebook,1,3.4,56,Sometimes,37,Connection with friends,7.8,12,0,8,4,4,3,1,3,No,No,No,Moderate
26,Male,Full-time employed,Asia,YouTube,4,2.9,49,Sometimes,42,Connection with friends,8.2,12,3,8,1,9,4,6,5,Yes,No,No,Moderate
31,Female,Student,Latin America,Instagram,3,8.3,131,Sometimes,17,News/information,7.0,16,3,5,9,3,5,8,5,No,"Yes, succeeded",Considering it,Moderate
35,Female,Student,Europe,TikTok,4,1.4,32,Sometimes,9,Entertainment,7.6,12,0,5,2,6,5,3,1,No,"Yes, failed",No,Moderate
26,Female,Student,North America,LinkedIn,6,4.3,98,Sometimes,20,Entertainment,6.6,17,1,5,5,5,7,7,5,No,No,Considering it,At-risk
36,Female,Part-time employed,Europe,Facebook,3,2.3,88,Sometimes,31,Entertainment,6.4,4,6,9,4,4,7,3,3,Yes,"Yes, failed",No,Good
40,Male,Full-time employed,North America,Snapchat,3,1.1,5,Sometimes,31,Entertainment,8.3,4,4,7,3,8,1,6,2,Yes,"Yes, succeeded",No,Good
24,Female,Student,Asia,Instagram,5,5.4,80,Often,29,Passing time/boredom,6.6,14,1,5,8,3,2,10,4,No,"Yes, succeeded",No,Moderate
31,Male,Part-time employed,Asia,TikTok,3,3.6,76,Often,13,News/information,6.9,18,5,9,9,3,3,5,6,No,No,No,At-risk
42,Female,Retired,North America,YouTube,1,5.7,79,Every night,12,Passing time/boredom,5.9,22,2,6,9,6,6,6,2,No,"Yes, failed",No,At-risk
32,Male,Part-time employed,Africa,X/Twitter,4,1.3,23,Often,23,News/information,6.6,13,3,8,2,10,3,5,2,Yes,No,Considering it,Moderate
26,Male,Full-time employed,Europe,Reddit,4,3.9,70,Sometimes,23,News/information,7.2,23,4,9,4,4,6,8,3,No,"Yes, failed",No,At-risk
19,Male,Self-employed,Asia,YouTube,4,0.7,13,Every night,31,Entertainment,6.8,15,6,10,5,10,1,2,1,No,"Yes, failed",No,Moderate
33,Female,Self-employed,Europe,YouTube,2,1.8,33,Often,45,Entertainment,7.5,13,6,7,4,8,4,3,2,No,No,No,Moderate
25,Female,Full-time employed,Europe,Reddit,5,3.2,45,Sometimes,6,Work/career,7.2,5,0,9,3,6,4,7,4,Yes,"Yes, failed",Yes,Good
30,Female,Full-time employed,Asia,YouTube,6,1.7,6,Every night,19,News/information,6.6,16,4,5,1,5,3,1,4,No,No,No,Moderate
24,Female,Student,North America,TikTok,1,2.6,119,Often,13,News/information,7.6,15,5,8,1,3,3,8,3,Yes,No,No,Moderate
13,Male,Part-time employed,Latin America,Instagram,4,1.5,30,Often,23,Connection with friends,7.6,10,4,8,6,6,4,5,5,No,"Yes, succeeded",Considering it,Moderate
26,Male,Student,Oceania,Facebook,2,3.6,52,Every night,33,News/information,5.9,14,0,9,9,7,4,5,3,No,No,No,Moderate
13,Female,Full-time employed,Asia,Snapchat,3,6.7,219,Often,6,News/information,5.1,13,0,4,7,2,8,8,3,No,"Yes, failed",Yes,Moderate
34,Male,Full-time employed,Africa,Snapchat,7,1.9,36,Never,19,News/information,7.1,9,13,5,1,9,2,8,2,No,No,Considering it,Moderate
17,Male,Student,Africa,Reddit,3,3.0,82,Often,23,News/information,6.6,13,0,7,3,5,5,5,5,No,No,No,Moderate
27,Male,Full-time employed,Europe,TikTok,2,0.6,8,Never,19,Content creation,8.3,1,3,9,5,6,4,4,1,Yes,"Yes, failed",No,Good
32,Female,Student,Europe,Facebook,3,6.8,170,Every night,24,Connection with friends,6.1,14,0,6,5,5,6,7,3,No,"Yes, succeeded",Considering it,Moderate
34,Male,Unemployed,Africa,Facebook,6,3.1,167,Sometimes,8,Entertainment,7.1,15,3,9,2,7,2,3,3,No,No,Yes,Moderate
13,Male,Full-time employed,Africa,YouTube,1,3.3,35,Every night,18,Entertainment,6.4,14,5,7,6,6,6,5,0,No,No,Yes,Moderate
37,Female,Student,Europe,TikTok,3,0.8,10,Every night,9,Passing time/boredom,7.5,7,4,8,2,10,6,3,2,Yes,No,Considering it,Good
13,Prefer not to say,Student,Europe,TikTok,1,2.2,39,Never,32,Connection with friends,7.6,6,0,9,5,7,4,5,2,Yes,No,Considering it,Good
23,Female,Full-time employed,North America,TikTok,1,5.3,72,Often,25,Entertainment,7.0,13,0,4,6,4,5,4,5,No,"Yes, failed",No,Moderate
36,Male,Full-time employed,Europe,YouTube,5,6.4,109,Sometimes,6,News/information,7.1,12,0,7,6,7,8,10,4,Yes,No,Considering it,Moderate
26,Male,Full-time employed,Asia,Snapchat,4,2.1,28,Often,26,Entertainment,7.3,13,2,6,4,4,3,5,3,No,No,Yes,Moderate
17,Female,Full-time employed,Latin America,X/Twitter,5,7.1,30,Sometimes,14,Entertainment,7.0,14,0,6,8,4,7,8,2,No,"Yes, succeeded",No,Moderate
22,Female,Part-time employed,North America,Reddit,4,3.3,29,Often,6,Entertainment,7.0,14,2,7,6,3,4,5,3,No,No,No,Moderate
60,Female,Student,Oceania,Snapchat,2,2.7,37,Never,9,Entertainment,6.0,5,1,6,5,4,2,6,3,No,No,Yes,Good
37,Female,Part-time employed,Europe,TikTok,6,1.2,13,Sometimes,13,Connection with friends,7.8,6,11,7,2,7,6,4,3,No,"Yes, succeeded",Yes,Moderate
38,Male,Student,Asia,Instagram,4,2.6,25,Never,36,Entertainment,7.9,7,0,6,5,7,4,7,1,Yes,"Yes, failed",Considering it,Good
13,Female,Student,North America,TikTok,5,3.3,102,Every night,13,Connection with friends,7.0,16,2,7,3,8,4,4,1,Yes,No,No,Moderate
25,Male,Retired,Asia,TikTok,1,2.8,25,Often,5,Work/career,7.7,10,8,7,3,8,6,9,4,No,"Yes, failed",Considering it,Moderate
36,Female,Self-employed,Asia,Instagram,2,3.4,15,Sometimes,15,Entertainment,7.4,14,9,5,4,5,5,8,3,No,"Yes, succeeded",No,Moderate
48,Male,Full-time employed,Latin America,TikTok,2,2.5,75,Often,15,Content creation,7.5,0,0,8,3,4,2,7,3,No,No,No,Good
28,Male,Full-time employed,Europe,YouTube,2,1.3,16,Often,18,Entertainment,7.5,6,11,9,5,9,2,4,2,No,"Yes, succeeded",No,Moderate
13,Female,Student,Europe,Instagram,5,4.2,43,Often,27,Connection with friends,6.7,18,0,4,3,5,3,9,2,No,No,Considering it,At-risk
22,Female,Full-time employed,North America,Instagram,3,1.9,41,Never,32,Work/career,9.7,4,10,9,7,7,6,4,4,No,"Yes, succeeded",No,Moderate
32,Male,Student,Africa,TikTok,2,7.2,197,Sometimes,8,News/information,7.5,17,0,4,4,4,4,10,2,Yes,No,Yes,At-risk
17,Female,Full-time employed,Latin America,TikTok,2,2.4,53,Sometimes,38,Passing time/boredom,7.6,14,6,8,3,7,7,7,1,Yes,"Yes, failed",No,Moderate
30,Male,Part-time employed,Asia,X/Twitter,4,3.6,27,Often,36,Entertainment,6.6,20,6,7,4,7,7,3,2,No,"Yes, failed",No,At-risk
23,Female,Self-employed,Europe,TikTok,4,3.0,55,Sometimes,22,Connection with friends,7.5,14,4,6,4,7,7,4,3,Yes,No,No,Moderate
20,Male,Self-employed,Europe,YouTube,4,5.3,37,Sometimes,26,Connection with friends,5.4,12,0,5,3,4,5,6,3,No,No,No,Moderate
28,Female,Full-time employed,North America,Facebook,4,2.1,20,Often,14,News/information,5.5,4,7,7,3,6,2,6,2,No,"Yes, failed",No,Good
42,Female,Student,North America,Facebook,3,0.5,7,Often,3,Entertainment,9.0,6,7,8,6,2,5,3,3,Yes,"Yes, failed",Yes,Good
33,Male,Full-time employed,Latin America,Reddit,2,2.9,65,Never,27,News/information,7.2,11,2,7,4,3,1,4,2,No,No,No,Moderate
13,Male,Full-time employed,North America,TikTok,2,0.6,13,Often,14,Connection with friends,8.7,7,14,9,4,5,2,5,2,No,"Yes, failed",No,Moderate
37,Female,Student,Europe,TikTok,5,4.2,47,Often,5,Connection with friends,6.3,13,0,6,3,6,7,8,1,Yes,"Yes, failed",No,Moderate
13,Male,Student,North America,Facebook,1,7.8,130,Every night,7,Work/career,7.0,19,0,6,10,6,8,7,1,No,"Yes, failed",No,At-risk
39,Male,Full-time employed,Asia,TikTok,1,3.1,210,Never,0,Connection with friends,6.5,14,8,6,5,6,5,3,1,Yes,No,No,Moderate
29,Female,Part-time employed,Asia,X/Twitter,3,1.2,14,Never,8,Entertainment,8.3,4,6,8,3,4,3,1,4,No,"Yes, failed",No,Good
16,Female,Full-time employed,Asia,Facebook,5,4.5,10,Sometimes,74,Content creation,7.7,15,0,8,7,4,4,7,2,Yes,"Yes, succeeded",Yes,Moderate
28,Male,Student,Europe,Instagram,2,3.1,27,Every night,8,Connection with friends,7.0,16,6,8,7,6,5,4,4,No,"Yes, failed",Considering it,Moderate
22,Male,Full-time employed,Asia,Instagram,4,2.1,36,Often,62,Entertainment,7.9,14,2,10,5,5,4,2,1,No,No,No,Moderate
13,Female,Self-employed,Latin America,YouTube,3,7.2,51,Never,20,Entertainment,8.0,17,1,8,8,3,8,10,3,No,"Yes, succeeded",No,At-risk
14,Female,Self-employed,North America,TikTok,1,1.4,26,Often,14,Passing time/boredom,6.5,11,8,8,3,9,7,5,2,Yes,"Yes, failed",No,Moderate
13,Female,Part-time employed,Europe,Facebook,3,4.7,40,Often,27,Passing time/boredom,6.6,10,0,8,6,9,9,5,4,No,"Yes, failed",No,Moderate
37,Male,Unemployed,Europe,TikTok,5,3.1,74,Sometimes,37,Entertainment,6.7,20,1,8,6,9,7,3,4,Yes,"Yes, succeeded",Considering it,At-risk
25,Male,Student,Europe,Facebook,4,4.0,20,Sometimes,27,News/information,7.2,5,6,8,1,7,5,6,4,No,No,Yes,Good
27,Male,Self-employed,Europe,Facebook,1,2.2,50,Sometimes,26,Passing time/boredom,6.4,13,12,7,2,10,7,5,3,No,"Yes, failed",Yes,Moderate
41,Female,Self-employed,North America,TikTok,1,2.0,31,Every night,15,Passing time/boredom,6.8,6,9,10,1,6,4,6,3,No,No,Yes,Good
38,Female,Part-time employed,Europe,X/Twitter,4,3.1,37,Sometimes,14,Work/career,7.5,10,2,9,5,10,2,8,4,No,"Yes, failed",No,Moderate
24,Female,Self-employed,Oceania,Instagram,7,1.8,42,Sometimes,27,Content creation,8.6,14,0,5,7,4,1,3,5,Yes,No,Considering it,Moderate
13,Female,Full-time employed,Africa,TikTok,6,1.7,49,Sometimes,6,Entertainment,7.9,18,9,8,2,5,4,6,4,No,"Yes, succeeded",Yes,At-risk
23,Female,Student,North America,TikTok,5,4.0,48,Sometimes,21,Connection with friends,8.0,7,3,8,2,8,4,4,1,No,No,Yes,Good
39,Male,Student,North America,Instagram,5,3.8,77,Never,32,Content creation,6.9,12,5,8,7,5,1,6,1,No,No,Yes,Moderate
38,Male,Student,Europe,YouTube,1,1.7,23,Often,11,Work/career,6.4,15,2,5,7,6,1,3,2,No,No,No,Moderate
27,Male,Part-time employed,Asia,YouTube,2,0.2,5,Never,8,News/information,9.0,0,1,9,5,7,1,5,3,Yes,"Yes, failed",No,Good
17,Female,Student,Asia,TikTok,4,4.6,38,Never,3,Connection with friends,6.6,12,5,5,3,7,5,5,1,No,No,No,Moderate
13,Female,Part-time employed,North America,Instagram,5,3.3,33,Often,1,Entertainment,7.4,12,0,5,1,5,10,6,1,Yes,No,No,Moderate
44,Non-binary,Retired,Asia,Facebook,6,1.0,6,Sometimes,17,Connection with friends,8.5,6,6,7,5,7,1,2,2,No,"Yes, succeeded",No,Good
23,Female,Full-time employed,Africa,X/Twitter,2,6.0,124,Often,12,Entertainment,6.5,11,0,6,4,6,3,4,3,No,No,Considering it,Moderate
34,Male,Full-time employed,Asia,YouTube,6,6.1,90,Sometimes,8,News/information,7.6,8,3,6,3,5,5,9,1,No,"Yes, failed",No,Good
39,Female,Full-time employed,Europe,Reddit,1,6.2,73,Sometimes,14,Entertainment,6.4,19,2,4,5,1,6,8,3,No,No,No,At-risk
33,Male,Full-time employed,North America,TikTok,3,2.6,96,Often,30,News/information,6.3,14,4,6,6,7,4,8,4,No,No,Considering it,Moderate
34,Male,Full-time employed,Asia,TikTok,6,8.0,113,Often,31,Entertainment,6.1,22,0,4,3,7,6,9,2,No,No,Considering it,At-risk
35,Female,Student,Europe,Instagram,2,3.5,65,Every night,10,Connection with friends,5.2,21,7,7,2,8,5,8,4,No,No,Considering it,At-risk
34,Prefer not to say,Full-time employed,North America,TikTok,3,3.6,105,Every night,23,Passing time/boredom,6.3,11,4,7,3,4,10,4,3,Yes,No,No,Moderate
15,Male,Full-time employed,North America,Facebook,2,1.8,6,Every night,66,Connection with friends,6.1,8,9,9,4,5,1,3,1,Yes,"Yes, failed",No,Good
33,Female,Part-time employed,Europe,Facebook,5,1.5,69,Sometimes,4,News/information,8.0,12,5,6,3,5,3,4,2,Yes,No,Considering it,Moderate
27,Female,Full-time employed,North America,TikTok,5,4.2,85,Sometimes,23,Work/career,5.6,10,5,5,6,6,3,7,3,Yes,"Yes, succeeded",No,Moderate
28,Male,Self-employed,Asia,Instagram,4,7.7,139,Sometimes,4,Content creation,6.2,14,0,5,7,6,5,6,4,Yes,No,No,Moderate
26,Female,Part-time employed,Latin America,YouTube,3,1.3,36,Often,20,Connection with friends,6.9,20,10,10,4,6,4,4,3,No,"Yes, succeeded",No,At-risk
13,Male,Full-time employed,North America,X/Twitter,5,4.5,140,Every night,13,News/information,7.0,19,2,5,4,7,3,8,3,Yes,No,No,At-risk
30,Female,Full-time employed,Asia,YouTube,4,10.3,80,Never,4,News/information,5.6,16,0,4,6,5,6,9,2,No,"Yes, succeeded",No,Moderate
36,Male,Student,Africa,TikTok,2,6.5,23,Sometimes,30,Entertainment,7.0,9,1,4,7,8,6,7,2,No,No,Considering it,Good
60,Female,Full-time employed,North America,YouTube,7,7.1,345,Often,20,Passing time/boredom,6.9,21,0,6,10,5,8,1,3,No,"Yes, succeeded",No,At-risk
13,Female,Full-time employed,Europe,TikTok,3,4.8,107,Often,21,Entertainment,7.4,18,4,6,4,7,6,7,2,No,"Yes, failed",No,At-risk
38,Male,Full-time employed,North America,Instagram,4,3.0,66,Sometimes,14,Entertainment,7.2,7,0,7,4,7,1,3,1,No,No,No,Good
43,Male,Student,Africa,Instagram,1,2.1,12,Sometimes,25,Entertainment,7.4,11,2,8,6,8,2,4,1,Yes,No,Yes,Moderate
20,Female,Full-time employed,Latin America,Instagram,3,2.8,64,Often,12,Work/career,6.1,15,7,10,7,8,6,3,3,No,"Yes, succeeded",Considering it,Moderate
35,Male,Student,Asia,Instagram,4,1.8,15,Never,30,Passing time/boredom,7.2,12,4,10,2,6,5,1,2,Yes,"Yes, failed",No,Moderate
28,Male,Unemployed,Europe,YouTube,4,3.6,45,Every night,12,Passing time/boredom,6.8,20,0,7,5,6,7,2,4,No,No,No,At-risk
24,Male,Full-time employed,Asia,TikTok,1,3.6,106,Sometimes,6,Connection with friends,6.8,12,7,4,6,4,4,6,5,No,No,No,Moderate
37,Female,Student,Europe,Instagram,5,1.2,25,Every night,3,Content creation,6.7,11,9,9,2,8,7,3,2,No,No,Yes,Moderate
35,Female,Full-time employed,Europe,Instagram,3,3.0,54,Often,1,News/information,6.5,10,2,7,3,7,4,6,1,No,"Yes, failed",No,Moderate
23,Male,Student,Europe,Snapchat,2,5.2,57,Never,24,Content creation,7.0,22,3,5,3,4,7,5,0,No,"Yes, failed",No,At-risk
28,Male,Full-time employed,North America,TikTok,1,1.0,10,Sometimes,1,Content creation,7.1,8,3,7,3,7,5,2,2,No,"Yes, failed",Considering it,Good
32,Male,Full-time employed,Asia,Instagram,3,3.8,33,Sometimes,21,Connection with friends,5.4,18,3,5,5,5,5,7,4,Yes,No,No,At-risk
35,Non-binary,Student,Europe,TikTok,5,5.0,78,Never,31,Entertainment,5.9,11,5,7,6,8,10,4,1,No,No,No,Moderate
34,Female,Full-time employed,Europe,X/Twitter,2,0.7,23,Never,35,Entertainment,8.1,7,10,7,4,7,6,1,3,Yes,No,No,Moderate
45,Female,Part-time employed,Latin America,TikTok,3,0.5,11,Often,14,News/information,6.1,3,6,7,4,7,6,8,6,No,No,No,Good
26,Female,Part-time employed,Asia,TikTok,2,2.2,35,Every night,43,Content creation,5.7,9,0,9,5,6,7,8,3,Yes,No,No,Good
22,Female,Part-time employed,Asia,Instagram,4,4.5,94,Sometimes,19,Entertainment,7.0,14,0,5,4,7,4,6,4,No,No,Yes,Moderate
28,Male,Student,North America,Snapchat,4,4.7,167,Never,28,News/information,8.1,12,7,4,5,6,4,6,4,No,"Yes, failed",No,Moderate
22,Female,Part-time employed,Europe,YouTube,3,1.7,20,Often,4,News/information,5.7,9,7,6,2,3,6,6,1,No,"Yes, succeeded",Yes,Good
42,Male,Full-time employed,North America,YouTube,2,4.0,85,Sometimes,15,Connection with friends,7.4,15,7,9,3,6,8,4,5,No,No,Considering it,Moderate
38,Male,Full-time employed,Asia,Instagram,3,3.2,124,Never,23,Entertainment,7.0,8,5,6,5,6,7,5,2,No,"Yes, failed",Yes,Good
35,Female,Full-time employed,Asia,Instagram,4,1.9,27,Sometimes,3,Entertainment,7.3,11,1,4,3,8,4,7,4,Yes,No,Considering it,Moderate
13,Male,Full-time employed,Asia,Facebook,4,4.2,45,Sometimes,11,Passing time/boredom,7.1,8,9,7,8,5,2,4,4,No,"Yes, failed",No,Good
33,Male,Student,Asia,Snapchat,1,1.8,17,Sometimes,21,Entertainment,7.0,6,8,5,4,6,3,6,4,No,No,Considering it,Good
19,Male,Full-time employed,Asia,Instagram,4,3.0,16,Every night,11,News/information,6.0,14,0,6,2,9,5,7,4,No,"Yes, failed",No,Moderate
17,Male,Full-time employed,Latin America,Instagram,6,2.5,38,Sometimes,52,Content creation,7.5,16,3,7,2,7,6,1,3,No,"Yes, failed",No,Moderate
18,Male,Full-time employed,North America,TikTok,5,1.2,19,Never,24,Work/career,8.1,8,5,6,5,10,4,2,3,No,"Yes, failed",Considering it,Good
13,Female,Full-time employed,Europe,YouTube,6,2.2,27,Often,10,News/information,7.6,16,0,6,4,3,3,3,1,No,No,No,Moderate
23,Male,Self-employed,Europe,YouTube,2,3.3,61,Sometimes,47,Connection with friends,7.6,8,5,6,7,5,6,3,2,Yes,"Yes, succeeded",No,Good
20,Male,Full-time employed,North America,YouTube,3,0.9,11,Sometimes,15,Content creation,8.9,6,3,7,3,7,2,5,3,No,No,No,Good
47,Female,Unemployed,North America,Instagram,3,0.7,14,Often,8,Passing time/boredom,7.1,6,4,7,1,4,5,7,1,No,No,No,Good
26,Female,Full-time employed,Europe,YouTube,3,1.1,12,Often,10,Entertainment,8.4,13,0,9,5,10,4,2,3,Yes,No,No,Moderate
13,Male,Student,Asia,Reddit,4,4.9,166,Sometimes,19,Entertainment,7.5,20,2,6,7,6,7,4,1,Yes,No,Yes,At-risk
20,Female,Student,Latin America,Instagram,6,1.0,19,Often,15,Work/career,7.3,11,3,9,5,10,3,4,1,No,No,No,Moderate
22,Female,Self-employed,Asia,YouTube,2,3.3,113,Sometimes,39,Entertainment,7.6,14,1,6,7,5,4,2,2,No,No,Considering it,Moderate
35,Male,Student,Asia,YouTube,3,0.7,30,Never,21,News/information,7.5,0,2,8,4,10,2,4,1,No,"Yes, failed",No,Good
24,Female,Full-time employed,Europe,TikTok,2,2.3,49,Never,27,Content creation,7.4,9,4,10,5,6,2,3,2,No,"Yes, failed",No,Good
37,Female,Student,Europe,Snapchat,3,2.1,24,Sometimes,9,Connection with friends,7.4,12,7,9,5,6,1,7,2,No,"Yes, failed",No,Moderate
17,Female,Student,Europe,X/Twitter,7,2.9,28,Sometimes,7,Entertainment,6.8,8,6,7,5,6,4,2,3,No,No,Yes,Good
24,Female,Student,North America,TikTok,5,1.3,78,Often,12,Entertainment,5.9,11,1,6,2,7,7,6,2,Yes,No,No,Moderate
30,Female,Part-time employed,Europe,Instagram,6,4.3,27,Every night,21,Entertainment,5.2,15,0,5,5,8,3,2,1,No,No,Yes,Moderate
13,Female,Full-time employed,North America,YouTube,3,7.6,91,Sometimes,43,Passing time/boredom,6.4,13,0,6,5,3,8,6,4,No,"Yes, failed",No,Moderate
17,Non-binary,Student,North America,TikTok,3,1.6,48,Sometimes,16,News/information,6.8,6,0,7,4,5,4,3,3,Yes,No,No,Good
29,Female,Part-time employed,Asia,X/Twitter,4,3.2,86,Sometimes,23,News/information,6.1,10,0,6,3,6,5,5,4,No,No,Yes,Moderate
13,Male,Unemployed,Africa,Instagram,6,4.1,44,Never,15,Connection with friends,6.7,14,2,5,4,5,7,4,2,Yes,No,Considering it,Moderate
13,Non-binary,Student,Latin America,Facebook,1,1.7,48,Never,20,Passing time/boredom,7.9,7,5,7,4,5,3,9,3,No,"Yes, failed",No,Good
20,Female,Student,North America,Reddit,2,13.5,189,Often,36,Content creation,6.3,27,0,5,4,3,6,10,2,No,No,No,At-risk
51,Non-binary,Self-employed,North America,Snapchat,6,3.8,95,Never,5,Connection with friends,7.8,16,0,7,7,9,3,2,3,No,"Yes, failed",Considering it,Moderate
36,Female,Student,Europe,Instagram,1,3.1,32,Sometimes,10,News/information,6.7,13,5,7,4,5,1,5,1,No,"Yes, failed",No,Moderate
24,Female,Full-time employed,Asia,Facebook,5,3.4,42,Often,27,News/information,7.2,10,0,10,4,5,5,4,3,Yes,No,No,Moderate
27,Male,Full-time employed,Latin America,YouTube,2,0.6,8,Every night,5,Entertainment,6.7,8,10,8,3,3,1,4,5,No,"Yes, failed",No,Moderate
27,Male,Full-time employed,Europe,Instagram,2,1.2,27,Sometimes,21,Entertainment,7.6,9,7,7,5,6,1,3,3,No,"Yes, failed",No,Good
29,Male,Student,North America,YouTube,2,6.0,114,Sometimes,53,Work/career,7.6,13,8,9,3,9,6,7,3,Yes,"Yes, succeeded",Considering it,Moderate
25,Male,Full-time employed,Asia,Reddit,1,6.0,66,Never,3,Connection with friends,5.9,16,13,7,3,7,6,8,3,No,No,Yes,Moderate
33,Male,Full-time employed,Europe,X/Twitter,2,2.5,72,Sometimes,17,Connection with friends,6.4,9,6,8,6,10,5,8,3,No,No,Considering it,Good
28,Female,Retired,Latin America,Instagram,2,4.8,38,Often,26,Connection with friends,6.7,10,0,5,2,7,10,5,2,Yes,No,Yes,Moderate
48,Male,Self-employed,Latin America,YouTube,2,4.6,80,Every night,28,Content creation,6.3,11,1,6,1,6,5,7,3,Yes,"Yes, succeeded",Considering it,Moderate
30,Female,Student,Asia,Instagram,3,2.4,71,Every night,13,Entertainment,6.5,11,7,6,4,4,5,5,3,No,"Yes, failed",Yes,Moderate
27,Female,Self-employed,Europe,Facebook,1,3.6,26,Sometimes,1,Content creation,6.5,11,7,7,3,6,7,4,4,No,"Yes, succeeded",No,Moderate
22,Female,Full-time employed,North America,Reddit,5,3.1,43,Sometimes,18,Connection with friends,6.7,12,7,10,4,6,5,6,3,No,"Yes, succeeded",Yes,Moderate
28,Female,Retired,Europe,YouTube,4,2.1,37,Every night,31,News/information,7.4,11,5,6,8,9,5,7,2,No,No,No,Moderate
28,Female,Student,Asia,Facebook,3,7.0,254,Never,12,Passing time/boredom,7.8,11,0,6,8,8,2,10,3,Yes,"Yes, failed",No,Moderate
40,Female,Part-time employed,Asia,YouTube,2,6.2,132,Never,9,Entertainment,6.3,22,1,3,7,4,7,5,3,No,No,No,At-risk
36,Male,Unemployed,Asia,Snapchat,1,8.2,155,Sometimes,19,Connection with friends,6.2,23,1,8,5,6,3,8,3,No,No,Yes,At-risk
25,Female,Student,Asia,X/Twitter,3,1.9,51,Often,22,Work/career,6.2,14,15,8,5,5,5,2,3,Yes,"Yes, failed",No,Moderate
15,Male,Student,Asia,Instagram,5,2.0,73,Often,20,Entertainment,6.0,7,2,5,2,8,4,8,0,No,No,No,Good
32,Female,Part-time employed,Asia,Facebook,7,3.7,22,Every night,30,Entertainment,6.9,9,0,6,5,7,4,5,5,No,No,No,Good
36,Male,Student,Asia,YouTube,5,6.2,206,Sometimes,15,Entertainment,6.0,16,4,8,6,7,7,6,4,No,No,Yes,Moderate
44,Female,Full-time employed,Europe,TikTok,4,6.6,132,Sometimes,17,Connection with friends,6.5,15,0,5,3,3,9,6,4,No,No,No,Moderate
28,Female,Full-time employed,Latin America,Instagram,1,4.3,32,Often,25,Content creation,6.1,7,4,8,5,5,7,8,3,No,No,No,Good
22,Male,Retired,Europe,LinkedIn,6,5.6,126,Every night,11,Work/career,5.4,15,0,5,3,9,6,5,3,No,"Yes, succeeded",Considering it,Moderate
30,Female,Full-time employed,Africa,Instagram,2,2.1,23,Sometimes,6,News/information,7.0,14,11,7,1,5,4,5,2,No,"Yes, failed",Considering it,Moderate
43,Non-binary,Part-time employed,Europe,Instagram,4,3.5,64,Every night,20,Entertainment,7.2,7,0,10,3,2,5,1,3,No,"Yes, failed",Yes,Good
26,Male,Full-time employed,Asia,TikTok,2,1.9,5,Often,43,Entertainment,6.6,11,1,5,4,5,5,7,4,No,"Yes, failed",Considering it,Moderate
32,Male,Unemployed,Asia,YouTube,4,4.0,105,Often,20,Entertainment,7.2,16,0,7,2,6,3,7,3,No,"Yes, failed",No,Moderate
33,Male,Unemployed,North America,X/Twitter,3,5.1,49,Often,42,Connection with friends,6.7,14,3,5,8,2,3,7,5,No,"Yes, failed",No,Moderate
25,Male,Full-time employed,Europe,LinkedIn,1,5.6,173,Often,18,Connection with friends,6.2,8,5,4,6,5,7,4,4,Yes,"Yes, failed",No,Good
34,Female,Retired,North America,Reddit,5,5.9,18,Often,17,Entertainment,6.4,15,4,5,5,7,7,7,4,No,"Yes, succeeded",Yes,Moderate
37,Female,Part-time employed,North America,YouTube,3,6.8,88,Sometimes,20,Passing time/boredom,6.8,16,5,4,4,6,6,9,3,No,"Yes, failed",No,Moderate
37,Male,Student,Latin America,Instagram,6,3.8,62,Often,21,Connection with friends,7.3,5,4,8,5,2,1,7,1,No,"Yes, failed",No,Good
32,Female,Student,North America,YouTube,2,1.1,12,Never,6,Entertainment,7.5,7,4,10,8,9,1,3,1,No,No,Yes,Good
30,Female,Self-employed,Asia,Instagram,1,7.1,228,Sometimes,13,Passing time/boredom,6.2,20,2,6,9,7,7,4,4,No,No,Considering it,At-risk
31,Female,Student,North America,Instagram,4,3.0,53,Sometimes,34,Passing time/boredom,6.7,12,5,6,4,9,6,6,2,No,"Yes, failed",No,Moderate
30,Female,Full-time employed,North America,Instagram,2,4.9,263,Sometimes,32,Work/career,6.6,18,5,7,4,6,6,2,3,No,No,Considering it,At-risk
50,Non-binary,Retired,Asia,Reddit,3,0.8,8,Every night,12,Work/career,6.5,4,4,10,10,4,8,4,4,No,"Yes, succeeded",No,Good
46,Male,Part-time employed,Oceania,Facebook,3,2.4,52,Never,5,News/information,7.8,7,7,6,3,9,4,4,3,No,"Yes, failed",No,Good
36,Female,Part-time employed,North America,YouTube,3,0.7,5,Often,28,Work/career,8.0,7,4,7,4,3,1,5,2,No,"Yes, failed",Considering it,Good
15,Male,Unemployed,Africa,TikTok,3,2.7,9,Never,59,Connection with friends,7.5,4,6,6,6,4,4,9,2,Yes,No,No,Good
18,Female,Student,Latin America,Instagram,3,6.0,164,Sometimes,13,Passing time/boredom,5.5,9,0,6,5,6,4,3,1,No,"Yes, failed",Considering it,Good
21,Female,Student,North America,TikTok,5,3.2,43,Sometimes,11,Entertainment,7.5,16,1,8,3,7,3,5,4,No,No,Yes,Moderate
30,Female,Student,North America,Snapchat,4,7.1,105,Often,7,Passing time/boredom,6.1,18,5,3,4,2,7,9,2,Yes,No,Yes,At-risk
13,Female,Student,Asia,Snapchat,3,4.4,117,Often,8,Passing time/boredom,7.1,11,7,9,1,5,6,8,3,No,No,No,Moderate
28,Prefer not to say,Part-time employed,Asia,TikTok,1,4.3,56,Every night,2,Content creation,7.0,6,7,6,7,6,5,5,3,Yes,"Yes, failed",Considering it,Good
49,Male,Student,North America,YouTube,1,4.3,61,Sometimes,10,Passing time/boredom,5.5,5,0,8,5,5,5,6,1,No,"Yes, succeeded",No,Good
36,Male,Full-time employed,North America,YouTube,5,5.0,53,Often,18,News/information,6.2,13,1,7,5,8,4,7,1,No,"Yes, failed",Yes,Moderate
39,Male,Student,Europe,YouTube,2,5.5,31,Sometimes,24,Passing time/boredom,6.4,14,2,8,7,5,6,7,0,Yes,No,Yes,Moderate
25,Male,Full-time employed,Latin America,Reddit,2,8.2,76,Sometimes,10,Entertainment,7.8,13,0,7,9,6,9,7,1,Yes,"Yes, failed",Yes,Moderate
35,Male,Self-employed,Latin America,X/Twitter,1,2.3,26,Sometimes,12,Entertainment,8.1,15,4,9,6,7,3,5,4,Yes,"Yes, failed",No,Moderate
33,Female,Full-time employed,Europe,TikTok,3,5.0,94,Often,53,Connection with friends,7.3,23,5,6,5,4,4,7,3,No,"Yes, failed",No,At-risk
23,Female,Student,Africa,TikTok,5,2.2,96,Every night,10,News/information,7.4,11,3,7,4,4,4,5,1,Yes,"Yes, failed",No,Moderate
27,Female,Student,Latin America,Instagram,6,3.0,71,Sometimes,16,Entertainment,8.6,5,0,6,4,5,7,1,4,No,"Yes, failed",No,Good
14,Non-binary,Part-time employed,North America,Instagram,6,2.1,42,Every night,45,Entertainment,6.7,11,2,6,5,10,4,6,4,No,No,No,Moderate
44,Male,Student,Asia,YouTube,6,2.1,21,Sometimes,13,Entertainment,8.6,4,0,7,3,9,3,7,5,No,No,Considering it,Good
36,Female,Retired,North America,TikTok,3,2.8,23,Sometimes,23,Content creation,6.9,11,0,8,6,5,4,6,4,No,"Yes, failed",Considering it,Moderate
23,Female,Student,Europe,YouTube,5,1.0,5,Often,25,News/information,7.6,6,6,7,6,6,1,2,2,No,No,Yes,Good
26,Female,Student,Asia,YouTube,2,5.3,95,Often,29,Entertainment,6.9,9,0,8,4,5,3,4,4,Yes,"Yes, failed",No,Good
25,Female,Full-time employed,North America,Snapchat,2,3.1,89,Often,6,Passing time/boredom,7.1,12,3,8,4,6,4,5,6,Yes,"Yes, failed",No,Moderate
16,Male,Student,Oceania,YouTube,4,3.8,37,Often,18,News/information,7.8,12,0,7,5,9,6,5,3,No,No,No,Moderate
34,Male,Student,Europe,Instagram,6,8.2,40,Often,18,Connection with friends,5.7,16,0,7,2,5,6,7,2,Yes,No,No,Moderate
28,Female,Student,North America,Instagram,4,6.4,378,Sometimes,9,Work/career,6.0,16,0,5,5,4,8,7,1,Yes,"Yes, failed",No,Moderate
21,Prefer not to say,Student,Europe,TikTok,6,2.4,19,Every night,11,Connection with friends,7.3,9,8,6,1,7,4,2,3,No,No,Considering it,Good
17,Non-binary,Student,Oceania,Instagram,3,2.1,39,Often,38,News/information,5.9,11,0,10,7,7,6,5,3,No,No,No,Moderate
33,Female,Part-time employed,Europe,TikTok,3,4.1,264,Often,66,Entertainment,7.8,7,4,7,4,8,4,3,1,No,"Yes, succeeded",Yes,Good
31,Male,Part-time employed,North America,Facebook,4,1.9,16,Every night,4,Passing time/boredom,6.4,13,2,8,3,8,5,4,4,Yes,No,No,Moderate
35,Male,Unemployed,Asia,Snapchat,4,3.1,116,Never,11,Entertainment,8.1,8,3,6,2,9,5,4,6,Yes,No,Yes,Good
31,Male,Full-time employed,Latin America,X/Twitter,5,3.0,21,Never,6,Work/career,7.7,7,11,7,2,4,1,7,3,No,"Yes, failed",Considering it,Moderate
40,Male,Student,Europe,Reddit,2,4.2,185,Sometimes,20,Passing time/boredom,9.0,10,0,8,5,4,3,3,5,No,No,No,Moderate
23,Female,Full-time employed,North America,TikTok,3,3.2,88,Often,32,Entertainment,6.9,6,2,7,4,7,4,1,1,No,No,No,Good
34,Male,Full-time employed,Europe,Facebook,6,3.6,30,Never,30,Content creation,6.8,14,5,6,5,6,8,8,3,No,"Yes, succeeded",Yes,Moderate
23,Female,Student,Africa,YouTube,5,1.6,9,Often,12,Entertainment,5.9,11,1,9,5,6,3,7,4,No,No,Considering it,Moderate
18,Male,Student,Asia,YouTube,8,5.6,397,Never,24,Work/career,7.0,11,0,8,5,7,6,6,3,Yes,"Yes, failed",No,Moderate
27,Female,Student,North America,YouTube,3,2.1,75,Sometimes,25,Work/career,8.5,4,11,10,1,6,1,5,3,Yes,"Yes, failed",No,Moderate
22,Female,Unemployed,Europe,X/Twitter,1,2.7,46,Every night,25,Connection with friends,6.2,7,5,8,5,5,10,8,4,No,No,No,Good
20,Female,Full-time employed,Latin America,Facebook,5,6.3,184,Often,69,Work/career,6.3,21,0,7,10,3,4,8,2,Yes,No,Yes,At-risk
13,Male,Part-time employed,Asia,TikTok,2,2.2,17,Never,9,Connection with friends,6.4,7,4,7,4,6,3,6,4,No,No,Considering it,Good
32,Male,Part-time employed,Asia,Instagram,4,0.7,16,Often,3,Work/career,7.0,6,10,9,5,8,4,2,2,No,No,No,Moderate
27,Male,Full-time employed,North America,TikTok,5,4.5,150,Every night,31,Entertainment,6.4,14,3,6,1,8,8,6,2,No,No,Considering it,Moderate
16,Male,Student,Africa,TikTok,3,2.4,101,Never,36,Work/career,6.9,10,10,8,6,8,1,2,1,No,"Yes, succeeded",No,Moderate
19,Male,Full-time employed,Asia,X/Twitter,3,3.8,263,Sometimes,66,News/information,8.3,12,4,6,3,7,3,1,3,No,No,No,Moderate
35,Male,Student,Asia,LinkedIn,6,1.6,22,Often,12,Entertainment,6.6,10,0,9,4,6,8,6,2,No,No,Yes,Moderate
36,Non-binary,Student,Asia,Instagram,2,5.2,37,Never,19,Passing time/boredom,7.2,8,0,7,7,3,4,10,2,Yes,No,Yes,Good
42,Non-binary,Student,Latin America,TikTok,3,1.5,35,Sometimes,22,Entertainment,8.9,3,3,9,5,9,1,4,3,No,No,No,Good
30,Female,Unemployed,North America,TikTok,2,7.7,147,Sometimes,35,Connection with friends,6.8,19,0,3,9,6,7,9,3,No,No,No,At-risk
30,Female,Student,Asia,X/Twitter,7,4.2,108,Often,5,Connection with friends,6.7,13,0,8,4,4,7,8,1,Yes,No,No,Moderate
18,Female,Retired,Asia,TikTok,1,4.6,96,Often,10,News/information,6.2,1,0,6,9,4,5,2,2,No,"Yes, failed",Considering it,Good
23,Male,Unemployed,Europe,TikTok,8,4.4,28,Sometimes,15,Entertainment,6.7,11,0,6,3,3,9,6,5,Yes,No,No,Moderate
23,Male,Student,Latin America,Instagram,1,5.5,169,Sometimes,9,News/information,7.8,14,0,5,4,9,9,5,5,No,"Yes, failed",No,Moderate
45,Female,Full-time employed,Asia,Instagram,3,3.2,102,Sometimes,27,Work/career,7.9,7,8,8,7,6,5,4,6,No,"Yes, failed",No,Good
32,Female,Student,Asia,YouTube,3,2.4,28,Sometimes,23,Entertainment,7.3,10,6,5,4,7,4,5,2,No,"Yes, succeeded",No,Moderate
35,Female,Student,Asia,Instagram,6,2.4,26,Sometimes,6,Connection with friends,7.6,12,7,6,4,6,5,4,1,No,"Yes, failed",No,Moderate
13,Non-binary,Student,North America,TikTok,3,4.4,73,Sometimes,20,News/information,5.9,11,5,8,9,6,3,3,3,No,No,Yes,Moderate
28,Female,Full-time employed,Asia,Instagram,1,4.4,67,Sometimes,29,News/information,8.0,8,8,8,7,6,6,10,4,No,No,No,Good
21,Male,Self-employed,North America,Instagram,1,4.1,74,Often,36,Entertainment,6.6,5,2,4,2,6,4,5,2,Yes,No,No,Good
49,Female,Full-time employed,Asia,YouTube,3,5.7,33,Every night,21,Content creation,6.1,13,0,7,6,5,2,9,5,Yes,"Yes, failed",No,Moderate
13,Female,Full-time employed,North America,Snapchat,3,5.6,72,Sometimes,18,Content creation,5.9,8,0,8,4,2,3,6,2,No,No,No,Good
17,Female,Part-time employed,Asia,Snapchat,3,3.2,81,Sometimes,17,Connection with friends,7.1,16,4,7,8,6,6,3,0,No,No,No,Moderate
31,Female,Part-time employed,Africa,TikTok,2,1.8,28,Sometimes,6,Work/career,6.6,8,2,7,4,7,2,8,4,Yes,"Yes, succeeded",No,Good
39,Male,Student,Europe,TikTok,3,3.0,209,Sometimes,12,Entertainment,6.8,10,1,8,3,4,5,6,3,No,No,Considering it,Moderate
26,Male,Unemployed,Asia,LinkedIn,3,4.2,45,Every night,31,Content creation,5.6,15,0,6,5,6,7,5,3,No,"Yes, succeeded",Considering it,Moderate
36,Female,Full-time employed,Africa,X/Twitter,7,4.8,59,Often,55,News/information,6.9,13,0,8,5,4,9,3,3,Yes,No,No,Moderate
18,Female,Student,North America,TikTok,3,2.5,14,Often,7,News/information,7.1,13,4,10,4,8,5,6,5,Yes,No,Considering it,Moderate
41,Male,Part-time employed,Europe,Instagram,5,3.1,73,Never,12,Entertainment,7.5,11,4,8,7,5,7,4,3,Yes,No,Considering it,Moderate
29,Female,Student,Oceania,Instagram,3,2.6,63,Every night,19,Connection with friends,6.4,15,6,8,3,8,2,4,4,No,No,Considering it,Moderate
30,Female,Student,North America,YouTube,4,2.7,53,Often,17,Connection with friends,7.4,12,2,6,5,7,2,8,5,No,No,No,Moderate
25,Female,Full-time employed,North America,Instagram,3,3.2,61,Every night,20,Work/career,5.6,16,5,8,5,5,5,4,2,No,"Yes, succeeded",No,Moderate
37,Male,Self-employed,North America,Snapchat,3,2.7,16,Often,10,Entertainment,6.5,10,3,8,2,6,7,6,2,No,"Yes, failed",Considering it,Moderate
30,Female,Student,Asia,Facebook,3,6.6,130,Never,7,Entertainment,6.4,25,4,7,9,4,7,8,1,No,No,Yes,At-risk
38,Male,Full-time employed,Asia,X/Twitter,5,1.0,11,Sometimes,17,Content creation,6.2,9,2,6,4,7,9,6,2,No,No,No,Good
40,Female,Unemployed,Europe,YouTube,5,1.6,34,Never,43,Work/career,7.5,2,3,6,3,4,1,2,4,Yes,"Yes, failed",No,Good
34,Male,Full-time employed,North America,TikTok,4,3.3,23,Often,21,Connection with friends,7.7,14,3,6,7,6,5,8,5,No,"Yes, failed",No,Moderate
25,Female,Student,Asia,TikTok,5,1.9,48,Never,3,Connection with friends,6.6,9,2,8,6,5,6,3,4,No,"Yes, succeeded",Yes,Good
27,Male,Full-time employed,Asia,Instagram,3,4.3,72,Often,31,News/information,5.8,12,0,8,8,9,7,1,5,No,"Yes, failed",No,Moderate
13,Female,Student,Latin America,Instagram,1,1.2,28,Sometimes,2,Content creation,7.7,7,10,8,2,8,2,4,2,Yes,No,No,Moderate
26,Male,Part-time employed,Europe,YouTube,6,2.6,109,Sometimes,8,Content creation,6.9,5,10,6,4,8,5,6,4,Yes,"Yes, failed",Yes,Moderate
29,Male,Student,Europe,YouTube,4,2.7,26,Sometimes,12,Entertainment,7.4,10,5,6,5,8,6,6,2,Yes,"Yes, succeeded",No,Moderate
43,Female,Student,Europe,YouTube,2,0.3,5,Often,31,Connection with friends,6.2,7,9,10,7,7,3,6,5,Yes,No,No,Good
23,Male,Part-time employed,Asia,TikTok,8,2.5,117,Every night,40,Entertainment,7.0,15,1,8,7,6,3,3,1,Yes,No,No,Moderate
37,Female,Unemployed,North America,TikTok,5,2.9,114,Every night,21,Entertainment,5.7,15,0,8,1,8,3,9,1,No,No,No,Moderate
38,Female,Student,North America,Instagram,6,8.5,226,Often,3,Entertainment,5.4,12,0,5,10,5,3,9,1,No,"Yes, failed",No,Moderate
29,Non-binary,Unemployed,Asia,Facebook,3,2.4,45,Sometimes,17,Entertainment,6.6,9,4,8,4,5,1,3,3,No,"Yes, succeeded",No,Good
27,Female,Full-time employed,North America,Reddit,4,4.0,213,Sometimes,21,Entertainment,7.4,11,0,8,5,5,3,6,4,Yes,No,Yes,Moderate
29,Female,Full-time employed,Asia,YouTube,2,1.7,95,Every night,14,News/information,5.3,0,8,10,9,4,2,3,2,No,No,Yes,Good
26,Female,Retired,Europe,Snapchat,4,1.7,10,Often,5,Entertainment,6.6,14,4,10,3,10,4,4,1,Yes,No,Yes,Moderate
29,Female,Student,Europe,Instagram,4,4.0,114,Sometimes,19,Content creation,8.0,14,2,7,2,6,6,9,1,Yes,"Yes, failed",Considering it,Moderate
18,Male,Student,Oceania,X/Twitter,2,6.6,64,Often,13,Entertainment,5.9,20,3,5,5,3,9,6,3,No,No,No,At-risk
32,Female,Retired,North America,Instagram,3,2.8,85,Sometimes,22,Connection with friends,7.3,12,0,9,6,5,5,3,3,No,"Yes, failed",No,Moderate
25,Male,Part-time employed,Africa,TikTok,3,4.9,121,Often,25,Work/career,7.0,12,0,6,6,6,6,6,5,No,"Yes, failed",Yes,Moderate
35,Female,Full-time employed,Latin America,Instagram,6,5.0,30,Sometimes,22,News/information,7.7,12,3,5,7,7,8,10,2,No,"Yes, succeeded",No,Moderate
45,Female,Student,North America,Instagram,7,2.2,43,Sometimes,22,News/information,7.7,5,8,9,6,6,6,4,3,No,"Yes, failed",No,Good
33,Female,Student,Europe,YouTube,1,2.7,98,Often,8,Passing time/boredom,8.3,7,10,8,5,7,3,5,2,No,"Yes, succeeded",Considering it,Moderate
33,Female,Full-time employed,Europe,Reddit,2,3.2,92,Sometimes,28,Passing time/boredom,7.0,3,3,8,1,5,8,4,1,No,"Yes, failed",No,Good
34,Female,Unemployed,Europe,Instagram,7,2.6,46,Often,9,Content creation,7.0,7,10,6,4,5,5,6,5,No,No,Considering it,Moderate
32,Female,Student,Asia,TikTok,3,2.9,15,Often,25,Passing time/boredom,7.5,8,7,10,1,5,5,5,1,No,"Yes, failed",No,Good
39,Male,Full-time employed,Oceania,TikTok,4,4.9,96,Sometimes,59,News/information,8.7,13,5,8,3,4,5,8,1,No,No,No,Moderate
20,Female,Full-time employed,Europe,X/Twitter,3,2.1,47,Never,15,Work/career,10.0,6,10,5,4,7,4,6,1,No,No,No,Moderate
13,Female,Student,North America,Instagram,4,3.0,96,Often,31,Connection with friends,6.5,7,4,7,2,4,7,7,4,No,"Yes, failed",Considering it,Good
13,Female,Retired,Oceania,Instagram,3,3.8,28,Often,28,Connection with friends,5.4,17,0,7,3,8,7,3,4,No,"Yes, failed",No,At-risk
37,Male,Self-employed,Africa,Facebook,4,1.9,41,Never,50,Work/career,7.5,6,1,9,4,6,4,4,2,No,No,Considering it,Good
31,Female,Part-time employed,Africa,Instagram,2,4.0,30,Sometimes,7,Connection with friends,7.8,14,7,7,4,1,4,10,3,No,No,No,Moderate
42,Female,Student,Africa,Instagram,2,2.6,38,Never,15,Connection with friends,7.8,9,0,7,3,9,4,7,3,No,"Yes, failed",No,Good
35,Female,Unemployed,Europe,X/Twitter,7,4.5,244,Never,9,News/information,7.8,17,7,7,2,9,7,6,2,Yes,No,No,At-risk
25,Male,Student,Europe,X/Twitter,2,0.5,6,Every night,14,Passing time/boredom,6.5,13,6,7,6,6,1,5,3,No,No,No,Moderate
25,Female,Full-time employed,Europe,TikTok,1,5.3,40,Never,19,Connection with friends,7.1,15,1,9,8,1,8,3,5,No,No,No,Moderate
19,Female,Student,Europe,Facebook,3,2.7,49,Sometimes,8,Entertainment,6.8,5,5,7,6,6,4,5,1,No,No,Considering it,Good
30,Male,Full-time employed,Europe,TikTok,2,1.5,32,Every night,15,News/information,6.7,14,4,6,6,7,1,4,1,No,No,Yes,Moderate
36,Male,Full-time employed,Asia,X/Twitter,3,4.9,183,Often,28,Passing time/boredom,7.3,17,0,5,6,5,7,3,2,Yes,No,No,At-risk
38,Male,Full-time employed,North America,YouTube,3,4.9,93,Often,17,Connection with friends,6.4,20,0,10,9,4,6,5,4,Yes,No,No,At-risk
37,Male,Student,Asia,Instagram,6,1.9,50,Sometimes,8,Passing time/boredom,8.3,14,2,7,4,9,2,2,2,Yes,"Yes, failed",Considering it,Moderate
31,Male,Self-employed,North America,Instagram,3,1.9,21,Often,5,Connection with friends,5.9,12,11,7,5,6,4,7,4,Yes,"Yes, succeeded",No,Moderate
13,Female,Self-employed,Asia,YouTube,5,1.7,31,Sometimes,27,Passing time/boredom,7.7,1,5,7,3,3,6,4,4,No,"Yes, succeeded",No,Good
35,Male,Full-time employed,Africa,YouTube,4,7.1,57,Often,27,Entertainment,5.9,11,0,5,2,3,5,8,2,No,No,No,Moderate
13,Male,Full-time employed,Latin America,TikTok,1,6.3,274,Often,7,Entertainment,6.4,9,7,6,6,5,8,7,4,No,No,Considering it,Good
38,Male,Student,North America,YouTube,3,3.2,23,Never,14,Entertainment,7.0,12,0,7,3,7,1,9,5,No,No,Considering it,Moderate
34,Male,Unemployed,Asia,X/Twitter,3,1.1,35,Sometimes,17,News/information,7.9,3,1,7,5,5,6,8,3,No,"Yes, failed",No,Good
22,Female,Full-time employed,Europe,X/Twitter,4,3.0,42,Often,8,Connection with friends,7.4,16,7,6,7,7,6,3,3,No,No,Considering it,Moderate
24,Male,Student,Asia,Instagram,3,2.5,8,Sometimes,16,Connection with friends,7.0,11,4,5,3,8,2,8,2,Yes,"Yes, failed",No,Moderate
56,Female,Part-time employed,Europe,YouTube,3,2.6,6,Often,16,Passing time/boredom,6.9,7,7,10,3,5,7,5,3,No,No,No,Good
31,Female,Student,Europe,Reddit,6,6.7,87,Every night,25,Entertainment,5.8,14,0,6,6,9,7,9,4,Yes,No,No,Moderate
40,Female,Part-time employed,North America,TikTok,3,2.5,21,Often,6,Passing time/boredom,7.7,10,9,7,7,6,5,8,5,Yes,"Yes, failed",Yes,Moderate
22,Male,Part-time employed,Asia,Facebook,2,1.5,69,Sometimes,14,News/information,8.1,5,5,7,2,6,1,6,2,Yes,"Yes, succeeded",No,Good
37,Non-binary,Part-time employed,North America,YouTube,1,1.3,12,Never,9,News/information,7.8,4,6,6,4,9,5,2,2,No,"Yes, failed",No,Good
21,Male,Part-time employed,North America,Reddit,2,0.8,7,Often,32,Connection with friends,7.0,5,9,8,4,7,4,2,5,No,No,No,Good
38,Female,Self-employed,Asia,TikTok,3,6.2,130,Sometimes,16,Passing time/boredom,7.4,16,6,5,7,8,5,8,0,Yes,No,Yes,Moderate
35,Female,Part-time employed,Europe,X/Twitter,4,0.7,19,Often,35,Work/career,6.0,9,8,6,4,5,1,5,3,Yes,No,No,Good
38,Male,Full-time employed,Europe,YouTube,4,5.9,66,Every night,24,Work/career,6.2,14,0,6,5,6,6,8,3,No,"Yes, succeeded",No,Moderate
36,Female,Part-time employed,North America,Instagram,1,1.8,87,Every night,7,Content creation,6.7,10,6,10,5,6,2,8,2,Yes,"Yes, failed",No,Moderate
23,Female,Student,Latin America,Snapchat,3,0.9,8,Never,12,Passing time/boredom,7.5,8,10,8,5,8,7,4,4,No,"Yes, failed",No,Moderate
14,Male,Self-employed,Oceania,Facebook,5,4.9,179,Often,23,Entertainment,7.4,10,3,7,4,5,9,3,0,No,"Yes, failed",Considering it,Moderate
31,Female,Student,Asia,Reddit,6,4.3,47,Sometimes,13,Work/career,8.2,10,6,5,4,3,3,6,0,No,No,Yes,Moderate
19,Male,Part-time employed,Asia,YouTube,3,2.0,23,Often,4,Passing time/boredom,7.2,12,6,8,7,4,1,4,3,No,No,No,Moderate
36,Male,Full-time employed,Asia,Instagram,3,5.3,37,Sometimes,29,Entertainment,6.4,2,0,7,5,6,10,7,1,No,"Yes, succeeded",Considering it,Good
17,Non-binary,Self-employed,North America,Instagram,4,0.5,5,Often,6,Work/career,6.2,3,0,6,1,6,4,4,4,No,"Yes, succeeded",No,Good
29,Female,Student,Asia,TikTok,6,6.3,214,Sometimes,15,News/information,7.4,15,1,8,7,5,5,2,2,Yes,"Yes, succeeded",No,Moderate
18,Female,Unemployed,Europe,TikTok,3,4.6,104,Often,15,Entertainment,5.9,16,1,6,6,8,6,6,5,No,No,Considering it,Moderate
25,Non-binary,Student,Asia,TikTok,5,2.2,7,Sometimes,16,Work/career,6.6,9,11,7,6,3,3,5,2,No,"Yes, failed",No,Moderate
38,Male,Part-time employed,Asia,TikTok,5,2.2,18,Every night,28,News/information,7.1,10,7,7,4,7,3,6,2,No,No,Considering it,Moderate
26,Male,Student,Africa,Facebook,5,2.3,46,Sometimes,1,Content creation,8.2,7,7,7,8,7,5,4,4,No,No,No,Good
34,Male,Student,Asia,Facebook,4,1.8,26,Sometimes,16,Connection with friends,7.4,5,1,8,2,8,3,1,3,Yes,No,Considering it,Good
21,Male,Part-time employed,North America,TikTok,1,1.3,19,Sometimes,21,Entertainment,7.5,11,3,8,6,6,4,7,3,No,No,Considering it,Moderate
13,Female,Unemployed,Asia,Instagram,7,1.6,35,Sometimes,19,Connection with friends,6.9,10,14,7,5,5,8,7,1,No,"Yes, failed",Considering it,Moderate
35,Male,Student,North America,Instagram,8,1.8,67,Often,44,News/information,7.5,5,0,9,3,5,2,6,2,No,"Yes, failed",Considering it,Good
24,Male,Student,Europe,Instagram,3,2.6,41,Every night,6,News/information,6.0,10,0,4,4,6,3,4,1,Yes,"Yes, failed",No,Moderate
22,Female,Full-time employed,Asia,YouTube,1,1.6,58,Every night,30,Content creation,7.0,9,4,7,3,5,1,4,3,Yes,"Yes, failed",No,Good
13,Female,Self-employed,Asia,YouTube,2,3.3,61,Sometimes,8,News/information,8.8,12,5,6,5,7,2,6,2,No,No,No,Moderate
39,Male,Self-employed,Europe,Facebook,2,0.7,9,Never,15,Entertainment,8.1,7,4,8,3,7,2,8,3,No,No,No,Good
31,Male,Part-time employed,Asia,Instagram,4,4.4,20,Sometimes,20,Connection with friends,6.0,6,0,7,5,5,3,8,3,No,No,No,Good
19,Male,Student,Asia,TikTok,4,2.9,24,Every night,21,Connection with friends,6.9,14,0,7,6,8,2,7,4,Yes,"Yes, succeeded",No,Moderate
36,Female,Full-time employed,Africa,TikTok,1,1.0,30,Often,10,News/information,7.5,8,3,8,3,7,5,3,2,No,No,No,Good
25,Male,Full-time employed,Europe,TikTok,1,1.8,45,Sometimes,2,Entertainment,7.4,16,0,9,8,4,3,6,4,Yes,No,Considering it,Moderate
44,Female,Student,North America,X/Twitter,2,4.0,139,Never,35,Entertainment,7.7,16,2,7,5,3,5,4,1,Yes,"Yes, failed",No,Moderate
37,Female,Student,Asia,X/Twitter,5,4.3,59,Never,19,Content creation,7.5,8,7,7,6,1,3,9,3,Yes,"Yes, failed",No,Good
36,Male,Self-employed,North America,YouTube,4,1.8,10,Sometimes,6,Passing time/boredom,8.5,14,4,7,3,9,6,3,4,Yes,"Yes, failed",Yes,Moderate
41,Male,Student,North America,Instagram,3,0.7,12,Sometimes,7,Work/career,7.1,14,2,8,4,7,7,5,3,Yes,No,Yes,Moderate
28,Female,Student,Asia,YouTube,3,5.8,78,Sometimes,4,Entertainment,6.1,19,0,5,7,5,6,7,2,No,"Yes, succeeded",No,At-risk
28,Female,Full-time employed,Asia,YouTube,6,3.0,14,Sometimes,7,Content creation,7.8,11,6,10,5,9,2,7,3,No,"Yes, succeeded",Considering it,Moderate
13,Female,Unemployed,Latin America,TikTok,6,0.2,5,Every night,15,Passing time/boredom,6.8,8,3,6,1,7,4,4,0,No,No,No,Good
20,Male,Student,North America,Instagram,4,0.9,14,Every night,5,Work/career,7.1,3,4,7,1,7,3,6,3,Yes,No,Yes,Good
32,Female,Full-time employed,North America,TikTok,3,4.1,30,Often,12,Passing time/boredom,7.8,14,4,7,4,6,6,6,4,No,"Yes, failed",No,Moderate
31,Female,Self-employed,Europe,YouTube,6,3.8,49,Often,11,Entertainment,7.2,17,0,6,7,5,2,3,1,Yes,No,No,At-risk
36,Male,Student,Asia,Instagram,2,1.8,46,Often,15,News/information,6.3,8,10,8,3,10,1,4,3,Yes,"Yes, failed",Considering it,Moderate
27,Female,Full-time employed,Europe,YouTube,2,5.0,139,Every night,16,Passing time/boredom,5.7,22,1,4,4,3,3,9,3,No,No,Considering it,At-risk
19,Male,Full-time employed,North America,Instagram,4,3.4,37,Sometimes,11,Connection with friends,7.1,1,7,10,8,3,7,8,4,Yes,"Yes, failed",Considering it,Good
30,Prefer not to say,Full-time employed,Europe,LinkedIn,3,4.4,44,Often,10,Entertainment,5.6,19,6,7,5,4,5,5,3,No,"Yes, succeeded",Yes,At-risk
27,Female,Student,North America,LinkedIn,6,1.7,52,Every night,8,Entertainment,6.1,16,8,5,7,7,5,7,2,No,"Yes, failed",Yes,Moderate
34,Female,Full-time employed,North America,TikTok,3,2.6,23,Never,7,Content creation,7.8,5,8,6,2,4,5,5,2,Yes,No,No,Good
39,Female,Full-time employed,Europe,TikTok,3,1.9,42,Never,12,News/information,8.9,11,5,8,7,8,3,8,5,Yes,No,No,Moderate
48,Non-binary,Part-time employed,Europe,LinkedIn,7,8.4,176,Often,20,Passing time/boredom,6.5,17,3,7,4,6,3,5,2,Yes,No,No,At-risk
16,Male,Student,Latin America,Instagram,4,4.4,174,Sometimes,28,Content creation,6.8,16,3,7,3,4,3,6,2,No,No,No,Moderate
15,Female,Full-time employed,Europe,TikTok,3,3.5,47,Sometimes,5,News/information,7.6,9,9,5,6,6,2,7,2,No,"Yes, failed",No,Good
33,Male,Self-employed,North America,Instagram,4,4.5,15,Never,39,Connection with friends,9.0,5,3,7,4,7,5,7,3,No,"Yes, failed",Considering it,Good
24,Male,Unemployed,Asia,YouTube,4,3.8,32,Never,31,Work/career,6.9,7,15,4,3,7,7,3,1,No,"Yes, failed",No,Moderate
31,Male,Full-time employed,Asia,Instagram,2,5.5,75,Never,4,Work/career,7.4,14,3,7,4,6,9,7,1,No,"Yes, succeeded",No,Moderate
47,Male,Full-time employed,North America,Snapchat,4,1.9,18,Sometimes,15,Connection with friends,6.6,7,6,7,1,8,1,5,1,No,No,No,Good
18,Male,Unemployed,Asia,TikTok,5,3.6,68,Every night,17,Content creation,6.1,13,3,7,4,6,5,6,3,Yes,"Yes, failed",Yes,Moderate
42,Female,Full-time employed,Africa,Instagram,4,2.2,26,Sometimes,27,Entertainment,7.1,8,2,7,7,9,3,4,1,Yes,No,Considering it,Good
28,Male,Unemployed,North America,Instagram,7,2.9,7,Sometimes,6,Connection with friends,7.3,18,0,8,4,5,8,6,3,No,"Yes, succeeded",Considering it,At-risk
16,Female,Full-time employed,Asia,TikTok,4,1.6,13,Often,16,Connection with friends,8.7,7,2,5,5,5,4,5,2,No,No,No,Good
39,Male,Full-time employed,North America,Snapchat,7,1.9,79,Often,3,News/information,7.6,11,10,5,5,8,6,2,4,No,"Yes, succeeded",No,Moderate
13,Female,Full-time employed,North America,YouTube,4,8.8,79,Often,27,Content creation,5.0,24,0,3,4,3,9,8,3,Yes,"Yes, failed",Yes,At-risk
17,Female,Student,Asia,Snapchat,5,3.9,93,Sometimes,26,Passing time/boredom,7.1,9,8,5,6,5,3,3,2,No,No,Considering it,Good
48,Male,Student,Oceania,TikTok,4,2.2,10,Often,22,Entertainment,7.0,12,5,8,6,7,2,7,3,No,"Yes, succeeded",No,Moderate
23,Male,Full-time employed,Asia,Snapchat,2,2.0,18,Every night,4,Content creation,6.3,11,7,3,3,7,3,5,4,Yes,No,Considering it,Moderate
34,Male,Self-employed,Asia,TikTok,5,0.7,9,Often,12,Content creation,7.7,10,0,10,1,5,3,10,5,Yes,No,No,Moderate
43,Female,Full-time employed,North America,YouTube,4,3.8,82,Never,16,News/information,7.0,5,4,8,3,7,7,4,2,Yes,"Yes, succeeded",Yes,Good
21,Female,Full-time employed,Asia,Instagram,1,1.1,57,Often,64,Passing time/boredom,7.8,5,0,6,5,7,2,4,3,No,No,Yes,Good
18,Female,Student,Europe,TikTok,3,1.5,33,Every night,4,Entertainment,6.9,10,2,9,1,5,5,3,1,Yes,"Yes, failed",No,Moderate
18,Non-binary,Student,Europe,YouTube,6,3.5,34,Sometimes,13,Connection with friends,8.7,15,5,6,6,9,6,7,2,No,"Yes, succeeded",No,Moderate
43,Female,Student,Europe,TikTok,5,2.5,101,Often,19,Connection with friends,6.9,15,6,8,1,6,6,4,2,No,"Yes, failed",No,Moderate
28,Female,Full-time employed,Europe,X/Twitter,4,7.0,197,Often,38,Entertainment,6.8,17,0,5,8,7,10,7,2,Yes,"Yes, failed",Considering it,At-risk
50,Male,Student,Europe,Snapchat,1,2.6,51,Sometimes,38,Work/career,6.4,11,1,8,9,7,5,4,4,Yes,"Yes, succeeded",No,Moderate
18,Male,Self-employed,Oceania,YouTube,5,2.1,14,Every night,37,Connection with friends,6.5,11,7,8,4,7,5,10,2,Yes,No,No,Moderate
35,Prefer not to say,Student,North America,YouTube,3,3.5,84,Never,55,Passing time/boredom,6.8,8,4,6,4,5,5,3,5,No,No,Yes,Good
20,Male,Self-employed,North America,YouTube,2,4.0,158,Often,15,Connection with friends,7.1,15,0,7,8,4,4,7,0,No,"Yes, failed",No,Moderate
29,Male,Student,Africa,TikTok,2,1.9,27,Often,11,Connection with friends,8.2,19,5,9,4,7,4,4,4,Yes,"Yes, failed",No,At-risk
41,Female,Part-time employed,Latin America,YouTube,6,0.4,12,Every night,17,Entertainment,7.4,9,4,8,6,5,1,2,2,No,"Yes, failed",Yes,Good
17,Female,Self-employed,North America,Facebook,5,5.7,64,Every night,7,Passing time/boredom,6.6,16,0,7,7,4,7,8,2,Yes,No,No,Moderate
21,Male,Student,Asia,Instagram,5,6.0,205,Never,14,Passing time/boredom,9.5,10,4,8,10,4,6,6,3,No,No,Considering it,Moderate
31,Female,Student,Europe,Instagram,5,1.5,18,Often,10,Work/career,6.6,14,5,7,1,7,4,5,2,Yes,No,No,Moderate
28,Female,Full-time employed,Asia,Snapchat,3,1.3,8,Sometimes,15,Work/career,6.9,5,5,8,6,4,4,4,3,No,No,No,Good
20,Male,Student,Asia,TikTok,3,4.2,75,Sometimes,19,Entertainment,7.0,14,0,8,3,6,1,4,2,No,"Yes, failed",No,Moderate
41,Female,Part-time employed,Asia,Reddit,2,2.9,11,Often,45,Connection with friends,6.7,15,2,5,3,7,1,5,3,No,No,Considering it,Moderate
33,Male,Student,Asia,Instagram,2,1.5,30,Every night,12,Entertainment,6.2,13,7,7,1,8,4,7,4,No,No,No,Moderate
22,Male,Student,North America,Instagram,5,3.0,20,Often,3,Work/career,7.3,9,0,7,7,6,4,7,1,No,"Yes, failed",Considering it,Good
36,Female,Student,Africa,Instagram,3,2.4,68,Sometimes,11,Work/career,5.6,10,10,4,3,2,3,4,3,No,No,Yes,Moderate
24,Male,Full-time employed,North America,Instagram,5,5.8,337,Often,14,Entertainment,6.4,11,7,8,4,4,5,7,5,No,"Yes, failed",No,Moderate
43,Female,Student,Latin America,YouTube,3,4.8,95,Often,5,News/information,6.8,15,0,8,7,6,4,4,3,No,"Yes, failed",No,Moderate
26,Female,Full-time employed,North America,YouTube,1,2.2,47,Often,11,News/information,6.9,7,7,8,8,1,4,5,3,Yes,No,Yes,Good
15,Female,Full-time employed,Europe,Instagram,5,2.3,79,Sometimes,8,Entertainment,6.3,11,8,6,3,4,4,7,1,No,"Yes, succeeded",Yes,Moderate
35,Male,Full-time employed,Europe,Snapchat,1,4.5,143,Every night,20,Content creation,6.4,7,0,7,5,5,4,2,1,No,"Yes, failed",Considering it,Good
29,Female,Student,Asia,Snapchat,4,2.0,54,Often,34,Passing time/boredom,7.1,14,2,7,5,5,5,5,3,Yes,No,Considering it,Moderate
32,Female,Self-employed,Latin America,Facebook,4,7.7,168,Every night,7,Work/career,5.4,10,5,4,7,6,7,8,3,No,"Yes, succeeded",Considering it,Moderate
13,Female,Part-time employed,Europe,YouTube,4,1.7,15,Every night,11,Entertainment,7.0,10,1,5,5,4,3,8,2,No,"Yes, failed",No,Moderate
19,Female,Self-employed,Asia,YouTube,7,2.8,5,Sometimes,21,Connection with friends,7.2,12,8,7,2,9,3,6,3,No,"Yes, failed",No,Moderate
42,Male,Unemployed,Latin America,Snapchat,3,1.3,34,Every night,12,Content creation,8.0,4,3,10,2,8,4,5,1,Yes,No,No,Good
37,Female,Part-time employed,Europe,YouTube,1,4.4,67,Every night,56,Connection with friends,6.2,16,1,5,7,5,4,7,2,No,"Yes, failed",Considering it,Moderate
14,Male,Student,North America,Instagram,2,1.2,12,Often,13,Connection with friends,7.4,7,5,9,3,7,5,1,3,No,"Yes, failed",No,Good
32,Female,Unemployed,North America,Facebook,5,4.7,101,Often,2,Connection with friends,6.2,11,0,8,6,3,5,5,3,No,No,Yes,Moderate
23,Female,Student,North America,Reddit,2,2.0,26,Often,20,Passing time/boredom,8.4,6,4,7,2,8,7,1,3,No,"Yes, failed",No,Good
34,Male,Self-employed,Africa,YouTube,1,2.2,44,Often,16,Entertainment,7.0,14,0,8,6,6,5,2,2,No,No,No,Moderate
23,Female,Student,North America,Snapchat,4,4.0,79,Often,7,Passing time/boredom,6.7,11,0,6,1,3,5,5,2,Yes,"Yes, succeeded",Considering it,Moderate
32,Male,Student,North America,YouTube,6,3.7,102,Often,22,Entertainment,7.0,13,5,7,5,8,5,6,2,No,"Yes, failed",No,Moderate
29,Male,Student,North America,Instagram,3,8.6,48,Often,11,Passing time/boredom,6.5,18,0,6,6,3,9,10,1,No,"Yes, succeeded",Yes,At-risk
13,Female,Student,Europe,X/Twitter,1,2.5,19,Sometimes,34,Work/career,7.4,9,5,7,4,8,1,5,2,No,"Yes, succeeded",No,Good
40,Female,Student,Asia,TikTok,4,3.0,100,Every night,39,Connection with friends,5.9,20,5,8,4,7,2,3,2,Yes,No,No,At-risk
45,Male,Student,North America,YouTube,3,5.9,40,Sometimes,20,Connection with friends,8.1,13,0,7,5,8,3,10,4,No,No,Considering it,Moderate
25,Female,Retired,Europe,TikTok,2,3.9,72,Often,31,Connection with friends,6.9,13,0,6,7,5,5,5,4,No,No,No,Moderate
33,Female,Part-time employed,Africa,TikTok,2,2.7,81,Never,17,Passing time/boredom,7.6,11,5,7,5,4,7,7,4,No,"Yes, succeeded",Yes,Moderate
25,Male,Student,North America,LinkedIn,1,2.1,31,Sometimes,14,Entertainment,7.3,5,4,6,4,5,4,5,1,No,No,No,Good
28,Male,Full-time employed,Asia,Instagram,3,5.7,101,Sometimes,5,Work/career,6.4,19,1,4,6,6,6,4,2,No,No,No,At-risk
22,Female,Full-time employed,Europe,TikTok,4,3.6,32,Sometimes,14,Connection with friends,6.1,10,1,5,5,8,4,4,2,No,No,No,Moderate
16,Male,Student,Asia,Instagram,2,3.5,35,Sometimes,10,News/information,6.7,14,0,7,8,7,4,4,4,No,No,Yes,Moderate
34,Male,Self-employed,Asia,TikTok,5,1.1,28,Sometimes,20,Connection with friends,7.2,9,8,6,2,9,4,5,3,No,No,No,Good
36,Female,Part-time employed,Asia,YouTube,6,2.2,34,Never,30,Connection with friends,6.6,11,5,8,4,5,3,5,2,No,No,No,Moderate
24,Female,Student,Asia,YouTube,3,5.8,49,Sometimes,15,Entertainment,5.6,10,0,8,8,6,7,5,2,No,No,No,Moderate
28,Female,Unemployed,North America,TikTok,4,6.0,75,Sometimes,51,Passing time/boredom,7.9,19,7,6,6,6,7,8,1,No,"Yes, failed",No,At-risk
43,Male,Full-time employed,North America,Reddit,3,3.3,26,Sometimes,35,Passing time/boredom,6.4,12,4,4,5,3,6,5,2,Yes,No,No,Moderate
30,Male,Student,Europe,Instagram,5,6.6,104,Never,41,Content creation,6.5,19,1,7,1,6,6,9,4,Yes,No,No,At-risk
43,Non-binary,Full-time employed,Europe,TikTok,6,0.7,12,Sometimes,13,Passing time/boredom,8.4,2,11,7,5,6,2,6,4,No,"Yes, failed",No,Moderate
43,Female,Self-employed,Europe,Instagram,4,1.4,20,Never,10,Entertainment,7.5,9,12,8,2,5,3,3,4,No,"Yes, succeeded",No,Moderate
35,Male,Full-time employed,Latin America,TikTok,3,6.0,40,Often,8,Work/career,6.2,16,6,5,7,4,4,5,2,No,No,Yes,Moderate
22,Male,Full-time employed,North America,Instagram,1,1.3,13,Every night,22,Entertainment,7.9,16,0,9,3,9,3,3,1,No,No,No,Moderate
34,Male,Unemployed,North America,Reddit,3,1.5,19,Sometimes,39,News/information,7.7,1,7,7,5,9,4,2,3,No,No,No,Good
32,Female,Full-time employed,Europe,Instagram,3,4.4,38,Often,20,Connection with friends,6.9,23,0,8,5,3,6,6,3,No,No,Considering it,At-risk
35,Prefer not to say,Student,North America,Snapchat,6,1.5,86,Every night,18,News/information,7.1,11,2,10,5,9,7,4,4,No,No,No,Moderate
24,Female,Full-time employed,North America,TikTok,4,0.6,8,Every night,10,News/information,6.6,10,4,8,3,7,3,7,2,No,No,No,Moderate
38,Male,Student,Asia,Facebook,2,4.3,19,Every night,13,Passing time/boredom,5.6,6,0,8,8,7,3,2,2,Yes,No,Yes,Good
38,Male,Student,North America,Instagram,2,3.1,117,Every night,7,Passing time/boredom,6.9,10,8,6,3,7,6,8,3,No,"Yes, succeeded",No,Moderate
41,Female,Student,Asia,YouTube,2,1.1,27,Every night,11,Content creation,6.4,5,0,7,5,6,2,3,3,No,No,No,Good
50,Male,Student,North America,Instagram,4,6.4,36,Never,18,Connection with friends,7.6,13,4,4,4,5,8,7,2,No,"Yes, failed",No,Moderate
18,Male,Student,Oceania,TikTok,5,1.9,45,Sometimes,13,Entertainment,9.0,7,2,7,7,7,4,3,2,No,"Yes, failed",No,Good
35,Female,Full-time employed,Africa,X/Twitter,3,3.6,68,Sometimes,37,Connection with friends,7.0,8,6,10,1,4,5,7,3,Yes,No,Considering it,Good
25,Female,Full-time employed,Asia,YouTube,4,2.2,38,Sometimes,9,Passing time/boredom,8.2,9,6,5,6,8,2,8,3,No,"Yes, failed",Considering it,Good
25,Male,Student,Asia,Reddit,6,3.0,61,Sometimes,22,Work/career,7.5,13,3,7,3,6,2,8,5,No,No,No,Moderate
25,Female,Student,Asia,Facebook,3,3.0,18,Sometimes,32,Passing time/boredom,7.3,15,4,7,6,6,7,5,2,No,No,No,Moderate
31,Female,Full-time employed,Latin America,Instagram,1,4.0,65,Often,5,Entertainment,6.7,10,0,5,5,6,5,10,2,No,"Yes, succeeded",No,Moderate
13,Female,Student,Asia,YouTube,1,3.5,36,Every night,15,Entertainment,6.8,1,3,7,8,2,5,9,3,No,No,No,Good
34,Female,Self-employed,Asia,Instagram,3,4.6,130,Every night,34,Entertainment,5.5,17,7,6,8,4,4,7,3,No,"Yes, failed",Yes,At-risk
38,Male,Student,Europe,Facebook,7,0.7,28,Often,18,Passing time/boredom,8.2,8,4,8,5,9,2,1,2,No,"Yes, failed",No,Good
14,Male,Full-time employed,Asia,TikTok,2,4.8,56,Every night,13,Work/career,6.4,15,6,8,10,8,4,5,7,Yes,"Yes, failed",Considering it,Moderate
33,Female,Student,North America,X/Twitter,3,3.9,140,Often,14,Entertainment,6.9,15,0,7,4,4,5,5,5,No,"Yes, failed",No,Moderate
31,Male,Full-time employed,Asia,X/Twitter,3,6.6,90,Sometimes,32,News/information,6.7,13,0,5,9,5,7,7,4,No,"Yes, succeeded",Considering it,Moderate
33,Female,Student,Africa,X/Twitter,1,3.0,22,Often,19,Entertainment,6.8,14,1,5,7,4,4,9,5,Yes,"Yes, failed",Considering it,Moderate
36,Female,Student,North America,Reddit,4,3.8,39,Sometimes,3,Connection with friends,6.3,11,0,7,5,4,6,5,3,No,"Yes, failed",Considering it,Moderate
23,Non-binary,Student,Asia,Instagram,7,4.8,185,Often,5,Content creation,5.9,19,6,7,3,4,5,6,2,Yes,"Yes, failed",No,At-risk
18,Male,Student,Europe,Reddit,3,8.8,221,Often,29,News/information,5.4,22,1,8,4,2,10,7,2,Yes,"Yes, failed",No,At-risk
32,Female,Student,Asia,Snapchat,5,1.9,23,Every night,9,Entertainment,7.7,12,4,9,6,8,2,2,3,Yes,"Yes, failed",No,Moderate
26,Female,Student,Europe,X/Twitter,1,3.8,78,Often,40,Entertainment,5.8,12,2,9,5,5,6,5,3,Yes,No,Considering it,Moderate
32,Male,Student,Europe,Instagram,5,3.3,34,Often,32,News/information,6.6,15,1,6,7,4,3,5,4,No,"Yes, failed",No,Moderate
42,Male,Student,Latin America,TikTok,2,3.9,31,Often,16,Entertainment,4.6,25,7,5,7,8,3,2,2,No,No,Considering it,At-risk
33,Female,Part-time employed,Europe,TikTok,5,2.8,81,Every night,8,Entertainment,6.4,12,8,7,6,7,3,2,1,Yes,No,No,Moderate
26,Prefer not to say,Student,Oceania,Instagram,4,2.3,31,Often,42,Work/career,7.0,11,4,8,6,3,7,4,4,No,"Yes, failed",No,Moderate
21,Female,Student,Europe,TikTok,8,2.0,22,Sometimes,4,Entertainment,6.9,11,8,6,3,8,3,6,1,Yes,"Yes, failed",No,Moderate
37,Female,Full-time employed,Asia,YouTube,4,2.9,148,Sometimes,15,News/information,8.4,10,7,9,4,7,1,5,3,No,"Yes, failed",No,Moderate
24,Male,Self-employed,Africa,Instagram,7,5.7,236,Sometimes,20,Entertainment,6.1,13,7,6,3,4,10,3,3,No,"Yes, succeeded",No,Moderate
20,Female,Student,Europe,X/Twitter,5,2.4,9,Sometimes,25,Entertainment,7.8,9,4,8,6,6,5,5,3,No,"Yes, failed",No,Good
26,Male,Self-employed,Europe,Instagram,3,3.5,79,Never,5,Content creation,7.5,7,2,6,4,8,5,10,2,Yes,"Yes, succeeded",No,Good
18,Female,Student,Oceania,Instagram,3,0.9,21,Sometimes,8,Passing time/boredom,8.3,6,13,6,2,7,5,6,1,No,"Yes, succeeded",No,Moderate
24,Female,Full-time employed,Oceania,YouTube,3,4.8,130,Sometimes,37,Passing time/boredom,5.5,13,4,7,3,7,5,8,3,No,No,No,Moderate
27,Female,Full-time employed,North America,YouTube,4,3.5,88,Sometimes,4,Entertainment,7.2,5,3,5,6,4,6,7,3,Yes,No,No,Good
38,Male,Full-time employed,North America,Facebook,5,1.7,10,Every night,7,News/information,7.0,16,7,10,1,5,4,5,2,Yes,No,No,Moderate
28,Female,Full-time employed,Europe,YouTube,2,2.2,32,Often,23,News/information,7.6,11,1,7,2,7,6,7,2,Yes,No,Considering it,Moderate
28,Female,Student,Asia,Instagram,6,2.9,50,Sometimes,16,Entertainment,6.9,14,0,7,5,6,6,5,1,Yes,No,No,Moderate
13,Female,Full-time employed,Asia,Instagram,3,0.3,8,Never,23,Work/career,9.0,7,7,10,2,8,4,7,5,Yes,"Yes, failed",Considering it,Good
38,Male,Full-time employed,Europe,YouTube,7,2.7,70,Sometimes,4,Connection with friends,8.9,13,12,7,3,6,2,4,3,No,No,No,Moderate
19,Male,Student,Africa,TikTok,3,1.8,26,Sometimes,2,Entertainment,7.2,10,5,7,3,9,4,6,1,No,No,Considering it,Moderate
41,Male,Student,Latin America,Instagram,3,2.0,27,Sometimes,5,Entertainment,7.9,4,6,9,5,7,5,7,2,No,"Yes, succeeded",No,Good
14,Female,Full-time employed,Oceania,Instagram,3,2.6,29,Never,11,Work/career,7.0,5,6,7,6,5,3,6,1,Yes,"Yes, failed",No,Good
29,Female,Full-time employed,Africa,Instagram,4,1.3,12,Sometimes,16,Connection with friends,6.5,14,10,5,2,5,4,5,2,No,"Yes, succeeded",Considering it,Moderate
23,Male,Student,Asia,Reddit,6,5.6,54,Often,25,Connection with friends,5.9,12,4,5,3,4,5,6,4,No,"Yes, succeeded",No,Moderate
24,Female,Full-time employed,Europe,Facebook,5,2.9,9,Sometimes,37,Work/career,8.4,9,0,9,2,8,3,8,4,No,No,No,Good
23,Prefer not to say,Full-time employed,Asia,Facebook,2,6.4,175,Sometimes,2,Connection with friends,6.5,14,2,5,7,2,10,6,3,No,"Yes, failed",No,Moderate
20,Non-binary,Full-time employed,North America,Instagram,2,4.3,40,Sometimes,13,Connection with friends,7.1,17,0,7,5,4,5,6,2,No,No,Yes,At-risk
45,Non-binary,Student,Europe,TikTok,5,3.7,75,Often,18,News/information,6.3,14,2,8,4,7,5,4,1,No,"Yes, failed",No,Moderate
32,Female,Student,Asia,TikTok,7,2.3,20,Sometimes,11,Entertainment,6.7,11,4,9,1,8,3,2,3,Yes,"Yes, succeeded",Yes,Moderate
28,Male,Self-employed,Asia,Facebook,4,3.7,44,Sometimes,17,Entertainment,5.7,13,0,6,6,6,9,6,5,No,No,No,Moderate
15,Male,Full-time employed,North America,TikTok,5,2.8,91,Often,13,Connection with friends,5.2,14,9,7,4,9,4,4,3,Yes,"Yes, failed",Considering it,Moderate
32,Male,Student,North America,Instagram,3,0.8,19,Sometimes,30,Connection with friends,7.5,11,5,9,5,8,5,4,4,No,"Yes, succeeded",Considering it,Moderate
27,Male,Student,Europe,X/Twitter,4,1.0,8,Sometimes,12,Work/career,7.0,7,2,9,4,9,7,6,2,Yes,"Yes, failed",No,Good
29,Male,Full-time employed,Latin America,Instagram,4,2.0,28,Sometimes,1,Connection with friends,7.3,13,7,9,1,5,1,4,2,No,No,No,Moderate
35,Male,Full-time employed,Europe,X/Twitter,2,3.1,80,Sometimes,15,News/information,7.6,0,3,8,6,5,9,6,3,No,"Yes, failed",No,Good
17,Male,Unemployed,Asia,TikTok,4,1.7,51,Often,1,Passing time/boredom,7.0,13,6,6,1,8,3,3,4,No,"Yes, succeeded",Considering it,Moderate
24,Female,Full-time employed,Latin America,TikTok,2,2.0,59,Sometimes,16,Passing time/boredom,8.7,9,8,10,7,6,3,7,4,Yes,No,Yes,Good
13,Male,Full-time employed,Asia,Reddit,2,4.8,159,Every night,14,Work/career,5.6,25,1,8,5,9,4,4,3,No,"Yes, failed",No,At-risk
18,Female,Full-time employed,Europe,TikTok,8,4.6,41,Sometimes,5,Entertainment,6.9,7,7,5,4,3,4,3,5,No,No,No,Good
25,Male,Full-time employed,Europe,X/Twitter,2,4.0,42,Sometimes,33,Entertainment,6.8,12,9,9,6,5,4,5,1,No,"Yes, failed",No,Moderate
46,Male,Part-time employed,Asia,TikTok,3,3.2,59,Often,5,News/information,6.6,22,6,8,3,5,4,6,3,No,No,Considering it,At-risk
22,Male,Full-time employed,Asia,TikTok,5,3.9,32,Sometimes,16,Connection with friends,5.7,4,9,8,5,6,6,8,4,No,"Yes, failed",No,Good
29,Non-binary,Full-time employed,North America,YouTube,4,1.0,33,Sometimes,10,Connection with friends,8.8,8,5,4,3,7,6,4,3,Yes,"Yes, succeeded",Considering it,Good
16,Female,Unemployed,North America,YouTube,2,9.0,362,Sometimes,18,Entertainment,6.4,20,3,7,5,4,8,7,1,Yes,No,Yes,At-risk
23,Male,Part-time employed,Asia,Snapchat,5,9.5,69,Often,37,Entertainment,5.9,24,0,2,2,6,10,6,3,No,No,No,At-risk
44,Male,Part-time employed,North America,Reddit,1,5.0,97,Every night,13,Connection with friends,6.1,19,2,7,8,5,6,8,2,Yes,"Yes, failed",Considering it,At-risk
41,Female,Student,Europe,TikTok,6,3.2,117,Often,13,Entertainment,6.1,16,0,5,3,5,4,6,2,No,"Yes, failed",No,Moderate
32,Male,Student,Asia,TikTok,4,2.0,29,Often,19,Passing time/boredom,7.2,10,2,9,5,5,1,3,2,No,No,No,Moderate
20,Male,Part-time employed,Oceania,Reddit,1,0.8,18,Sometimes,15,Entertainment,7.6,8,8,8,2,9,3,4,2,No,"Yes, succeeded",Considering it,Good
52,Male,Full-time employed,Europe,Instagram,4,5.1,94,Every night,4,Connection with friends,6.1,13,0,6,8,9,5,5,4,Yes,No,Considering it,Moderate
15,Non-binary,Student,Asia,Facebook,3,6.4,67,Often,22,News/information,7.0,25,0,5,5,4,1,7,2,No,"Yes, failed",Yes,At-risk
26,Male,Student,Asia,Snapchat,1,1.6,39,Sometimes,27,Passing time/boredom,6.4,10,4,7,3,7,5,6,1,No,No,No,Moderate
29,Female,Student,Europe,Instagram,3,1.1,49,Every night,41,Connection with friends,6.9,8,0,5,6,7,3,3,3,No,No,No,Good
28,Female,Unemployed,Europe,TikTok,5,3.7,90,Never,69,News/information,6.9,11,2,6,4,5,2,6,2,No,"Yes, succeeded",Considering it,Moderate
19,Female,Student,Europe,Instagram,3,1.4,8,Often,12,Work/career,7.8,9,5,9,5,9,4,3,2,No,"Yes, failed",No,Good
37,Female,Student,Asia,Facebook,3,5.6,173,Sometimes,31,Connection with friends,6.3,13,0,4,8,2,7,8,1,No,No,No,Moderate
13,Female,Full-time employed,North America,TikTok,3,5.2,88,Every night,4,Entertainment,5.8,10,0,5,5,4,7,3,3,No,"Yes, succeeded",Considering it,Moderate
36,Male,Full-time employed,Europe,Reddit,2,1.4,19,Never,44,News/information,7.8,12,5,7,5,4,4,1,5,No,No,No,Moderate
44,Female,Student,Europe,Instagram,5,3.4,44,Every night,23,Entertainment,7.1,14,3,6,1,4,1,5,3,No,No,Considering it,Moderate
24,Male,Student,Africa,Facebook,4,1.9,56,Sometimes,74,Passing time/boredom,7.0,5,4,9,5,4,7,4,2,No,"Yes, failed",Yes,Good
36,Female,Retired,Africa,LinkedIn,1,2.4,21,Sometimes,24,Entertainment,7.2,13,2,8,4,7,2,8,2,No,No,No,Moderate
22,Male,Student,Asia,YouTube,6,7.0,108,Often,27,News/information,5.6,18,2,6,4,8,7,9,4,Yes,No,Yes,At-risk
34,Male,Student,Asia,Facebook,8,4.9,53,Sometimes,21,Connection with friends,7.4,10,9,8,5,7,4,5,4,Yes,"Yes, failed",No,Moderate
14,Male,Student,Asia,TikTok,3,2.5,50,Sometimes,4,Passing time/boredom,7.4,1,13,7,5,9,7,3,2,No,No,Yes,Moderate
28,Male,Self-employed,Europe,Instagram,2,1.9,44,Sometimes,10,News/information,8.7,16,11,10,4,6,1,5,3,Yes,No,Considering it,Moderate
42,Non-binary,Full-time employed,Asia,YouTube,5,2.2,20,Often,5,Entertainment,5.2,9,11,7,7,8,5,5,0,No,No,No,Moderate
25,Male,Student,Latin America,X/Twitter,6,1.7,37,Sometimes,2,Connection with friends,8.4,8,7,7,3,7,1,7,2,No,"Yes, succeeded",Considering it,Good
40,Male,Student,Africa,YouTube,3,8.0,161,Sometimes,4,Content creation,7.6,19,2,6,4,3,4,8,2,No,No,Considering it,At-risk
42,Male,Student,Europe,TikTok,1,3.2,21,Sometimes,59,Entertainment,6.7,9,0,7,4,9,5,7,5,No,No,No,Good
24,Male,Retired,North America,YouTube,1,1.1,6,Every night,45,Entertainment,6.5,15,4,6,1,4,5,7,2,Yes,No,Yes,Moderate
33,Female,Student,Europe,TikTok,3,5.2,160,Every night,34,Entertainment,6.2,18,1,6,5,6,5,7,4,No,"Yes, failed",No,At-risk
26,Female,Full-time employed,Oceania,X/Twitter,1,1.8,27,Often,54,Passing time/boredom,6.8,12,5,7,7,4,1,8,2,No,"Yes, failed",Considering it,Moderate
37,Male,Student,Asia,LinkedIn,3,3.2,91,Often,26,Connection with friends,7.4,9,3,9,2,7,6,7,2,Yes,No,No,Good
49,Female,Student,Europe,Snapchat,1,2.5,22,Sometimes,25,Connection with friends,7.3,4,7,8,8,6,8,4,1,No,No,Yes,Good
39,Male,Full-time employed,Europe,YouTube,3,6.4,97,Often,22,Entertainment,4.4,19,0,6,1,6,4,6,4,Yes,"Yes, failed",No,At-risk
26,Female,Unemployed,Europe,Snapchat,6,4.8,195,Every night,7,Content creation,4.7,22,2,7,4,6,7,2,1,Yes,No,No,At-risk
36,Female,Retired,North America,Snapchat,4,2.9,40,Sometimes,35,Passing time/boredom,6.9,22,0,9,7,7,5,7,2,Yes,"Yes, failed",Yes,At-risk
38,Female,Student,North America,YouTube,1,5.0,120,Never,19,Work/career,8.0,8,3,6,2,7,5,5,4,No,No,No,Good
35,Female,Student,Europe,Instagram,4,2.1,27,Often,24,News/information,6.0,11,3,8,7,4,3,2,1,No,"Yes, succeeded",No,Moderate
13,Female,Full-time employed,North America,TikTok,8,0.6,9,Never,12,Entertainment,7.4,1,2,8,3,4,1,3,3,Yes,"Yes, failed",No,Good
19,Male,Part-time employed,North America,TikTok,3,2.5,38,Sometimes,9,Work/career,6.9,7,5,7,1,8,8,8,0,No,No,No,Good
39,Female,Student,Asia,TikTok,4,3.9,16,Sometimes,40,Connection with friends,7.7,14,5,6,5,5,7,6,2,No,"Yes, succeeded",No,Moderate
16,Female,Student,North America,Instagram,3,1.2,23,Sometimes,56,Connection with friends,6.9,13,3,7,3,6,5,5,3,No,No,Considering it,Moderate
44,Female,Unemployed,Asia,YouTube,3,2.8,15,Often,21,News/information,6.3,6,3,9,1,7,2,4,2,No,"Yes, failed",Yes,Good
41,Non-binary,Student,Europe,Instagram,7,5.6,67,Sometimes,42,Entertainment,5.5,10,1,5,6,6,4,9,4,Yes,"Yes, succeeded",No,Moderate
13,Female,Student,Asia,YouTube,1,4.2,51,Sometimes,8,Passing time/boredom,8.1,9,8,7,5,8,6,4,4,No,"Yes, failed",No,Good
23,Female,Full-time employed,North America,X/Twitter,5,1.1,20,Often,34,News/information,7.0,13,11,10,5,5,4,5,3,No,"Yes, failed",No,Moderate
28,Non-binary,Unemployed,Europe,Instagram,5,1.9,35,Every night,36,Connection with friends,7.1,12,5,5,6,8,1,2,4,No,"Yes, failed",No,Moderate
24,Female,Self-employed,Asia,Instagram,3,2.9,118,Sometimes,6,Content creation,8.2,4,5,9,5,6,5,6,3,No,No,No,Good
30,Male,Self-employed,North America,Instagram,2,1.2,5,Never,18,Passing time/boredom,8.2,3,10,7,4,7,2,7,7,No,"Yes, failed",No,Moderate
36,Male,Student,North America,Snapchat,3,1.8,13,Never,9,Passing time/boredom,8.6,5,6,10,4,9,1,6,3,Yes,No,No,Good
25,Male,Full-time employed,Oceania,TikTok,3,1.7,54,Often,23,Entertainment,6.0,8,8,7,5,5,5,1,0,No,No,No,Good
30,Female,Student,North America,Reddit,3,2.1,40,Sometimes,31,Connection with friends,7.4,16,7,7,3,8,7,5,5,No,No,No,Moderate
19,Male,Student,Asia,TikTok,2,6.2,210,Never,54,Entertainment,6.6,13,3,4,6,8,8,8,2,No,No,No,Moderate
13,Female,Full-time employed,Asia,Instagram,4,6.5,200,Every night,22,Entertainment,6.4,16,0,6,2,5,6,8,1,Yes,"Yes, failed",Considering it,Moderate
30,Female,Full-time employed,Latin America,TikTok,6,2.3,16,Never,22,Entertainment,7.3,13,2,8,5,8,3,1,3,No,No,Considering it,Moderate
38,Male,Student,Asia,TikTok,1,1.8,5,Sometimes,26,Passing time/boredom,7.3,11,3,7,5,8,3,6,6,No,"Yes, succeeded",No,Moderate
34,Male,Full-time employed,Asia,TikTok,3,4.5,25,Every night,29,News/information,7.3,14,5,7,8,3,6,9,2,No,No,Yes,Moderate
13,Female,Full-time employed,North America,X/Twitter,7,2.4,47,Never,10,Connection with friends,8.2,9,1,10,4,9,1,5,3,No,No,Yes,Good
30,Female,Self-employed,Africa,X/Twitter,2,1.9,18,Sometimes,23,Connection with friends,9.3,14,0,9,4,6,4,3,2,No,No,No,Moderate
37,Female,Student,North America,Snapchat,6,3.1,56,Sometimes,5,Passing time/boredom,7.0,13,3,6,3,5,5,7,2,Yes,No,No,Moderate
30,Non-binary,Student,Europe,X/Twitter,4,2.2,150,Often,14,Passing time/boredom,6.8,14,3,7,8,3,5,4,2,Yes,"Yes, failed",Yes,Moderate
44,Female,Student,Europe,YouTube,4,1.7,28,Often,35,Passing time/boredom,7.0,10,7,9,6,6,7,4,1,No,"Yes, failed",No,Moderate
13,Female,Student,Europe,TikTok,4,1.2,26,Every night,15,Connection with friends,5.8,16,4,10,6,7,4,4,2,No,"Yes, succeeded",No,Moderate
27,Female,Unemployed,Asia,YouTube,2,2.1,10,Every night,41,Entertainment,6.4,3,0,9,6,4,6,5,6,No,"Yes, failed",No,Good
33,Female,Full-time employed,Europe,Instagram,3,6.9,92,Often,10,Entertainment,8.0,25,0,8,6,6,6,7,1,No,No,No,At-risk
19,Female,Full-time employed,North America,Instagram,2,2.3,13,Sometimes,12,Connection with friends,6.9,16,9,4,3,7,1,6,4,No,No,Considering it,Moderate
44,Female,Full-time employed,North America,X/Twitter,1,5.5,74,Often,12,Passing time/boredom,5.0,11,0,6,8,4,5,7,4,No,No,No,Moderate
24,Female,Student,North America,Instagram,3,1.9,26,Sometimes,35,Entertainment,6.3,8,5,7,5,5,2,6,2,Yes,"Yes, failed",Considering it,Good
33,Female,Full-time employed,North America,Instagram,1,2.1,32,Every night,23,Content creation,7.5,13,6,9,5,3,4,9,4,No,No,No,Moderate
23,Female,Full-time employed,Asia,Reddit,2,4.2,41,Sometimes,23,Entertainment,7.7,17,2,7,6,5,4,6,1,No,No,No,At-risk
33,Female,Student,North America,TikTok,5,2.8,59,Every night,39,Entertainment,7.1,19,0,8,5,7,5,1,1,No,"Yes, failed",No,At-risk
22,Male,Full-time employed,North America,YouTube,5,3.0,36,Sometimes,8,News/information,7.5,19,2,5,6,4,5,5,4,No,No,No,At-risk
23,Male,Student,Latin America,TikTok,7,6.4,136,Often,4,Work/career,5.5,15,0,5,2,7,5,4,2,No,No,Considering it,Moderate
47,Male,Student,Latin America,LinkedIn,4,1.5,24,Often,18,Entertainment,7.3,5,5,10,4,5,4,6,3,Yes,"Yes, succeeded",Yes,Good
24,Male,Full-time employed,North America,YouTube,4,1.7,42,Never,4,News/information,8.4,9,7,8,3,4,6,4,2,No,No,Yes,Good
34,Female,Unemployed,Asia,TikTok,1,0.4,14,Sometimes,21,Work/career,8.3,6,3,6,5,7,3,7,3,No,"Yes, failed",No,Good
36,Female,Student,Latin America,Instagram,3,2.7,25,Sometimes,16,News/information,5.8,10,6,6,2,4,6,4,4,Yes,"Yes, failed",No,Moderate
43,Female,Full-time employed,North America,TikTok,2,4.5,54,Often,25,Content creation,6.6,13,8,4,8,6,5,4,3,No,"Yes, failed",Yes,Moderate
35,Female,Part-time employed,Asia,TikTok,8,1.8,5,Sometimes,34,Content creation,7.8,11,0,6,2,4,1,5,5,No,No,No,Moderate
39,Non-binary,Student,Asia,Facebook,1,0.9,14,Sometimes,21,Entertainment,7.9,16,0,6,3,4,5,4,2,No,"Yes, failed",Yes,Moderate
44,Prefer not to say,Full-time employed,Europe,Instagram,8,2.3,21,Every night,37,News/information,6.1,8,4,6,3,3,6,4,2,Yes,"Yes, failed",No,Good
28,Female,Self-employed,Asia,Facebook,2,1.6,30,Often,22,Passing time/boredom,6.4,14,5,7,3,8,4,9,4,No,No,No,Moderate
36,Male,Unemployed,Asia,Instagram,4,3.0,28,Often,23,Connection with friends,7.4,17,1,8,4,6,6,7,1,No,"Yes, failed",No,At-risk
23,Male,Unemployed,Asia,TikTok,2,5.8,162,Every night,21,Passing time/boredom,4.9,17,0,5,7,5,6,6,3,No,No,No,At-risk
36,Male,Student,North America,Snapchat,5,5.2,123,Sometimes,27,Entertainment,7.5,11,4,6,3,6,4,8,3,No,"Yes, succeeded",No,Moderate
34,Male,Student,Europe,TikTok,4,4.9,118,Sometimes,38,News/information,6.5,9,10,4,9,7,5,4,2,Yes,No,No,Moderate
37,Male,Student,Latin America,TikTok,5,3.8,107,Sometimes,6,Passing time/boredom,7.2,13,1,7,8,8,4,5,2,Yes,"Yes, failed",Considering it,Moderate
26,Non-binary,Part-time employed,Asia,Instagram,5,2.4,125,Often,7,Entertainment,7.2,9,7,8,6,5,1,6,2,No,"Yes, failed",Considering it,Good
25,Female,Retired,Asia,Reddit,7,0.6,15,Often,14,News/information,7.6,8,15,8,1,7,4,2,4,No,No,No,Moderate
24,Female,Student,Latin America,YouTube,5,1.1,26,Often,26,News/information,7.8,10,2,7,1,8,4,6,1,No,No,No,Moderate
27,Female,Full-time employed,Latin America,Instagram,1,2.0,47,Sometimes,3,Passing time/boredom,8.2,9,7,8,6,2,1,6,3,No,"Yes, failed",Yes,Good
19,Male,Full-time employed,Latin America,X/Twitter,1,1.8,11,Sometimes,20,Entertainment,8.4,13,13,6,5,3,3,5,4,Yes,"Yes, failed",No,Moderate
40,Female,Full-time employed,Latin America,TikTok,4,1.7,15,Sometimes,14,Entertainment,7.5,7,7,7,2,8,7,4,2,Yes,"Yes, succeeded",No,Good
14,Female,Full-time employed,Europe,TikTok,1,8.1,234,Every night,21,Connection with friends,6.0,19,0,7,9,5,10,5,4,No,No,No,At-risk
18,Female,Student,Europe,Instagram,2,5.2,55,Every night,29,Connection with friends,6.3,14,0,10,9,7,3,6,3,No,No,No,Moderate
36,Female,Student,Asia,YouTube,1,5.1,139,Sometimes,6,Entertainment,6.6,15,4,3,5,5,5,6,3,No,No,No,Moderate
31,Male,Student,Asia,Instagram,5,3.6,45,Every night,14,Work/career,6.4,19,10,5,2,7,5,9,0,No,"Yes, failed",No,At-risk
37,Female,Full-time employed,Europe,YouTube,6,2.0,15,Sometimes,14,Passing time/boredom,7.2,10,5,5,5,6,4,1,0,Yes,"Yes, succeeded",Yes,Moderate
28,Male,Full-time employed,North America,TikTok,2,2.1,33,Often,22,Entertainment,8.0,10,1,9,5,7,2,5,4,No,No,No,Moderate
25,Female,Part-time employed,Asia,TikTok,6,2.9,53,Every night,7,News/information,6.1,15,0,8,4,4,3,8,2,No,No,No,Moderate
25,Female,Full-time employed,Europe,TikTok,2,4.7,74,Every night,22,Connection with friends,7.4,15,0,9,4,7,6,6,3,No,No,No,Moderate
30,Female,Self-employed,Asia,Instagram,2,2.6,76,Never,20,Entertainment,8.0,10,12,9,3,6,5,6,4,No,"Yes, failed",Considering it,Moderate
40,Male,Full-time employed,North America,Facebook,4,1.1,42,Often,49,News/information,7.4,1,2,7,2,5,1,4,6,Yes,No,No,Good
34,Female,Student,Latin America,Instagram,6,3.4,45,Sometimes,13,Entertainment,6.3,14,0,8,4,5,4,4,1,No,No,Yes,Moderate
22,Female,Part-time employed,Africa,X/Twitter,2,3.8,30,Every night,10,News/information,6.0,18,0,2,8,8,4,9,3,No,"Yes, failed",No,At-risk
16,Female,Student,Latin America,Instagram,3,1.6,5,Sometimes,14,Work/career,7.2,9,5,10,6,7,6,9,1,Yes,No,No,Good
17,Female,Full-time employed,Asia,TikTok,7,3.6,153,Often,4,Entertainment,5.9,15,0,5,3,8,3,4,1,Yes,No,Considering it,Moderate
38,Female,Student,North America,TikTok,7,3.0,28,Every night,16,News/information,7.1,15,4,6,3,6,3,10,3,Yes,No,No,Moderate
26,Female,Self-employed,Europe,Facebook,5,6.2,56,Every night,32,Passing time/boredom,5.6,19,7,7,6,6,6,6,3,Yes,No,Considering it,At-risk
23,Male,Full-time employed,Latin America,Snapchat,5,1.0,25,Sometimes,32,Connection with friends,7.8,5,12,7,4,7,2,1,6,No,No,Considering it,Moderate
31,Female,Full-time employed,Africa,TikTok,5,3.2,41,Often,57,Connection with friends,5.7,13,11,6,2,6,3,4,3,No,No,No,Moderate
19,Prefer not to say,Student,North America,LinkedIn,2,2.7,46,Often,17,Content creation,7.2,10,6,7,6,1,5,7,4,No,No,Considering it,Moderate
38,Male,Student,Latin America,YouTube,2,1.5,28,Sometimes,1,Work/career,7.8,7,5,9,3,6,2,1,1,No,"Yes, succeeded",No,Good
35,Male,Unemployed,Latin America,Instagram,3,1.0,11,Often,7,Entertainment,7.7,12,7,10,3,9,3,4,0,Yes,"Yes, failed",No,Moderate
37,Male,Full-time employed,Asia,YouTube,4,1.2,5,Never,12,Content creation,7.4,9,7,7,2,8,3,6,3,No,No,No,Good
38,Female,Part-time employed,Latin America,Snapchat,1,3.0,10,Sometimes,4,Content creation,6.3,8,0,9,6,4,3,6,4,No,No,Yes,Good
29,Male,Student,North America,TikTok,3,5.0,106,Often,2,Connection with friends,6.8,16,0,5,2,6,5,7,5,Yes,No,No,Moderate
20,Female,Student,North America,TikTok,5,2.3,13,Sometimes,10,Content creation,7.3,1,5,9,5,5,2,4,2,No,No,Yes,Good
20,Male,Full-time employed,Europe,YouTube,3,7.4,133,Often,6,Passing time/boredom,6.8,17,2,4,10,7,8,6,2,No,No,No,At-risk
34,Male,Student,North America,X/Twitter,2,6.1,121,Sometimes,22,News/information,7.0,5,0,8,6,9,5,6,2,No,"Yes, failed",Considering it,Good
24,Female,Student,North America,TikTok,1,1.0,27,Never,38,News/information,8.5,10,9,9,10,8,3,6,2,No,No,Yes,Moderate
32,Female,Student,Asia,TikTok,2,2.5,45,Often,14,Entertainment,8.4,11,2,9,5,7,5,5,2,Yes,"Yes, failed",Yes,Moderate
28,Female,Student,Europe,Instagram,4,1.7,23,Never,52,Passing time/boredom,7.5,1,3,8,9,8,2,9,4,No,"Yes, succeeded",No,Good
24,Male,Student,Europe,Instagram,2,3.3,60,Sometimes,28,Connection with friends,7.7,4,2,7,6,4,2,4,3,No,"Yes, failed",Considering it,Good
24,Female,Part-time employed,Asia,YouTube,2,8.8,348,Never,14,Content creation,6.5,22,2,7,8,1,9,10,3,No,No,No,At-risk
40,Female,Student,Europe,Snapchat,3,1.5,52,Every night,10,Entertainment,5.9,12,0,10,7,6,4,2,3,No,No,Yes,Moderate
31,Male,Full-time employed,Asia,Reddit,2,2.2,21,Never,24,Entertainment,8.8,6,7,9,5,10,5,7,4,No,"Yes, failed",No,Good
37,Male,Unemployed,Asia,Instagram,3,4.4,139,Every night,25,Entertainment,6.7,11,3,7,2,5,5,4,3,No,"Yes, succeeded",Yes,Moderate
25,Male,Full-time employed,Europe,YouTube,3,3.8,36,Never,13,Work/career,7.7,10,1,8,4,6,7,4,3,No,"Yes, succeeded",No,Moderate
42,Male,Part-time employed,Asia,YouTube,3,2.5,23,Every night,14,Connection with friends,5.3,9,1,6,2,6,2,9,2,No,No,No,Good
20,Male,Unemployed,Europe,Facebook,3,7.0,102,Sometimes,11,Entertainment,7.9,15,0,7,4,5,10,7,1,No,No,No,Moderate
20,Female,Retired,Asia,X/Twitter,3,7.1,127,Often,18,Passing time/boredom,6.1,14,0,5,7,5,8,4,3,No,No,No,Moderate
18,Female,Retired,North America,X/Twitter,4,3.0,72,Often,24,Work/career,7.4,14,7,9,8,6,3,1,3,No,No,Considering it,Moderate
24,Female,Student,North America,Instagram,4,3.8,74,Never,3,News/information,7.0,15,0,6,5,8,3,4,3,No,No,No,Moderate
17,Male,Full-time employed,Latin America,Instagram,4,7.9,382,Often,23,Connection with friends,6.9,19,1,7,10,4,9,4,1,No,No,No,At-risk
33,Male,Student,Europe,Facebook,8,0.8,11,Every night,8,Entertainment,7.0,2,3,9,1,7,3,5,3,Yes,"Yes, failed",Yes,Good
39,Female,Self-employed,North America,TikTok,4,1.6,29,Sometimes,52,News/information,6.4,9,9,7,4,4,6,7,2,No,"Yes, failed",No,Good
33,Male,Student,Oceania,TikTok,5,3.1,59,Every night,6,Content creation,6.4,11,8,8,1,6,2,6,2,No,No,No,Moderate
22,Male,Student,Europe,TikTok,3,3.4,67,Every night,14,Entertainment,6.0,8,4,7,5,7,5,5,4,No,"Yes, succeeded",No,Good
36,Male,Full-time employed,Asia,Instagram,4,1.3,30,Never,2,Entertainment,7.4,7,4,8,4,7,3,3,3,No,"Yes, failed",Yes,Good
42,Male,Full-time employed,Asia,Snapchat,3,0.7,22,Often,6,Connection with friends,6.2,5,2,8,6,6,2,3,3,Yes,"Yes, failed",No,Good
40,Female,Full-time employed,North America,TikTok,1,7.5,181,Sometimes,13,Work/career,5.7,16,3,5,9,8,6,6,4,No,No,Considering it,Moderate
41,Male,Student,Latin America,TikTok,5,2.7,62,Never,9,Entertainment,6.5,13,9,9,4,7,3,3,1,Yes,No,Yes,Moderate
14,Male,Full-time employed,North America,Facebook,5,2.7,30,Often,28,Connection with friends,6.0,12,0,6,2,5,3,7,3,No,"Yes, failed",Considering it,Moderate
26,Female,Student,North America,TikTok,2,3.1,34,Every night,21,Entertainment,6.2,4,0,5,7,5,5,8,5,No,"Yes, failed",Considering it,Good
25,Female,Student,Asia,TikTok,4,3.3,45,Every night,14,Entertainment,6.2,18,6,6,4,7,7,3,3,No,"Yes, failed",No,At-risk
30,Female,Part-time employed,North America,Instagram,3,3.8,104,Never,7,Work/career,6.6,14,10,4,6,4,5,9,2,No,"Yes, failed",No,Moderate
32,Male,Student,Europe,LinkedIn,6,4.2,75,Often,11,Entertainment,7.0,12,1,9,4,4,2,5,2,No,No,No,Moderate
28,Non-binary,Part-time employed,Asia,Instagram,5,3.2,70,Often,14,Passing time/boredom,7.0,10,6,9,4,7,4,6,2,No,"Yes, succeeded",No,Moderate
36,Female,Full-time employed,Europe,Instagram,4,2.1,51,Never,19,Content creation,7.2,10,6,9,5,7,1,5,1,Yes,No,No,Moderate
31,Male,Student,Africa,Instagram,3,2.0,82,Every night,6,Entertainment,7.6,11,8,9,5,8,2,6,2,No,"Yes, failed",Considering it,Moderate
44,Female,Full-time employed,Europe,YouTube,3,1.1,18,Every night,9,News/information,5.9,5,7,7,4,6,1,6,3,No,No,No,Good
34,Male,Student,Oceania,Instagram,4,1.7,21,Sometimes,1,Connection with friends,7.3,9,12,8,5,8,6,3,4,No,"Yes, failed",No,Moderate
26,Male,Full-time employed,North America,TikTok,1,4.6,60,Sometimes,7,Content creation,7.1,10,1,6,7,3,7,2,3,Yes,No,No,Moderate
36,Female,Unemployed,Asia,TikTok,4,3.5,29,Sometimes,19,Connection with friends,6.5,6,7,4,2,7,4,2,3,Yes,No,No,Good
18,Female,Student,North America,TikTok,6,2.4,122,Sometimes,22,News/information,7.7,8,2,10,1,5,2,3,2,No,No,No,Good
34,Female,Full-time employed,Europe,TikTok,2,2.8,44,Often,44,News/information,6.3,17,6,7,6,4,4,6,2,Yes,No,No,At-risk
31,Male,Part-time employed,North America,TikTok,1,4.7,109,Every night,20,Content creation,7.0,10,0,5,4,7,9,6,3,No,No,Yes,Moderate
44,Female,Full-time employed,Europe,TikTok,2,4.0,52,Often,6,News/information,6.1,11,0,6,6,5,5,5,3,No,No,No,Moderate
21,Male,Full-time employed,Asia,LinkedIn,5,3.1,27,Often,14,Entertainment,7.8,10,8,6,4,8,2,4,6,No,"Yes, failed",No,Moderate
33,Female,Full-time employed,Asia,X/Twitter,8,5.6,266,Sometimes,16,Entertainment,7.8,16,6,5,2,7,5,6,2,No,No,No,Moderate
42,Female,Student,Latin America,Instagram,2,7.2,117,Often,30,Entertainment,5.4,19,1,5,4,5,5,7,0,Yes,"Yes, failed",No,At-risk
24,Female,Unemployed,Asia,Facebook,2,3.5,110,Every night,26,News/information,6.2,12,5,7,7,7,6,7,2,No,"Yes, failed",Considering it,Moderate
15,Male,Full-time employed,Asia,Facebook,1,2.6,29,Never,32,Entertainment,8.4,7,9,8,1,3,1,8,3,Yes,"Yes, succeeded",No,Good
39,Female,Full-time employed,Asia,TikTok,5,0.3,7,Every night,38,Connection with friends,6.7,5,2,8,4,7,3,6,5,Yes,No,Considering it,Good
39,Female,Part-time employed,Asia,Snapchat,5,1.5,40,Often,27,Entertainment,7.7,10,4,7,4,7,3,6,4,No,No,Yes,Moderate
44,Female,Self-employed,Latin America,TikTok,4,6.0,137,Sometimes,13,Entertainment,7.3,21,2,5,1,7,7,2,3,Yes,No,No,At-risk
39,Female,Full-time employed,North America,Facebook,1,5.3,26,Every night,41,News/information,4.1,14,2,4,5,4,3,3,3,No,No,Considering it,Moderate
22,Male,Part-time employed,Europe,Facebook,4,3.0,85,Never,9,Entertainment,8.2,12,6,8,4,4,4,1,3,No,No,Considering it,Moderate
31,Male,Full-time employed,Asia,LinkedIn,5,7.0,29,Often,11,Entertainment,6.3,14,0,5,7,4,7,8,6,No,No,Yes,Moderate
32,Male,Student,Asia,Instagram,7,5.3,63,Often,28,Entertainment,7.2,16,0,5,6,5,6,7,2,No,No,Considering it,Moderate
35,Female,Student,North America,YouTube,3,3.1,64,Never,28,Passing time/boredom,7.5,14,7,8,5,8,5,3,2,Yes,No,No,Moderate
22,Male,Full-time employed,North America,TikTok,5,2.8,33,Sometimes,20,Entertainment,6.6,6,2,7,7,6,2,5,6,No,"Yes, failed",No,Good
27,Male,Student,Europe,YouTube,4,3.6,23,Never,8,Connection with friends,7.1,11,11,6,4,7,2,7,4,No,No,No,Moderate
22,Female,Full-time employed,Europe,Instagram,4,4.4,40,Often,26,Entertainment,7.3,14,5,9,6,6,6,3,2,No,"Yes, succeeded",No,Moderate
51,Male,Unemployed,North America,YouTube,7,4.8,72,Sometimes,13,Connection with friends,7.1,15,7,8,6,3,9,5,4,Yes,"Yes, failed",No,Moderate
44,Female,Full-time employed,Europe,YouTube,2,1.3,38,Sometimes,11,Entertainment,8.1,9,6,10,4,6,5,5,3,No,"Yes, succeeded",Considering it,Good
36,Male,Part-time employed,Asia,TikTok,4,2.2,18,Every night,13,Content creation,7.7,5,4,8,8,8,4,6,4,No,"Yes, succeeded",No,Good
29,Male,Student,Europe,X/Twitter,5,2.1,15,Sometimes,10,News/information,6.2,5,6,6,6,5,4,4,1,No,"Yes, failed",Considering it,Good
24,Male,Full-time employed,Asia,X/Twitter,2,2.9,46,Every night,69,Entertainment,6.2,10,0,5,2,5,4,3,4,No,No,No,Moderate
46,Male,Full-time employed,Asia,Instagram,3,4.2,132,Every night,7,Work/career,6.2,9,1,6,5,6,3,5,3,No,"Yes, failed",No,Good
31,Male,Unemployed,Europe,Facebook,2,5.9,120,Often,2,Passing time/boredom,6.9,14,1,4,5,4,7,5,3,No,No,No,Moderate
40,Male,Unemployed,Europe,YouTube,1,2.7,7,Sometimes,65,News/information,6.1,13,4,9,5,5,4,8,5,No,"Yes, succeeded",No,Moderate
35,Female,Student,Latin America,YouTube,6,3.5,7,Sometimes,13,Connection with friends,6.2,13,8,7,5,4,5,7,5,No,"Yes, failed",Considering it,Moderate
37,Male,Student,Europe,TikTok,4,1.6,17,Sometimes,33,Work/career,8.2,10,9,7,3,7,3,4,1,No,"Yes, failed",Yes,Moderate
29,Male,Part-time employed,Africa,YouTube,4,9.5,134,Sometimes,23,News/information,7.2,15,0,5,10,2,9,7,4,No,No,No,Moderate
39,Male,Student,North America,TikTok,4,2.0,13,Sometimes,9,Passing time/boredom,7.3,12,4,6,9,6,6,4,5,No,"Yes, failed",Considering it,Moderate
41,Male,Student,Asia,Instagram,4,1.4,60,Often,21,News/information,7.5,11,0,8,1,8,4,4,5,No,No,No,Moderate
24,Male,Self-employed,North America,Instagram,2,0.9,5,Sometimes,12,Entertainment,7.2,9,4,9,4,9,2,7,3,No,No,No,Good
25,Male,Student,Asia,X/Twitter,3,10.2,62,Sometimes,25,Entertainment,7.3,25,0,6,10,4,5,10,1,No,No,No,At-risk
18,Male,Part-time employed,Asia,Snapchat,1,4.2,149,Sometimes,18,Work/career,7.5,11,4,7,4,6,8,3,2,No,"Yes, failed",No,Moderate
14,Male,Full-time employed,Latin America,Instagram,3,2.7,23,Sometimes,48,Entertainment,6.3,7,5,7,3,7,7,5,2,Yes,No,Yes,Good
28,Female,Student,Africa,Instagram,3,6.0,26,Often,15,Connection with friends,5.6,14,0,5,4,4,6,5,3,Yes,No,No,Moderate
27,Male,Self-employed,North America,TikTok,6,5.6,88,Sometimes,17,News/information,5.4,13,3,7,5,3,4,7,2,Yes,"Yes, failed",Yes,Moderate
52,Male,Full-time employed,North America,Instagram,3,3.0,56,Often,33,Passing time/boredom,7.8,14,4,6,6,4,5,5,3,Yes,No,No,Moderate
40,Female,Full-time employed,Asia,TikTok,5,2.0,17,Often,72,Entertainment,8.0,11,6,9,5,7,2,4,2,No,No,Considering it,Moderate
31,Male,Full-time employed,Asia,Instagram,5,1.7,20,Sometimes,10,Entertainment,9.2,6,6,7,1,5,2,6,3,No,"Yes, succeeded",No,Good
17,Male,Full-time employed,Asia,Facebook,7,1.5,51,Often,37,News/information,7.2,3,0,6,2,7,2,5,2,No,"Yes, succeeded",No,Good
40,Female,Full-time employed,Asia,X/Twitter,6,2.4,52,Every night,23,News/information,7.5,13,1,8,4,6,5,5,5,No,"Yes, failed",Yes,Moderate
42,Male,Part-time employed,Europe,Reddit,4,2.0,16,Sometimes,23,Entertainment,7.2,7,10,5,4,4,6,6,4,No,"Yes, failed",Considering it,Moderate
35,Male,Student,Asia,YouTube,2,1.7,59,Often,4,Entertainment,7.1,9,5,7,7,9,3,9,1,Yes,No,Yes,Good
34,Female,Student,North America,TikTok,2,7.9,199,Every night,28,News/information,4.6,19,1,5,5,7,6,8,2,No,No,No,At-risk
22,Male,Student,Asia,TikTok,4,3.2,12,Sometimes,28,News/information,7.8,8,7,7,4,8,2,5,4,No,"Yes, failed",No,Good
34,Female,Full-time employed,Latin America,YouTube,3,2.7,36,Every night,6,Passing time/boredom,4.4,10,5,5,4,5,6,2,5,No,No,No,Moderate
31,Male,Student,North America,YouTube,1,8.7,312,Never,11,News/information,4.8,19,0,3,5,1,8,9,4,Yes,"Yes, failed",Considering it,At-risk
29,Female,Self-employed,Europe,Instagram,6,1.2,27,Sometimes,10,News/information,7.0,15,5,8,2,7,4,6,4,Yes,No,No,Moderate
32,Non-binary,Unemployed,Africa,TikTok,2,6.1,32,Sometimes,5,News/information,7.5,13,0,5,8,6,7,4,3,No,"Yes, failed",Considering it,Moderate
31,Male,Student,North America,YouTube,2,1.5,21,Sometimes,14,News/information,7.7,13,4,9,4,5,4,5,2,No,"Yes, succeeded",Yes,Moderate
21,Male,Self-employed,Asia,YouTube,1,6.2,31,Often,33,News/information,5.4,15,1,2,7,5,6,10,2,No,"Yes, failed",No,Moderate
36,Male,Full-time employed,Europe,TikTok,4,3.3,10,Every night,16,Connection with friends,7.5,9,0,8,2,6,3,5,3,Yes,No,Considering it,Good
18,Female,Full-time employed,North America,Instagram,3,8.9,45,Sometimes,20,Entertainment,5.8,23,0,7,5,4,8,6,3,Yes,"Yes, failed",Considering it,At-risk
16,Male,Full-time employed,Africa,X/Twitter,1,3.2,9,Sometimes,1,Entertainment,8.0,9,7,5,7,9,2,7,5,No,No,Yes,Good
38,Female,Unemployed,North America,Instagram,5,3.6,156,Sometimes,23,Connection with friends,7.6,18,2,8,4,5,6,6,4,No,"Yes, failed",No,At-risk
30,Male,Student,North America,TikTok,1,12.8,303,Often,13,Entertainment,6.0,27,0,3,7,4,10,10,3,Yes,"Yes, failed",No,At-risk
37,Female,Full-time employed,Latin America,TikTok,3,0.3,6,Every night,10,Connection with friends,7.0,15,5,7,2,4,3,2,1,Yes,No,No,Moderate
45,Male,Full-time employed,Latin America,TikTok,6,2.2,61,Sometimes,20,Entertainment,8.3,9,5,8,7,7,4,5,4,No,No,No,Good
31,Male,Full-time employed,North America,X/Twitter,3,7.9,43,Often,20,News/information,6.3,8,0,5,9,4,1,9,3,No,"Yes, failed",Considering it,Good
24,Female,Full-time employed,North America,YouTube,3,0.9,18,Sometimes,41,Connection with friends,7.8,10,10,9,1,7,4,3,7,No,No,No,Moderate
18,Female,Full-time employed,Europe,TikTok,6,1.8,52,Sometimes,6,Entertainment,8.3,7,0,9,4,9,5,4,3,No,"Yes, failed",Yes,Good
43,Male,Full-time employed,Asia,TikTok,4,2.5,26,Sometimes,12,Connection with friends,7.4,5,7,7,2,6,6,4,4,No,"Yes, failed",No,Good
30,Male,Part-time employed,North America,TikTok,2,6.3,123,Often,19,Entertainment,6.8,20,1,9,5,6,10,3,4,Yes,No,Yes,At-risk
47,Male,Part-time employed,Europe,Snapchat,7,1.7,47,Often,16,News/information,8.4,11,8,8,2,7,1,5,2,No,No,Considering it,Moderate
42,Female,Student,Europe,Instagram,1,1.6,7,Every night,16,Passing time/boredom,8.5,16,7,7,4,7,4,3,1,No,No,No,Moderate
23,Male,Student,Europe,Instagram,7,5.7,64,Sometimes,28,Entertainment,6.0,24,2,7,4,5,7,9,2,No,"Yes, failed",Yes,At-risk
33,Female,Full-time employed,Europe,TikTok,1,4.3,28,Sometimes,9,Entertainment,7.1,8,3,6,5,7,1,3,3,No,No,No,Good
27,Female,Student,North America,Instagram,1,7.3,112,Every night,12,Work/career,5.9,21,0,6,3,7,2,7,4,No,"Yes, failed",Yes,At-risk
36,Non-binary,Full-time employed,Europe,YouTube,8,4.7,44,Sometimes,23,News/information,6.3,13,4,7,1,4,6,8,2,No,No,No,Moderate
21,Female,Student,Latin America,TikTok,4,2.2,73,Sometimes,32,Connection with friends,8.0,16,10,5,5,3,6,3,3,No,"Yes, failed",Considering it,Moderate
20,Female,Unemployed,Asia,Instagram,5,4.1,107,Sometimes,10,Entertainment,5.9,19,1,8,5,5,6,7,5,No,No,No,At-risk
14,Male,Student,Asia,TikTok,2,1.9,27,Often,4,Work/career,5.5,5,7,6,5,6,7,3,3,Yes,No,No,Good
20,Male,Part-time employed,Europe,TikTok,2,1.9,13,Sometimes,6,Passing time/boredom,8.9,6,6,8,2,6,4,3,4,No,"Yes, failed",Considering it,Good
13,Male,Student,Europe,TikTok,1,3.7,55,Sometimes,17,Entertainment,6.6,14,3,5,2,7,8,7,3,No,"Yes, failed",No,Moderate
19,Female,Part-time employed,North America,X/Twitter,3,3.2,93,Often,20,Connection with friends,6.3,14,10,7,6,7,5,4,1,No,No,Yes,Moderate
29,Female,Self-employed,Asia,YouTube,2,5.2,72,Sometimes,10,Work/career,6.1,13,7,6,5,5,6,6,4,No,"Yes, failed",No,Moderate
18,Male,Full-time employed,Asia,LinkedIn,2,3.3,86,Every night,17,Content creation,7.2,14,0,8,5,9,4,4,3,No,"Yes, failed",No,Moderate
34,Male,Full-time employed,Asia,YouTube,4,1.7,30,Every night,41,Passing time/boredom,6.7,6,5,9,3,6,7,6,4,Yes,"Yes, failed",No,Good
31,Prefer not to say,Full-time employed,Asia,TikTok,4,1.0,14,Sometimes,3,Entertainment,7.2,1,5,9,4,5,2,5,4,No,No,No,Good
21,Female,Full-time employed,Oceania,YouTube,2,2.7,90,Often,83,Passing time/boredom,5.9,7,0,8,6,5,3,8,3,No,No,Yes,Good
22,Male,Self-employed,North America,Reddit,5,2.3,8,Never,15,Connection with friends,7.6,12,8,9,3,6,4,5,4,No,"Yes, failed",No,Moderate
18,Female,Student,Europe,TikTok,5,6.0,212,Often,9,Content creation,6.2,14,0,4,8,7,10,7,3,Yes,No,No,Moderate
33,Non-binary,Full-time employed,North America,YouTube,1,3.7,153,Sometimes,12,News/information,7.4,14,1,6,5,8,2,9,3,No,No,No,Moderate
20,Female,Full-time employed,Europe,Snapchat,5,4.5,195,Sometimes,7,Connection with friends,8.3,21,0,8,1,4,6,6,3,Yes,"Yes, failed",No,At-risk
41,Female,Self-employed,Asia,TikTok,1,1.5,38,Sometimes,45,Content creation,7.7,7,4,8,5,5,6,4,3,Yes,No,No,Good
35,Female,Student,Asia,X/Twitter,5,1.9,5,Often,16,News/information,7.2,7,7,9,4,5,2,3,4,No,"Yes, failed",No,Good
28,Male,Student,Asia,TikTok,4,5.5,84,Often,18,Connection with friends,6.0,11,6,4,7,6,5,5,3,Yes,No,No,Moderate
28,Male,Self-employed,Asia,Instagram,2,2.0,40,Sometimes,20,Connection with friends,8.3,16,1,7,3,9,6,4,3,No,No,No,Moderate
49,Female,Student,Asia,TikTok,6,6.6,65,Sometimes,8,Connection with friends,6.6,13,1,5,3,1,9,7,3,No,"Yes, succeeded",Yes,Moderate
13,Male,Full-time employed,Africa,TikTok,3,3.5,103,Never,21,News/information,7.5,12,0,9,4,5,6,4,3,No,No,No,Moderate
38,Female,Student,Europe,Snapchat,3,4.5,144,Sometimes,29,Connection with friends,6.6,8,0,8,6,3,2,1,3,No,"Yes, failed",No,Good
28,Male,Full-time employed,Europe,Instagram,5,2.3,51,Sometimes,11,Content creation,8.0,12,3,8,7,6,2,5,2,Yes,No,No,Moderate
32,Male,Full-time employed,Asia,YouTube,7,4.3,48,Every night,7,Passing time/boredom,6.8,12,0,6,8,4,5,7,3,Yes,No,No,Moderate
13,Prefer not to say,Unemployed,Asia,Snapchat,2,3.4,91,Often,30,Entertainment,5.9,11,5,4,5,5,3,5,2,No,"Yes, failed",No,Moderate
41,Female,Student,North America,TikTok,4,2.0,69,Often,3,Entertainment,6.9,8,0,8,5,5,1,3,0,No,No,No,Good
33,Female,Self-employed,Oceania,Instagram,3,5.8,140,Often,23,News/information,7.2,9,0,8,5,2,4,10,2,No,No,No,Good
38,Prefer not to say,Full-time employed,North America,X/Twitter,3,2.7,46,Never,7,News/information,8.1,15,11,7,5,2,2,8,2,Yes,No,No,Moderate
22,Prefer not to say,Self-employed,Latin America,Facebook,1,4.7,101,Every night,2,Entertainment,7.5,16,0,6,6,6,7,7,3,Yes,"Yes, failed",No,Moderate
30,Female,Full-time employed,North America,Instagram,4,2.3,101,Sometimes,5,Passing time/boredom,6.2,11,2,7,8,6,5,7,4,Yes,"Yes, succeeded",No,Moderate
36,Male,Full-time employed,Europe,Reddit,6,3.4,78,Often,11,Connection with friends,7.3,15,2,10,7,6,7,1,3,No,No,No,Moderate
42,Female,Full-time employed,Europe,Instagram,1,3.9,63,Sometimes,14,News/information,6.7,7,4,8,2,9,7,5,3,Yes,No,No,Good
23,Male,Unemployed,Europe,TikTok,4,2.5,33,Every night,16,Passing time/boredom,6.5,15,0,8,4,8,3,7,4,Yes,"Yes, succeeded",Yes,Moderate
46,Male,Student,Europe,TikTok,5,3.0,60,Every night,6,Connection with friends,6.5,11,4,5,4,9,4,6,3,Yes,"Yes, succeeded",Considering it,Moderate
39,Female,Unemployed,Africa,YouTube,4,3.4,51,Sometimes,7,Entertainment,8.6,20,0,7,5,5,6,4,4,No,"Yes, succeeded",No,At-risk
26,Non-binary,Full-time employed,Latin America,TikTok,2,2.7,33,Every night,7,Content creation,6.3,11,2,9,6,7,4,8,3,Yes,No,No,Moderate
33,Male,Full-time employed,North America,Instagram,4,5.2,39,Every night,9,Entertainment,5.4,13,0,8,6,5,5,5,4,No,"Yes, succeeded",Considering it,Moderate
41,Male,Student,North America,YouTube,2,2.2,63,Often,27,News/information,6.5,7,2,9,2,7,6,3,5,No,"Yes, failed",Considering it,Good
35,Female,Retired,Asia,TikTok,1,2.1,41,Often,19,Connection with friends,6.7,4,2,7,1,6,5,5,2,Yes,"Yes, failed",No,Good
47,Female,Self-employed,Asia,Snapchat,3,1.6,21,Sometimes,41,Work/career,7.0,9,7,8,8,6,6,6,2,No,"Yes, failed",Yes,Good
21,Non-binary,Part-time employed,Europe,YouTube,1,3.3,47,Every night,7,Connection with friends,7.1,15,0,6,4,8,9,5,1,No,No,Considering it,Moderate
37,Male,Full-time employed,Asia,Instagram,1,1.4,16,Often,20,News/information,5.9,8,8,9,4,6,3,3,2,Yes,"Yes, failed",Yes,Good
34,Female,Full-time employed,North America,X/Twitter,1,3.8,171,Every night,26,Passing time/boredom,7.9,19,2,10,8,6,7,6,1,Yes,"Yes, succeeded",Considering it,At-risk
55,Female,Self-employed,North America,YouTube,7,4.0,113,Sometimes,19,Passing time/boredom,6.5,13,2,6,5,5,1,6,2,Yes,"Yes, succeeded",No,Moderate
16,Female,Student,North America,Instagram,8,3.9,5,Sometimes,9,Work/career,7.0,15,1,8,1,5,5,6,0,Yes,No,Yes,Moderate
21,Male,Student,North America,YouTube,7,2.1,17,Often,5,Passing time/boredom,7.0,14,2,7,1,8,8,6,1,No,"Yes, failed",Considering it,Moderate
17,Male,Self-employed,Europe,TikTok,2,4.3,54,Sometimes,18,News/information,5.9,14,0,7,3,8,7,6,5,No,No,Considering it,Moderate
27,Male,Student,Europe,LinkedIn,3,4.2,142,Often,41,Passing time/boredom,5.9,6,0,4,6,7,2,3,5,No,"Yes, failed",Yes,Good
41,Male,Full-time employed,Africa,X/Twitter,3,1.9,26,Never,47,Connection with friends,7.1,4,3,6,7,6,2,5,4,No,No,Considering it,Good
50,Prefer not to say,Part-time employed,Asia,Reddit,3,4.7,60,Never,10,Entertainment,7.3,14,0,6,5,7,7,7,1,No,No,Yes,Moderate
21,Male,Full-time employed,Europe,YouTube,3,4.7,46,Often,38,Entertainment,7.4,7,7,6,8,10,2,7,0,No,"Yes, succeeded",No,Good
32,Male,Student,Asia,LinkedIn,4,2.1,29,Every night,28,Entertainment,6.2,7,2,8,5,7,5,5,4,No,No,No,Good
14,Male,Full-time employed,Europe,YouTube,3,2.9,38,Often,6,Entertainment,6.8,9,1,6,5,6,6,7,3,No,No,Considering it,Good
41,Male,Student,Europe,Facebook,4,2.7,38,Sometimes,13,Connection with friends,7.0,19,2,9,6,5,6,4,1,No,"Yes, failed",Yes,At-risk
38,Male,Full-time employed,Latin America,TikTok,2,2.5,25,Sometimes,13,Connection with friends,7.2,6,4,8,4,4,4,5,2,No,"Yes, failed",No,Good
45,Female,Full-time employed,North America,Instagram,2,2.8,63,Sometimes,31,Entertainment,6.3,10,1,6,5,4,4,3,3,No,No,Yes,Moderate
34,Male,Student,North America,Instagram,5,4.3,135,Never,24,Entertainment,7.5,16,0,7,6,6,6,5,2,No,"Yes, succeeded",No,Moderate
28,Female,Part-time employed,Africa,Facebook,7,3.9,183,Sometimes,29,News/information,6.2,17,11,5,5,8,4,6,4,Yes,"Yes, failed",No,At-risk
20,Male,Student,North America,YouTube,7,0.7,13,Sometimes,43,Passing time/boredom,7.0,11,0,7,3,6,4,5,3,No,"Yes, failed",No,Moderate
33,Male,Unemployed,North America,TikTok,4,5.6,91,Often,6,Passing time/boredom,5.2,18,0,6,4,4,1,3,1,No,"Yes, failed",No,At-risk
52,Female,Part-time employed,Africa,YouTube,4,3.6,24,Often,22,Entertainment,7.2,10,8,8,2,5,5,4,2,No,No,No,Moderate
23,Male,Student,North America,Instagram,2,2.0,53,Sometimes,40,News/information,7.0,8,5,6,3,7,1,5,4,No,No,No,Good
41,Female,Retired,North America,Instagram,4,0.2,5,Sometimes,36,Connection with friends,8.1,9,7,7,2,10,4,3,2,Yes,No,No,Good
27,Male,Retired,North America,Instagram,4,4.1,88,Sometimes,24,Connection with friends,7.1,12,9,6,6,4,9,4,4,No,"Yes, succeeded",No,Moderate
31,Male,Full-time employed,North America,Instagram,3,1.6,44,Often,32,Passing time/boredom,6.2,8,8,7,5,8,1,5,3,No,No,No,Good
31,Prefer not to say,Full-time employed,North America,TikTok,2,2.7,66,Never,15,Entertainment,8.3,8,3,7,3,8,4,4,1,No,"Yes, succeeded",No,Good
48,Non-binary,Student,Asia,TikTok,3,2.0,52,Never,8,Entertainment,7.0,10,5,8,1,8,2,7,3,Yes,"Yes, failed",Yes,Moderate
40,Male,Part-time employed,North America,YouTube,1,2.4,46,Often,8,Work/career,8.0,9,11,9,4,4,2,7,2,No,No,Yes,Moderate
35,Male,Retired,Europe,TikTok,4,2.4,20,Often,6,Work/career,6.7,6,5,6,3,7,4,3,2,Yes,"Yes, failed",No,Good
21,Female,Student,Europe,YouTube,3,4.2,105,Often,11,Passing time/boredom,7.9,12,2,9,6,7,4,2,1,No,No,Considering it,Moderate
15,Female,Part-time employed,North America,Facebook,3,3.6,11,Often,5,Content creation,8.0,11,7,6,6,6,5,4,2,No,No,Considering it,Moderate
24,Male,Full-time employed,Asia,Instagram,1,0.9,12,Every night,7,Passing time/boredom,6.0,14,9,10,7,6,3,4,5,Yes,"Yes, failed",No,Moderate
34,Male,Full-time employed,Asia,Instagram,1,2.9,40,Every night,4,Entertainment,7.0,10,6,10,5,10,8,5,2,Yes,No,No,Moderate
30,Female,Part-time employed,Africa,Instagram,1,2.1,6,Every night,4,News/information,6.1,10,8,5,6,7,1,5,4,Yes,No,No,Moderate
28,Female,Full-time employed,Latin America,Instagram,6,3.2,114,Often,3,Content creation,5.2,7,6,6,3,9,5,8,4,No,No,No,Good
23,Non-binary,Self-employed,Europe,LinkedIn,4,8.5,18,Often,41,News/information,6.8,11,0,5,9,4,8,5,4,No,"Yes, failed",No,Moderate
25,Male,Student,Europe,Reddit,2,4.1,31,Sometimes,29,Connection with friends,7.0,15,1,6,3,3,6,10,0,No,No,No,Moderate
22,Female,Student,Europe,Facebook,5,3.6,27,Often,14,Entertainment,7.8,11,4,7,4,6,7,3,4,No,"Yes, failed",Considering it,Moderate
14,Male,Student,Asia,Facebook,1,0.8,19,Often,57,Entertainment,7.5,5,5,8,8,7,3,3,3,No,"Yes, succeeded",Considering it,Good
33,Male,Student,North America,Instagram,3,4.4,174,Sometimes,15,Entertainment,7.6,8,4,8,6,5,5,5,2,No,"Yes, succeeded",No,Good
19,Male,Student,North America,Facebook,3,3.0,49,Sometimes,23,News/information,7.4,10,1,6,3,7,4,5,3,No,No,No,Moderate
28,Female,Self-employed,North America,Reddit,2,9.2,93,Never,26,Connection with friends,5.9,16,0,4,8,6,4,5,4,No,"Yes, succeeded",No,Moderate
32,Female,Student,Europe,Reddit,2,3.3,89,Often,12,Entertainment,8.1,16,6,8,4,5,1,5,2,No,No,Considering it,Moderate
30,Male,Full-time employed,North America,Reddit,8,3.1,40,Every night,48,Work/career,6.1,13,2,7,3,8,2,4,2,No,"Yes, succeeded",No,Moderate
22,Male,Student,North America,TikTok,3,3.2,18,Often,65,Passing time/boredom,6.4,11,8,7,5,2,5,3,2,Yes,No,No,Moderate
49,Male,Full-time employed,Latin America,Instagram,5,1.7,7,Sometimes,28,Passing time/boredom,7.1,14,4,7,1,9,2,3,4,No,No,No,Moderate
31,Non-binary,Full-time employed,Asia,X/Twitter,3,2.7,31,Every night,12,Entertainment,6.0,12,8,5,4,5,8,4,1,Yes,"Yes, succeeded",No,Moderate
43,Male,Unemployed,North America,Instagram,6,1.2,23,Often,8,Content creation,7.3,8,3,7,3,8,6,4,4,No,No,No,Good
18,Female,Unemployed,Africa,YouTube,3,2.9,62,Often,55,Passing time/boredom,5.9,8,4,7,5,6,6,6,4,No,"Yes, failed",Considering it,Good
15,Male,Student,Europe,YouTube,3,6.3,127,Often,1,Content creation,8.2,16,0,9,4,1,6,8,2,No,No,No,Moderate
23,Prefer not to say,Student,North America,TikTok,2,2.5,144,Never,42,Work/career,8.1,16,5,7,6,7,2,5,3,Yes,No,No,Moderate
21,Female,Full-time employed,Asia,TikTok,5,2.3,19,Often,4,Connection with friends,6.9,6,2,9,4,7,8,3,2,Yes,No,Yes,Good
37,Male,Student,North America,TikTok,3,5.4,104,Never,11,Entertainment,6.8,18,3,7,7,5,7,7,4,No,No,No,At-risk
18,Female,Full-time employed,Asia,X/Twitter,5,3.3,16,Never,12,Entertainment,8.7,11,6,8,6,4,2,2,3,Yes,"Yes, failed",Considering it,Moderate
31,Female,Student,North America,TikTok,4,2.2,59,Sometimes,10,Connection with friends,7.8,8,4,7,5,4,4,2,4,No,"Yes, failed",No,Good
22,Male,Part-time employed,Asia,TikTok,4,2.0,61,Sometimes,13,Connection with friends,8.1,4,7,10,4,6,2,3,1,No,"Yes, succeeded",No,Good
46,Male,Full-time employed,Latin America,YouTube,1,1.9,52,Sometimes,12,Passing time/boredom,7.5,6,5,6,2,5,3,1,6,No,No,Yes,Good
25,Female,Full-time employed,Europe,TikTok,7,1.4,12,Never,31,Entertainment,8.1,13,9,7,7,7,2,7,2,No,"Yes, failed",Considering it,Moderate
40,Female,Student,Asia,Reddit,2,2.6,31,Sometimes,57,News/information,7.3,13,2,9,6,4,4,7,2,Yes,No,No,Moderate
31,Male,Full-time employed,Latin America,YouTube,2,1.6,31,Sometimes,12,News/information,8.4,17,0,8,4,5,5,4,2,No,No,No,At-risk
31,Non-binary,Full-time employed,Oceania,Instagram,4,3.9,25,Often,23,Content creation,7.5,12,5,9,3,8,6,4,5,Yes,"Yes, failed",Considering it,Moderate
28,Female,Student,Europe,YouTube,4,1.3,8,Sometimes,20,Work/career,7.0,1,8,7,3,7,4,4,3,Yes,No,Considering it,Good
36,Male,Student,Latin America,Reddit,4,1.3,54,Sometimes,19,Work/career,8.4,5,0,8,4,9,5,5,3,Yes,No,No,Good
27,Female,Self-employed,Asia,YouTube,3,4.6,99,Sometimes,18,Connection with friends,6.9,10,1,7,6,6,6,7,4,No,"Yes, succeeded",No,Moderate
24,Female,Student,North America,X/Twitter,3,5.2,83,Never,9,Connection with friends,6.4,18,0,5,6,8,8,10,5,Yes,"Yes, succeeded",Considering it,At-risk
19,Male,Student,North America,TikTok,2,1.5,18,Sometimes,15,Content creation,7.1,8,0,5,4,9,4,5,5,Yes,"Yes, failed",No,Good
30,Male,Student,Europe,TikTok,3,2.3,41,Often,27,Work/career,7.0,6,6,8,2,6,5,6,2,Yes,No,No,Good
31,Male,Full-time employed,Asia,Snapchat,2,1.2,44,Sometimes,34,Work/career,8.8,10,1,8,1,3,3,6,3,No,No,Yes,Moderate
21,Prefer not to say,Full-time employed,Asia,Instagram,4,3.8,8,Never,6,Connection with friends,6.5,1,4,7,7,8,4,4,4,No,"Yes, failed",No,Good
13,Male,Part-time employed,Europe,LinkedIn,3,3.6,42,Sometimes,21,Content creation,6.9,8,0,6,8,7,4,7,4,No,No,No,Good
33,Female,Full-time employed,Latin America,TikTok,5,4.2,17,Sometimes,17,Entertainment,6.4,14,5,8,3,4,1,7,2,No,"Yes, failed",No,Moderate
26,Male,Full-time employed,Asia,TikTok,6,6.0,78,Every night,25,Connection with friends,6.1,11,1,4,4,6,6,9,1,Yes,"Yes, failed",Yes,Moderate
18,Female,Full-time employed,Europe,Instagram,1,0.5,5,Every night,8,News/information,6.0,12,5,7,1,6,3,7,2,Yes,No,Considering it,Moderate
19,Male,Full-time employed,North America,TikTok,3,4.5,53,Sometimes,14,Entertainment,6.1,19,1,5,5,3,7,4,2,No,No,Considering it,At-risk
30,Male,Full-time employed,Asia,Instagram,1,3.7,60,Sometimes,15,News/information,7.2,2,10,5,3,6,9,3,2,No,"Yes, failed",No,Moderate
44,Female,Self-employed,Europe,TikTok,1,2.6,41,Sometimes,4,Entertainment,7.8,8,3,10,5,5,1,5,5,No,No,No,Good
22,Male,Student,Latin America,Snapchat,3,0.3,5,Never,55,Passing time/boredom,8.8,11,11,6,3,5,8,7,4,No,"Yes, failed",Yes,Moderate
22,Male,Part-time employed,Europe,X/Twitter,2,5.5,87,Sometimes,9,Connection with friends,6.8,16,4,6,8,2,5,6,5,No,"Yes, failed",No,Moderate
30,Female,Full-time employed,Europe,Instagram,5,3.4,29,Sometimes,38,Entertainment,7.0,15,4,5,6,5,3,4,3,No,"Yes, failed",Considering it,Moderate
21,Male,Full-time employed,North America,YouTube,2,1.5,36,Never,15,Entertainment,8.6,6,6,8,3,8,2,2,2,Yes,No,Yes,Good
37,Male,Student,North America,TikTok,3,2.1,32,Sometimes,1,Entertainment,6.6,12,5,7,5,4,6,1,2,Yes,No,Yes,Moderate
22,Male,Full-time employed,Africa,Instagram,4,2.9,37,Every night,55,Entertainment,6.1,10,10,7,1,8,2,3,4,No,No,No,Moderate
41,Male,Full-time employed,Asia,Instagram,5,1.5,13,Often,12,Entertainment,7.7,7,4,6,3,4,1,7,3,No,"Yes, failed",Yes,Good
36,Female,Unemployed,Africa,Instagram,2,3.5,92,Sometimes,7,Work/career,7.1,11,0,5,5,8,3,4,3,Yes,"Yes, failed",No,Moderate
35,Female,Student,North America,Instagram,2,3.8,29,Sometimes,34,Passing time/boredom,7.6,12,7,8,4,5,3,6,1,Yes,"Yes, succeeded",No,Moderate
20,Female,Full-time employed,Asia,X/Twitter,5,5.4,58,Often,27,Passing time/boredom,6.6,17,0,7,7,4,5,8,3,No,No,Considering it,At-risk
21,Male,Student,Europe,YouTube,3,3.4,39,Every night,5,Passing time/boredom,6.8,6,9,4,3,5,5,5,2,No,"Yes, failed",No,Good
31,Male,Full-time employed,Europe,Instagram,4,1.4,9,Often,23,Connection with friends,7.0,5,5,8,5,10,5,2,4,Yes,No,No,Good
16,Female,Part-time employed,Europe,Reddit,4,1.5,45,Often,6,News/information,6.4,7,4,4,2,8,4,9,3,Yes,"Yes, failed",Considering it,Good
27,Female,Unemployed,North America,TikTok,4,3.2,95,Sometimes,13,Entertainment,7.1,11,2,6,5,7,1,5,4,Yes,No,Considering it,Moderate
35,Male,Student,North America,TikTok,2,2.1,10,Sometimes,31,Passing time/boredom,7.9,5,7,10,6,4,5,4,4,Yes,"Yes, failed",No,Good
18,Male,Student,North America,TikTok,3,2.9,51,Often,23,Entertainment,6.6,13,7,9,8,6,3,4,5,No,"Yes, failed",No,Moderate
41,Female,Unemployed,Asia,Instagram,4,1.1,21,Sometimes,19,Passing time/boredom,6.8,9,10,8,6,5,5,5,3,No,No,No,Moderate
13,Female,Part-time employed,Africa,X/Twitter,2,5.6,113,Sometimes,8,Entertainment,6.4,16,0,5,6,2,10,5,2,Yes,"Yes, succeeded",Considering it,Moderate
58,Male,Student,Asia,TikTok,8,2.1,5,Often,4,Connection with friends,7.9,17,0,7,3,5,5,5,5,Yes,No,Yes,At-risk
35,Male,Full-time employed,Asia,Instagram,5,6.8,397,Often,10,Entertainment,6.1,20,0,8,4,3,6,6,3,No,No,No,At-risk
27,Female,Student,Europe,Facebook,2,2.1,28,Often,36,Entertainment,7.5,13,5,7,4,5,4,5,1,No,No,No,Moderate
36,Prefer not to say,Part-time employed,Asia,X/Twitter,2,3.7,91,Often,21,Entertainment,7.4,6,0,4,6,9,3,7,1,No,No,No,Good
18,Prefer not to say,Self-employed,Asia,Snapchat,2,3.2,65,Never,38,Connection with friends,7.3,11,2,9,5,8,4,3,4,Yes,"Yes, failed",No,Moderate
16,Male,Full-time employed,Asia,Reddit,5,4.5,134,Never,30,News/information,7.8,16,5,7,3,7,7,7,1,No,"Yes, failed",Yes,Moderate
37,Female,Part-time employed,Europe,X/Twitter,1,6.9,60,Sometimes,26,Entertainment,6.1,13,3,6,6,3,6,8,1,Yes,No,Considering it,Moderate
41,Male,Full-time employed,North America,X/Twitter,1,3.1,109,Sometimes,28,News/information,7.6,10,0,6,4,5,3,7,2,Yes,No,Considering it,Moderate
26,Male,Full-time employed,Asia,YouTube,4,1.5,36,Sometimes,23,Entertainment,7.0,12,6,7,4,8,5,5,4,Yes,"Yes, failed",No,Moderate
27,Male,Student,Latin America,Facebook,1,2.9,42,Often,32,Passing time/boredom,6.6,8,1,6,9,6,4,5,3,No,"Yes, succeeded",No,Good
23,Female,Student,Europe,Instagram,1,4.3,70,Every night,27,Connection with friends,6.6,15,0,8,9,6,7,4,2,Yes,No,No,Moderate
29,Prefer not to say,Full-time employed,North America,TikTok,1,0.3,5,Often,10,Connection with friends,7.1,7,5,8,2,8,4,4,2,No,"Yes, failed",No,Good
16,Male,Student,Asia,Instagram,3,3.8,8,Sometimes,7,News/information,7.1,16,2,6,3,8,5,6,2,No,No,No,Moderate
13,Male,Student,Asia,YouTube,4,1.5,31,Every night,13,Work/career,7.4,11,6,9,4,3,1,2,4,No,No,Considering it,Moderate
29,Female,Retired,North America,YouTube,8,1.7,5,Sometimes,8,Connection with friends,7.3,5,9,7,2,8,8,9,0,No,"Yes, failed",No,Good
24,Male,Student,Africa,Snapchat,4,2.6,55,Every night,3,Work/career,6.6,9,2,7,3,8,4,5,3,Yes,No,Yes,Good
43,Female,Student,North America,Reddit,3,3.9,51,Never,48,Connection with friends,6.7,8,6,7,7,2,7,7,1,No,"Yes, failed",No,Good
27,Male,Student,Latin America,TikTok,3,1.5,30,Sometimes,24,Entertainment,8.2,5,2,9,2,8,3,2,2,No,"Yes, succeeded",No,Good
38,Male,Full-time employed,North America,Instagram,3,3.1,125,Sometimes,18,Content creation,6.6,8,0,9,5,4,6,3,6,Yes,"Yes, failed",Considering it,Good
26,Male,Part-time employed,Europe,X/Twitter,2,3.7,76,Sometimes,7,Entertainment,7.3,17,5,6,5,4,5,4,3,Yes,"Yes, failed",No,At-risk
26,Female,Full-time employed,Latin America,Snapchat,1,2.6,151,Often,31,Passing time/boredom,7.4,15,0,7,5,8,7,3,2,No,"Yes, succeeded",No,Moderate
22,Male,Student,Asia,YouTube,3,3.8,102,Often,53,Passing time/boredom,6.8,13,1,6,7,5,5,6,1,Yes,No,Yes,Moderate
15,Female,Student,Europe,YouTube,2,3.8,61,Sometimes,29,News/information,6.6,15,1,4,1,8,6,5,1,No,No,No,Moderate
13,Female,Unemployed,Asia,X/Twitter,2,6.4,72,Sometimes,17,News/information,7.1,14,0,5,10,7,8,5,3,Yes,"Yes, succeeded",Yes,Moderate
38,Female,Retired,Europe,Instagram,4,5.7,120,Sometimes,18,Content creation,6.6,13,0,6,4,9,7,9,3,No,No,Considering it,Moderate
27,Female,Self-employed,Asia,TikTok,4,3.5,97,Every night,34,Passing time/boredom,5.5,13,0,6,4,7,4,8,3,Yes,No,Considering it,Moderate
36,Female,Full-time employed,North America,Snapchat,4,5.3,78,Every night,33,Connection with friends,5.2,19,0,7,6,6,7,6,5,No,No,Yes,At-risk
31,Female,Self-employed,Asia,TikTok,2,1.6,21,Sometimes,63,Passing time/boredom,8.2,14,2,6,1,8,6,6,2,Yes,No,No,Moderate
13,Female,Full-time employed,North America,YouTube,5,4.5,99,Every night,17,Passing time/boredom,5.4,14,7,4,4,7,3,3,4,No,"Yes, failed",Yes,Moderate
16,Male,Full-time employed,Asia,Instagram,5,7.4,100,Sometimes,10,Entertainment,6.9,11,4,6,9,4,9,7,2,Yes,No,Yes,Moderate
28,Female,Student,Latin America,TikTok,3,7.0,171,Never,14,News/information,7.5,24,0,7,5,10,9,8,2,No,"Yes, succeeded",No,At-risk
31,Female,Part-time employed,Asia,YouTube,4,3.8,15,Sometimes,24,Connection with friends,7.4,9,2,9,4,7,7,5,4,No,No,No,Good
24,Female,Student,Asia,Instagram,3,3.9,120,Sometimes,2,Connection with friends,7.6,15,4,7,3,4,4,4,1,No,"Yes, succeeded",No,Moderate
37,Female,Student,Asia,YouTube,2,1.5,6,Often,29,Work/career,6.2,8,0,7,3,6,3,5,4,No,"Yes, succeeded",Considering it,Good
55,Male,Full-time employed,North America,TikTok,8,0.9,5,Sometimes,52,Entertainment,7.3,11,14,6,5,9,6,2,3,No,"Yes, failed",No,Moderate
42,Female,Student,Europe,Reddit,3,1.5,25,Sometimes,6,Entertainment,7.3,10,5,9,1,8,5,7,2,Yes,No,Considering it,Moderate
29,Female,Part-time employed,Europe,Snapchat,7,0.5,16,Often,19,Connection with friends,7.0,5,8,8,1,8,5,4,2,Yes,"Yes, succeeded",No,Good
21,Female,Unemployed,North America,TikTok,3,5.0,161,Never,13,Content creation,8.7,8,2,7,4,3,10,8,3,Yes,No,No,Good
43,Non-binary,Part-time employed,Africa,TikTok,3,1.3,22,Sometimes,12,Entertainment,8.5,4,8,7,3,8,2,3,2,No,No,No,Good
48,Female,Student,Europe,Instagram,4,4.5,76,Sometimes,4,Connection with friends,8.0,9,2,7,6,2,3,9,4,No,"Yes, failed",Yes,Good
30,Male,Student,Africa,YouTube,4,1.2,51,Every night,15,Connection with friends,7.7,12,0,7,4,4,1,6,5,No,No,Considering it,Moderate
25,Prefer not to say,Unemployed,Africa,Instagram,6,3.6,94,Sometimes,4,Content creation,7.9,13,0,10,6,4,4,5,4,Yes,"Yes, failed",No,Moderate
26,Female,Full-time employed,Oceania,Facebook,5,2.6,111,Sometimes,35,Entertainment,6.2,8,5,7,5,9,8,5,4,No,"Yes, succeeded",Yes,Good
34,Male,Unemployed,North America,Instagram,5,2.2,80,Never,28,Connection with friends,6.5,5,8,7,2,5,4,6,2,No,No,Yes,Good
33,Male,Student,North America,Instagram,3,1.3,43,Sometimes,2,Work/career,7.7,16,10,8,4,7,3,4,2,No,No,No,Moderate
28,Female,Student,North America,TikTok,6,2.1,62,Sometimes,17,Content creation,7.4,7,6,9,3,4,6,1,0,No,"Yes, failed",Considering it,Good
25,Female,Student,Europe,Instagram,1,3.8,85,Sometimes,60,Work/career,6.3,10,1,5,6,8,3,8,4,Yes,"Yes, succeeded",Considering it,Moderate
16,Male,Full-time employed,North America,TikTok,1,4.5,14,Never,31,Passing time/boredom,6.9,8,0,7,2,4,1,4,3,No,No,No,Good
20,Male,Part-time employed,Latin America,Reddit,2,4.0,139,Sometimes,24,Entertainment,6.3,11,2,9,4,5,6,7,4,No,"Yes, failed",No,Moderate
32,Male,Student,Asia,X/Twitter,2,4.6,62,Sometimes,43,Work/career,6.9,18,2,6,6,7,7,7,4,No,No,No,At-risk
34,Female,Student,Latin America,TikTok,4,2.4,42,Never,13,Connection with friends,7.7,12,5,4,3,6,2,6,2,No,No,No,Moderate
42,Male,Student,North America,YouTube,3,1.2,27,Every night,13,Content creation,7.0,10,8,7,7,2,6,3,0,No,No,No,Moderate
34,Female,Student,North America,YouTube,1,4.0,50,Every night,45,Work/career,6.0,11,11,7,5,3,7,3,2,No,No,No,Moderate
14,Female,Part-time employed,Asia,TikTok,5,1.6,48,Often,27,Connection with friends,6.6,8,1,5,4,5,6,3,1,Yes,"Yes, failed",No,Good
30,Female,Part-time employed,Africa,Instagram,3,3.3,39,Sometimes,23,Passing time/boredom,6.8,15,9,7,7,7,2,4,1,Yes,"Yes, failed",No,Moderate
32,Female,Unemployed,Europe,X/Twitter,3,1.7,58,Often,18,Entertainment,6.2,8,5,3,3,4,5,6,2,Yes,No,No,Good
21,Female,Student,Europe,Instagram,3,1.2,48,Every night,18,Entertainment,7.8,12,3,6,2,6,1,3,3,Yes,No,No,Moderate
38,Female,Unemployed,Asia,Snapchat,5,1.5,10,Sometimes,41,Entertainment,7.4,5,10,9,3,6,2,6,4,No,No,No,Moderate
24,Female,Full-time employed,Asia,TikTok,1,2.3,86,Often,32,Entertainment,8.1,9,8,8,5,8,4,6,2,No,No,No,Good
29,Female,Full-time employed,Oceania,YouTube,5,3.2,14,Often,8,Entertainment,7.3,9,12,8,3,7,7,4,0,No,No,Yes,Moderate
35,Female,Retired,Latin America,Instagram,2,4.0,37,Often,100,Work/career,7.3,13,1,6,4,2,9,2,3,No,"Yes, succeeded",Considering it,Moderate
13,Male,Full-time employed,Asia,X/Twitter,3,3.4,216,Often,10,News/information,6.9,5,2,5,8,8,4,5,2,No,No,No,Good
49,Male,Retired,Asia,TikTok,7,4.2,47,Often,30,Content creation,7.6,16,5,8,2,6,7,7,5,Yes,No,No,Moderate
23,Male,Unemployed,North America,Instagram,5,2.5,18,Sometimes,7,Entertainment,6.8,8,7,5,6,4,3,2,4,No,"Yes, failed",Considering it,Good
25,Female,Student,North America,Instagram,3,2.0,32,Sometimes,19,Connection with friends,9.2,5,0,6,6,6,1,3,1,No,No,No,Good
22,Female,Student,Latin America,TikTok,5,6.5,184,Often,12,News/information,5.2,16,4,5,4,6,5,4,4,No,No,No,Moderate
33,Female,Student,Latin America,Reddit,3,0.6,14,Sometimes,63,Entertainment,8.9,4,8,8,1,6,4,6,1,No,"Yes, failed",Yes,Good
46,Male,Student,North America,YouTube,4,3.5,44,Every night,27,Connection with friends,5.7,19,1,6,6,3,6,4,3,Yes,No,No,At-risk
38,Male,Student,North America,Reddit,7,1.9,18,Often,26,Entertainment,6.8,9,8,9,8,7,7,5,2,No,No,No,Good
43,Female,Student,North America,YouTube,3,1.0,5,Every night,3,Connection with friends,7.5,9,3,10,7,9,2,6,3,Yes,"Yes, failed",No,Good
13,Female,Student,North America,Snapchat,4,3.7,108,Every night,35,Entertainment,3.8,15,3,7,6,7,1,5,1,Yes,"Yes, failed",No,Moderate
19,Male,Student,Africa,Instagram,4,3.4,10,Never,28,News/information,7.2,10,4,7,5,6,7,7,2,Yes,No,Yes,Moderate
28,Female,Full-time employed,Africa,Instagram,3,3.6,64,Every night,7,News/information,6.2,10,5,7,1,4,4,6,6,Yes,No,Yes,Moderate
46,Female,Student,Asia,YouTube,1,6.3,59,Often,17,Entertainment,7.3,17,0,5,7,8,1,6,2,No,"Yes, succeeded",Considering it,At-risk
27,Female,Full-time employed,Africa,Instagram,3,3.8,87,Every night,40,Passing time/boredom,6.1,12,3,8,8,6,7,6,2,No,No,No,Moderate
27,Male,Student,North America,TikTok,2,4.5,92,Often,19,Entertainment,7.2,8,1,6,7,6,2,6,2,No,"Yes, failed",Yes,Good
22,Female,Student,Asia,Instagram,1,3.0,33,Sometimes,9,Connection with friends,8.6,14,2,6,6,5,5,6,0,No,No,Yes,Moderate
29,Female,Student,Africa,LinkedIn,3,0.8,11,Often,9,News/information,6.9,3,3,9,6,10,5,3,2,No,No,No,Good
38,Male,Student,North America,Instagram,6,1.9,45,Often,16,Connection with friends,5.9,12,5,3,4,7,4,5,6,No,"Yes, failed",No,Moderate
31,Male,Full-time employed,Europe,Reddit,1,3.2,82,Sometimes,11,Content creation,5.5,12,6,7,4,6,2,10,2,No,"Yes, failed",No,Moderate
34,Prefer not to say,Part-time employed,Oceania,LinkedIn,1,5.5,228,Often,11,Entertainment,5.1,9,0,5,2,7,7,3,4,Yes,No,No,Good
13,Male,Unemployed,North America,X/Twitter,4,5.1,74,Often,15,Passing time/boredom,5.9,17,0,5,4,2,4,7,3,No,"Yes, failed",No,At-risk
36,Male,Full-time employed,North America,LinkedIn,7,3.1,46,Sometimes,16,Passing time/boredom,7.2,13,2,9,5,1,5,10,4,No,"Yes, succeeded",Yes,Moderate
28,Male,Unemployed,Europe,YouTube,4,1.9,19,Often,47,Passing time/boredom,7.7,9,3,7,5,4,3,6,1,No,No,No,Good
34,Female,Student,North America,TikTok,3,1.2,14,Often,36,Entertainment,6.5,7,9,7,5,5,4,6,2,No,No,No,Good
36,Male,Full-time employed,Asia,Snapchat,2,4.7,205,Every night,17,News/information,5.2,12,0,3,4,7,7,6,3,No,No,No,Moderate
31,Male,Full-time employed,Asia,YouTube,3,1.4,14,Sometimes,18,Work/career,7.7,3,1,8,7,5,3,3,1,No,"Yes, succeeded",Yes,Good
21,Male,Student,Europe,Snapchat,7,4.2,98,Never,14,Passing time/boredom,7.3,15,0,6,6,8,6,8,0,Yes,No,No,Moderate
18,Male,Unemployed,Asia,TikTok,5,9.8,362,Sometimes,4,Connection with friends,7.4,27,0,5,8,7,7,10,2,Yes,"Yes, succeeded",Considering it,At-risk
26,Male,Student,Asia,YouTube,6,4.1,103,Every night,16,Work/career,5.0,14,8,5,2,3,8,8,3,No,"Yes, succeeded",No,Moderate
13,Male,Full-time employed,Asia,Facebook,3,3.5,95,Often,3,Content creation,6.5,5,1,5,5,6,1,9,3,Yes,"Yes, failed",Considering it,Good
24,Male,Student,North America,TikTok,5,2.0,34,Sometimes,7,Entertainment,7.3,3,0,8,1,8,3,6,3,No,"Yes, failed",No,Good
30,Female,Student,Europe,Snapchat,4,0.4,11,Sometimes,7,Entertainment,7.3,8,8,8,4,4,3,2,3,Yes,"Yes, failed",No,Good
13,Female,Unemployed,Europe,YouTube,4,2.9,72,Sometimes,6,Connection with friends,7.1,9,2,8,1,6,6,6,3,No,No,No,Good
35,Female,Student,Latin America,TikTok,2,1.9,58,Often,2,News/information,6.7,9,5,9,6,5,8,5,4,No,"Yes, failed",No,Good
36,Male,Retired,Europe,TikTok,2,6.9,6,Sometimes,28,Connection with friends,7.2,20,0,8,6,5,9,6,3,No,No,No,At-risk
13,Male,Full-time employed,Africa,Instagram,8,2.2,39,Often,11,Entertainment,6.2,10,0,6,3,7,6,5,2,No,No,Considering it,Moderate
24,Non-binary,Student,Europe,X/Twitter,5,3.9,49,Sometimes,24,Entertainment,7.5,15,0,7,7,8,7,6,2,No,"Yes, failed",Yes,Moderate
31,Male,Student,Asia,Instagram,7,4.9,203,Often,38,Work/career,5.8,17,0,5,4,6,8,7,5,No,"Yes, succeeded",No,At-risk
28,Female,Full-time employed,North America,TikTok,4,0.9,19,Sometimes,4,Passing time/boredom,8.4,10,6,9,2,5,2,1,0,Yes,"Yes, failed",No,Moderate
30,Male,Full-time employed,North America,TikTok,4,2.5,76,Often,22,Connection with friends,6.4,5,1,7,2,6,6,3,2,No,No,No,Good
30,Female,Retired,North America,Facebook,4,2.6,120,Sometimes,19,Connection with friends,7.0,9,0,8,6,7,1,7,6,Yes,"Yes, succeeded",Yes,Good
26,Male,Full-time employed,Europe,Snapchat,3,4.6,5,Never,4,News/information,7.2,21,5,7,4,8,4,8,1,Yes,"Yes, failed",Yes,At-risk
28,Female,Student,Asia,X/Twitter,4,2.5,59,Often,64,News/information,6.8,11,5,7,4,4,1,4,2,No,No,No,Moderate
46,Male,Full-time employed,Europe,X/Twitter,6,4.9,24,Every night,15,Passing time/boredom,5.0,16,0,6,3,6,7,5,1,No,No,No,Moderate
33,Male,Full-time employed,North America,YouTube,5,0.3,9,Sometimes,8,Connection with friends,7.5,8,8,7,1,6,1,4,3,No,No,Considering it,Good
35,Male,Part-time employed,Europe,TikTok,6,3.7,25,Sometimes,8,Entertainment,7.0,11,0,8,7,7,5,3,4,No,No,No,Moderate
25,Male,Student,Europe,Facebook,4,6.0,26,Often,24,Passing time/boredom,5.5,11,1,5,5,7,5,7,3,No,No,No,Moderate
35,Female,Part-time employed,North America,Instagram,6,2.2,22,Never,64,Entertainment,7.6,3,0,9,7,7,3,6,1,No,"Yes, failed",No,Good
34,Female,Full-time employed,Asia,Instagram,6,8.3,112,Often,38,News/information,6.2,20,0,5,3,6,10,7,2,Yes,No,Considering it,At-risk
30,Female,Full-time employed,Latin America,LinkedIn,4,3.6,43,Every night,10,Entertainment,7.0,13,0,6,8,6,3,9,3,No,No,No,Moderate
19,Female,Full-time employed,Asia,Snapchat,7,2.6,64,Often,28,Entertainment,6.1,17,0,6,4,9,4,6,3,Yes,No,No,At-risk
15,Female,Unemployed,Latin America,YouTube,7,5.4,33,Often,24,Entertainment,7.1,19,1,2,7,4,6,5,1,Yes,"Yes, failed",Considering it,At-risk
34,Female,Retired,North America,YouTube,1,0.9,20,Often,52,News/information,7.3,14,19,10,1,9,3,7,6,No,No,No,At-risk
45,Male,Student,Latin America,TikTok,2,4.3,80,Sometimes,36,Entertainment,6.1,13,0,5,7,4,5,8,5,No,"Yes, succeeded",Considering it,Moderate
27,Female,Student,Europe,Instagram,3,4.5,98,Never,13,Entertainment,6.8,10,7,7,6,5,5,5,2,No,No,No,Moderate
18,Male,Student,Asia,TikTok,1,6.4,54,Often,12,Connection with friends,5.8,23,0,5,8,5,9,6,2,No,No,Yes,At-risk
37,Female,Full-time employed,North America,TikTok,1,3.5,32,Never,6,Entertainment,6.2,23,0,5,6,5,3,7,0,No,No,No,At-risk
34,Female,Full-time employed,Europe,TikTok,4,1.4,11,Every night,4,Passing time/boredom,6.6,9,3,7,5,6,1,4,2,No,"Yes, succeeded",No,Good
23,Female,Student,Europe,Instagram,6,1.0,15,Never,24,Connection with friends,7.5,10,8,8,1,6,5,6,3,No,"Yes, failed",No,Moderate
43,Male,Retired,Asia,TikTok,2,4.4,84,Sometimes,13,Passing time/boredom,7.0,14,8,5,7,2,4,5,3,Yes,"Yes, failed",Considering it,Moderate
18,Female,Student,Asia,X/Twitter,2,2.9,23,Sometimes,26,Passing time/boredom,8.0,9,1,7,5,4,5,8,2,Yes,"Yes, failed",Considering it,Good
28,Female,Unemployed,Europe,Instagram,2,1.0,8,Sometimes,5,Passing time/boredom,7.4,7,2,7,2,7,4,5,5,No,No,No,Good
45,Female,Full-time employed,Asia,Instagram,4,1.5,37,Often,21,News/information,7.1,9,0,8,5,4,1,5,3,No,"Yes, failed",No,Good
17,Male,Unemployed,Europe,TikTok,6,4.0,87,Never,10,Connection with friends,7.4,9,0,8,5,5,4,7,2,No,"Yes, failed",Yes,Good
35,Male,Full-time employed,Oceania,YouTube,5,4.2,109,Never,31,Entertainment,8.1,14,4,8,7,6,7,8,1,No,"Yes, failed",Considering it,Moderate
35,Male,Student,Europe,Instagram,2,0.8,26,Every night,5,Connection with friends,7.5,6,8,8,5,8,3,7,4,No,"Yes, succeeded",No,Good
13,Male,Full-time employed,North America,Instagram,5,1.1,13,Often,21,News/information,8.0,7,2,7,6,8,5,1,2,No,No,No,Good
31,Male,Unemployed,Asia,LinkedIn,4,2.2,9,Every night,19,Connection with friends,6.9,10,4,7,5,7,4,5,2,No,No,No,Moderate
24,Female,Student,Latin America,YouTube,2,11.2,210,Often,11,Connection with friends,6.0,19,0,4,7,1,10,9,1,Yes,No,No,At-risk
29,Female,Student,Africa,Instagram,1,1.1,22,Every night,20,Work/career,6.7,10,6,7,10,5,6,4,2,No,No,No,Moderate
21,Female,Unemployed,Europe,TikTok,2,1.7,40,Every night,13,Entertainment,8.1,8,7,5,1,6,5,7,3,No,"Yes, failed",No,Good
33,Female,Full-time employed,Asia,YouTube,3,4.0,62,Sometimes,17,Connection with friends,8.6,12,5,7,9,5,3,6,4,Yes,No,No,Moderate
23,Male,Full-time employed,Europe,X/Twitter,4,3.9,55,Never,9,Content creation,7.6,11,5,6,4,6,6,4,3,No,No,Considering it,Moderate
32,Female,Student,North America,TikTok,6,4.0,28,Sometimes,52,Entertainment,6.4,15,7,6,7,5,2,8,4,No,"Yes, succeeded",No,Moderate
24,Male,Full-time employed,North America,YouTube,3,3.0,60,Often,6,Work/career,7.3,8,4,7,7,8,10,10,5,No,No,Considering it,Good
35,Male,Full-time employed,Europe,YouTube,4,2.0,13,Sometimes,13,Entertainment,7.0,11,0,6,3,7,6,4,4,No,No,Considering it,Moderate
13,Male,Full-time employed,Asia,Snapchat,8,4.8,56,Sometimes,46,Entertainment,7.2,8,11,6,5,7,9,4,2,Yes,No,No,Moderate
37,Male,Student,Asia,TikTok,1,5.6,52,Sometimes,5,Passing time/boredom,6.5,10,11,4,5,1,6,6,4,No,"Yes, succeeded",No,Moderate
36,Female,Unemployed,Europe,TikTok,1,6.8,74,Every night,26,Work/career,4.7,21,0,6,2,9,7,7,3,No,No,No,At-risk
31,Female,Student,North America,Facebook,2,4.4,67,Sometimes,20,Passing time/boredom,7.2,13,5,5,3,5,7,6,4,Yes,"Yes, failed",No,Moderate
32,Male,Unemployed,Africa,YouTube,3,5.3,98,Sometimes,25,Entertainment,6.8,14,1,6,6,4,5,9,1,Yes,"Yes, succeeded",No,Moderate
24,Female,Student,Europe,Instagram,6,2.8,27,Sometimes,29,Passing time/boredom,7.6,2,6,7,4,4,6,2,2,No,No,Considering it,Good
38,Male,Full-time employed,Oceania,Instagram,2,5.1,26,Often,8,Connection with friends,6.0,9,0,7,7,4,5,4,2,Yes,No,Considering it,Good
37,Male,Student,Europe,Instagram,2,3.1,22,Often,6,Entertainment,6.7,13,12,8,4,6,3,5,2,Yes,"Yes, failed",No,Moderate
20,Male,Full-time employed,Asia,TikTok,2,5.3,73,Every night,31,Entertainment,7.3,12,0,10,7,4,8,4,4,No,"Yes, failed",Considering it,Moderate
21,Male,Part-time employed,Oceania,Facebook,5,3.6,48,Often,4,News/information,7.3,5,8,9,5,5,3,4,0,Yes,"Yes, succeeded",No,Good
31,Male,Full-time employed,Asia,TikTok,4,3.5,28,Often,10,Entertainment,6.5,12,11,5,2,5,4,5,4,No,"Yes, failed",No,Moderate
46,Female,Student,North America,Instagram,2,4.5,133,Never,39,Passing time/boredom,7.1,12,4,7,3,10,5,4,4,No,No,Considering it,Moderate
31,Male,Self-employed,Asia,Snapchat,5,3.2,106,Often,18,News/information,6.8,10,3,8,3,5,6,4,3,No,"Yes, failed",No,Moderate
33,Female,Student,Asia,LinkedIn,3,2.0,33,Often,25,Connection with friends,7.4,7,8,8,3,8,2,4,1,No,No,No,Good
42,Male,Self-employed,Latin America,Facebook,2,2.1,35,Often,45,Passing time/boredom,6.1,5,4,6,4,4,4,7,3,Yes,"Yes, failed",Yes,Good
35,Female,Student,Latin America,Instagram,4,4.4,132,Often,14,Connection with friends,6.5,8,7,5,8,2,7,5,1,No,No,Yes,Good
29,Female,Full-time employed,Latin America,Instagram,3,2.6,128,Sometimes,3,News/information,6.4,8,7,5,5,3,3,3,2,Yes,"Yes, failed",No,Good
29,Male,Part-time employed,Asia,TikTok,2,4.3,110,Sometimes,46,Entertainment,8.1,11,5,5,4,4,6,1,2,Yes,No,No,Moderate
29,Male,Full-time employed,Asia,YouTube,2,1.9,34,Never,23,Connection with friends,8.2,9,1,9,7,6,7,3,2,No,"Yes, failed",No,Good
13,Male,Student,North America,TikTok,2,1.9,57,Sometimes,15,Connection with friends,7.7,8,2,8,3,9,2,4,4,Yes,"Yes, failed",Considering it,Good
28,Male,Student,North America,YouTube,5,1.7,56,Every night,42,Entertainment,7.0,7,9,6,4,10,1,5,2,No,"Yes, succeeded",No,Good
22,Male,Full-time employed,Europe,Facebook,3,2.9,24,Sometimes,14,Connection with friends,6.6,10,7,10,5,6,7,5,3,Yes,No,No,Moderate
33,Female,Student,Europe,Instagram,5,2.5,35,Every night,21,Connection with friends,7.1,12,0,4,7,1,1,6,5,No,No,No,Moderate
13,Male,Student,Europe,Facebook,6,2.9,128,Often,14,Connection with friends,6.2,10,8,6,4,2,9,4,3,Yes,"Yes, failed",No,Moderate
42,Female,Student,North America,X/Twitter,3,2.8,29,Often,27,Entertainment,6.5,8,3,5,5,8,6,7,2,No,"Yes, failed",Considering it,Good
17,Male,Self-employed,Europe,YouTube,4,0.7,5,Sometimes,16,Entertainment,7.0,2,7,7,5,8,3,6,4,Yes,No,Considering it,Good
34,Male,Student,Europe,TikTok,7,3.1,17,Every night,35,Passing time/boredom,7.0,15,9,9,3,5,3,6,5,No,"Yes, failed",No,Moderate
18,Female,Part-time employed,North America,Facebook,4,4.0,159,Sometimes,9,Connection with friends,7.4,13,0,6,6,2,1,3,2,Yes,"Yes, failed",Considering it,Moderate
13,Male,Student,North America,Instagram,1,1.7,28,Every night,33,Connection with friends,6.8,10,2,8,3,5,2,7,3,No,No,No,Moderate
35,Female,Student,North America,TikTok,3,1.6,57,Sometimes,4,News/information,8.3,8,7,8,5,8,3,4,2,No,"Yes, failed",No,Good
30,Female,Unemployed,North America,YouTube,4,2.2,59,Often,34,News/information,6.3,15,11,7,4,7,4,4,4,No,No,Considering it,Moderate
35,Female,Student,Asia,Instagram,1,1.6,32,Never,27,Passing time/boredom,6.3,11,7,7,5,8,4,4,4,No,"Yes, failed",Yes,Moderate
14,Non-binary,Unemployed,Oceania,Facebook,4,2.7,44,Sometimes,11,Entertainment,7.7,9,5,8,4,7,4,5,3,No,No,No,Good
30,Female,Student,Europe,YouTube,6,1.3,9,Sometimes,50,News/information,7.7,5,2,10,4,6,3,4,2,No,No,No,Good
25,Female,Part-time employed,North America,Facebook,5,2.3,38,Often,8,Entertainment,6.4,4,1,5,2,7,3,5,4,No,"Yes, failed",No,Good
37,Male,Self-employed,North America,TikTok,3,1.7,33,Often,37,Connection with friends,7.1,11,3,5,6,8,4,5,1,No,"Yes, failed",No,Moderate
27,Non-binary,Full-time employed,Latin America,Instagram,5,2.1,40,Often,22,Work/career,6.5,14,8,8,7,7,1,5,4,No,No,Considering it,Moderate
26,Female,Student,North America,TikTok,2,1.6,15,Every night,16,Connection with friends,5.9,12,7,7,5,8,3,6,3,Yes,"Yes, succeeded",No,Moderate
21,Male,Full-time employed,Latin America,TikTok,2,1.5,10,Sometimes,17,News/information,8.1,7,8,6,3,6,4,7,1,No,No,Yes,Good
29,Male,Student,Europe,Instagram,5,3.7,121,Every night,15,Connection with friends,7.0,17,2,7,8,7,6,8,5,No,"Yes, failed",No,At-risk
29,Female,Student,Asia,YouTube,6,6.0,400,Sometimes,51,Entertainment,5.4,10,6,5,4,8,5,4,4,No,"Yes, succeeded",Yes,Moderate
22,Female,Student,Europe,YouTube,1,5.0,120,Every night,14,Content creation,5.1,12,7,4,6,4,6,6,4,No,No,Considering it,Moderate
30,Female,Part-time employed,Asia,TikTok,2,0.8,6,Often,9,Passing time/boredom,6.0,14,7,5,4,7,3,2,2,No,No,Considering it,Moderate
21,Male,Student,North America,X/Twitter,3,2.8,26,Never,43,Work/career,9.4,12,1,7,4,3,5,7,4,No,"Yes, failed",No,Moderate
16,Male,Full-time employed,Latin America,TikTok,2,5.2,157,Often,21,Connection with friends,7.9,14,0,6,5,5,8,9,5,No,"Yes, failed",No,Moderate
45,Female,Full-time employed,Africa,Snapchat,3,0.6,24,Sometimes,7,Connection with friends,9.1,11,7,9,6,7,4,4,2,Yes,"Yes, succeeded",No,Moderate
17,Female,Unemployed,North America,Facebook,2,2.2,28,Often,22,Passing time/boredom,6.8,8,6,6,4,5,5,6,1,Yes,No,No,Good
30,Male,Student,Asia,YouTube,4,3.9,49,Often,7,News/information,7.0,13,0,8,7,4,7,6,3,Yes,No,No,Moderate
40,Non-binary,Student,Oceania,TikTok,2,1.6,22,Sometimes,6,Work/career,7.1,15,7,7,4,7,1,7,2,No,"Yes, succeeded",No,Moderate
23,Female,Retired,Asia,Instagram,5,6.2,161,Every night,25,Work/career,5.7,17,0,8,6,7,6,6,2,No,No,No,At-risk
35,Male,Student,Latin America,TikTok,8,1.3,26,Every night,21,News/information,6.9,15,3,10,2,3,4,5,3,Yes,No,Considering it,Moderate
23,Male,Full-time employed,Asia,Facebook,1,1.6,11,Often,7,Connection with friends,7.9,1,5,6,3,6,6,2,3,No,No,Considering it,Good
37,Female,Part-time employed,Africa,LinkedIn,6,3.0,46,Every night,60,News/information,5.0,8,0,5,6,6,5,5,2,No,"Yes, succeeded",No,Good
24,Female,Student,Asia,YouTube,4,2.8,55,Sometimes,19,Connection with friends,8.7,10,2,7,6,7,6,8,2,Yes,"Yes, failed",No,Moderate
19,Male,Student,Asia,YouTube,2,2.9,10,Every night,32,News/information,7.3,15,3,8,5,5,6,3,4,No,No,No,Moderate
40,Male,Student,Asia,TikTok,1,1.3,38,Every night,27,News/information,6.0,12,4,9,6,8,1,6,3,Yes,No,Considering it,Moderate
34,Female,Student,Europe,Instagram,2,6.1,114,Sometimes,11,Connection with friends,7.1,16,2,8,5,6,8,6,5,Yes,No,Yes,Moderate
16,Male,Unemployed,Europe,TikTok,4,2.1,21,Sometimes,60,Work/career,6.1,9,4,6,4,6,5,4,1,No,"Yes, failed",Considering it,Good
29,Female,Full-time employed,North America,Facebook,4,3.8,93,Every night,1,Entertainment,6.1,16,4,7,7,6,1,7,2,No,"Yes, succeeded",Considering it,Moderate
24,Female,Part-time employed,Latin America,TikTok,5,0.8,7,Often,6,Connection with friends,6.8,8,3,5,1,7,3,4,5,Yes,No,Considering it,Good
46,Female,Student,Europe,YouTube,2,1.9,26,Every night,11,Passing time/boredom,7.0,15,9,6,5,7,7,5,4,No,No,No,Moderate
15,Female,Student,Asia,TikTok,5,3.5,35,Sometimes,21,News/information,7.2,6,2,9,3,6,3,6,1,Yes,"Yes, failed",Yes,Good
46,Male,Student,North America,TikTok,3,7.7,53,Often,25,Entertainment,6.4,12,0,5,5,8,8,5,3,No,No,Considering it,Moderate
22,Female,Student,Latin America,TikTok,5,3.3,30,Often,12,Entertainment,5.4,6,5,8,8,7,1,7,2,Yes,No,Considering it,Good
42,Female,Full-time employed,Latin America,Instagram,3,4.1,92,Often,22,News/information,7.3,7,1,8,1,8,5,8,4,No,No,No,Good
44,Female,Full-time employed,North America,YouTube,8,3.1,17,Never,14,Entertainment,7.0,8,2,8,3,7,7,4,4,No,"Yes, succeeded",No,Good
32,Female,Full-time employed,North America,Instagram,3,6.6,39,Sometimes,5,Entertainment,7.0,15,1,7,10,1,9,9,5,Yes,No,Considering it,Moderate
31,Male,Student,Asia,LinkedIn,3,9.0,159,Every night,13,Connection with friends,6.2,22,0,4,4,2,8,10,3,No,No,No,At-risk
31,Male,Part-time employed,Latin America,X/Twitter,5,2.5,37,Never,26,Entertainment,8.1,8,3,8,1,5,5,3,2,Yes,No,No,Good
23,Female,Student,Africa,Instagram,6,1.5,13,Sometimes,16,Entertainment,7.1,11,3,3,4,4,4,2,4,Yes,"Yes, failed",No,Moderate
32,Female,Full-time employed,Africa,Instagram,4,2.6,37,Sometimes,19,Connection with friends,6.1,9,6,7,5,8,4,1,4,No,No,No,Good
26,Female,Retired,North America,TikTok,5,2.7,47,Sometimes,33,Content creation,8.1,6,3,6,4,7,7,3,3,Yes,"Yes, succeeded",No,Good
37,Male,Full-time employed,Latin America,LinkedIn,2,3.0,72,Sometimes,25,Connection with friends,7.1,9,10,9,6,4,5,5,3,Yes,No,No,Moderate
29,Female,Full-time employed,Europe,TikTok,5,1.7,18,Sometimes,3,Entertainment,7.3,1,8,9,5,8,2,6,3,No,No,No,Good
34,Male,Student,Asia,TikTok,5,1.6,14,Sometimes,8,News/information,7.4,8,6,6,5,9,5,5,2,No,No,No,Good
24,Male,Student,Africa,LinkedIn,6,1.3,36,Every night,10,Entertainment,7.8,9,0,7,3,4,4,8,4,No,No,No,Good
46,Prefer not to say,Unemployed,Asia,TikTok,2,1.9,43,Sometimes,18,News/information,7.8,21,9,10,5,7,4,1,2,No,"Yes, failed",No,At-risk
39,Prefer not to say,Unemployed,North America,Snapchat,3,2.1,45,Often,6,News/information,7.6,9,7,8,4,8,5,7,3,No,No,No,Good
42,Female,Student,Europe,Facebook,3,6.2,196,Often,27,Entertainment,6.3,18,0,6,4,4,4,5,3,No,No,No,At-risk
27,Male,Student,Europe,Facebook,3,1.7,57,Sometimes,9,News/information,7.5,8,6,9,6,10,3,1,3,No,No,Yes,Good
33,Female,Student,Asia,Instagram,2,4.7,62,Every night,12,News/information,5.9,6,0,3,7,4,7,4,2,No,No,No,Good
38,Female,Unemployed,Europe,Facebook,4,6.3,91,Often,6,Entertainment,6.7,14,0,3,5,6,7,10,3,No,No,No,Moderate
32,Female,Student,Latin America,Snapchat,4,1.2,40,Sometimes,66,Content creation,7.1,13,6,8,3,8,4,3,2,Yes,"Yes, failed",No,Moderate
48,Male,Full-time employed,Africa,YouTube,2,1.8,76,Often,4,Work/career,5.7,9,2,6,6,7,4,3,5,No,"Yes, failed",No,Good
30,Female,Full-time employed,Latin America,TikTok,5,3.4,60,Often,9,Entertainment,7.7,14,2,7,3,5,6,4,4,No,No,No,Moderate
13,Male,Student,North America,Instagram,2,5.1,168,Sometimes,4,Passing time/boredom,7.1,19,6,6,6,2,7,5,0,Yes,No,No,At-risk
22,Male,Unemployed,North America,TikTok,5,0.8,16,Often,43,Connection with friends,7.5,11,8,10,5,10,7,5,3,No,No,No,Moderate
26,Male,Part-time employed,Oceania,TikTok,4,9.1,103,Every night,43,Connection with friends,5.3,21,0,4,9,4,10,6,3,No,No,No,At-risk
35,Male,Student,Africa,X/Twitter,3,3.1,23,Never,17,News/information,8.8,15,6,7,4,5,3,6,2,No,"Yes, failed",Yes,Moderate
28,Female,Full-time employed,North America,Reddit,3,3.3,45,Sometimes,41,News/information,8.4,9,0,10,2,6,4,9,5,No,No,No,Good
38,Female,Full-time employed,Asia,X/Twitter,4,1.3,28,Never,20,Entertainment,8.4,6,6,8,3,5,2,6,3,No,No,Considering it,Good
38,Female,Full-time employed,Europe,YouTube,4,0.5,8,Often,6,Entertainment,7.4,6,0,8,3,10,3,3,4,No,"Yes, failed",No,Good
18,Female,Unemployed,Asia,TikTok,5,4.2,55,Sometimes,26,Entertainment,7.3,9,0,6,5,4,5,8,3,Yes,No,Considering it,Good
39,Female,Full-time employed,North America,Instagram,3,2.4,33,Sometimes,6,News/information,7.2,12,8,6,2,6,6,4,2,Yes,No,Considering it,Moderate
15,Male,Student,Asia,Snapchat,3,2.2,29,Every night,1,Connection with friends,6.0,5,4,6,6,7,4,1,4,No,"Yes, failed",Considering it,Good
22,Female,Full-time employed,Europe,Reddit,7,3.0,15,Sometimes,22,Content creation,8.1,10,9,7,2,5,4,4,5,Yes,No,No,Moderate
17,Male,Full-time employed,North America,Facebook,2,1.8,37,Often,18,Passing time/boredom,6.8,12,4,8,9,5,6,4,1,No,No,Considering it,Moderate
36,Female,Full-time employed,Oceania,Snapchat,5,3.1,63,Often,7,Connection with friends,7.0,14,8,8,4,5,2,5,3,Yes,No,No,Moderate
30,Male,Full-time employed,North America,Snapchat,5,5.9,105,Sometimes,48,Connection with friends,6.3,14,6,9,5,5,7,7,1,No,No,Yes,Moderate
43,Male,Student,Africa,Instagram,1,1.8,52,Never,20,Passing time/boredom,8.5,6,6,7,3,9,3,3,3,No,"Yes, failed",Considering it,Good
41,Female,Student,Asia,X/Twitter,5,1.7,12,Never,46,Work/career,8.2,5,0,9,3,6,2,2,1,No,No,No,Good
15,Male,Retired,North America,TikTok,1,8.1,83,Every night,14,Connection with friends,5.5,15,0,5,7,2,7,8,3,No,No,Considering it,Moderate
38,Male,Student,Oceania,YouTube,2,1.2,18,Often,22,News/information,6.3,7,3,9,1,7,7,5,2,No,No,No,Good
32,Female,Retired,North America,YouTube,2,5.4,99,Often,14,News/information,6.9,14,2,5,6,5,6,8,4,No,"Yes, succeeded",No,Moderate
33,Male,Unemployed,Europe,TikTok,4,3.9,59,Every night,16,Content creation,6.4,6,9,6,7,10,5,3,2,No,No,Yes,Good
23,Female,Unemployed,North America,X/Twitter,3,4.4,100,Sometimes,24,Entertainment,6.0,13,6,7,1,3,2,5,3,Yes,No,Considering it,Moderate
18,Female,Part-time employed,Asia,Instagram,5,2.8,29,Often,11,Entertainment,6.0,20,3,9,1,9,6,5,2,Yes,"Yes, failed",Yes,At-risk
25,Female,Self-employed,Europe,Snapchat,4,2.8,62,Sometimes,5,Work/career,6.6,9,15,8,4,5,6,6,2,No,"Yes, failed",No,Moderate
22,Non-binary,Full-time employed,Europe,Facebook,1,2.6,54,Often,16,News/information,6.2,15,0,6,6,7,3,4,2,No,No,Considering it,Moderate
30,Female,Retired,Europe,TikTok,2,3.3,41,Often,2,Entertainment,8.5,10,0,8,6,3,3,6,1,Yes,"Yes, succeeded",No,Moderate
36,Male,Student,Europe,YouTube,3,2.0,53,Sometimes,32,Connection with friends,7.5,13,9,10,5,8,8,4,0,Yes,No,No,Moderate
18,Male,Student,Oceania,X/Twitter,1,5.8,212,Sometimes,34,Entertainment,7.6,15,0,7,5,7,8,5,2,Yes,No,No,Moderate
36,Male,Full-time employed,Europe,TikTok,3,2.6,42,Sometimes,4,Connection with friends,7.7,20,3,6,5,8,2,4,3,No,"Yes, failed",Considering it,At-risk
35,Male,Student,Europe,Instagram,3,1.3,36,Every night,29,Entertainment,6.7,5,12,7,2,5,2,5,1,No,No,Yes,Moderate
38,Male,Full-time employed,Latin America,X/Twitter,2,3.9,119,Never,8,Entertainment,8.1,12,5,7,4,6,2,5,3,No,No,Considering it,Moderate
40,Female,Student,North America,TikTok,8,0.7,11,Sometimes,15,Passing time/boredom,6.9,10,9,8,2,7,1,7,5,No,No,No,Moderate
30,Female,Part-time employed,Europe,TikTok,3,3.4,34,Never,4,Content creation,8.3,4,2,6,6,7,4,4,2,No,No,Considering it,Good
20,Male,Full-time employed,Europe,Snapchat,5,1.7,23,Sometimes,11,News/information,6.1,5,8,8,2,4,1,7,3,No,"Yes, failed",Considering it,Good
29,Female,Student,Asia,Instagram,8,1.3,15,Often,13,Entertainment,8.1,13,12,8,2,9,5,5,2,No,No,No,Moderate
13,Male,Full-time employed,Asia,TikTok,6,1.6,13,Sometimes,9,Connection with friends,8.1,9,3,9,2,7,4,5,4,No,No,No,Good
42,Male,Full-time employed,Asia,TikTok,2,1.2,15,Sometimes,52,Content creation,8.9,3,5,8,2,8,4,1,1,No,"Yes, failed",Considering it,Good
33,Female,Self-employed,Europe,YouTube,4,6.6,310,Every night,12,News/information,4.6,20,0,7,7,4,5,6,3,Yes,No,Yes,At-risk
22,Female,Student,Europe,Instagram,4,2.5,18,Every night,68,Work/career,5.8,14,1,6,9,6,4,5,2,No,No,No,Moderate
42,Female,Student,North America,TikTok,5,2.4,60,Every night,16,Connection with friends,6.0,11,3,6,6,3,8,4,2,No,No,No,Moderate
43,Male,Full-time employed,North America,YouTube,2,3.8,83,Sometimes,4,Entertainment,6.6,14,0,6,1,8,7,7,2,No,"Yes, succeeded",Considering it,Moderate
44,Female,Student,Europe,Instagram,1,1.3,24,Sometimes,40,News/information,7.4,3,7,10,5,6,6,3,3,No,"Yes, succeeded",No,Good
30,Male,Part-time employed,Latin America,Instagram,1,4.8,193,Often,11,Work/career,7.0,20,2,5,6,6,8,7,2,Yes,"Yes, succeeded",No,At-risk
27,Female,Student,North America,Facebook,2,2.0,28,Sometimes,6,Work/career,8.4,15,11,8,7,10,5,2,1,Yes,No,No,Moderate
14,Female,Full-time employed,Europe,X/Twitter,4,1.6,31,Often,25,Entertainment,7.2,0,6,7,8,7,5,3,2,No,"Yes, failed",No,Good
20,Female,Full-time employed,Asia,YouTube,8,1.7,69,Every night,11,Entertainment,7.0,6,5,7,4,8,4,3,2,No,No,No,Good
36,Female,Student,North America,Instagram,2,6.2,93,Every night,24,Work/career,5.6,22,0,6,9,5,7,4,5,No,"Yes, failed",No,At-risk
37,Male,Full-time employed,Europe,Instagram,2,4.4,117,Often,19,Entertainment,6.1,12,8,8,6,7,4,4,3,No,"Yes, failed",Yes,Moderate
28,Female,Student,Asia,TikTok,5,4.4,19,Sometimes,45,Work/career,7.8,10,8,7,3,7,5,4,5,No,No,No,Moderate
27,Female,Self-employed,Europe,Instagram,4,0.7,5,Sometimes,17,Entertainment,6.6,0,7,10,2,6,3,6,0,No,"Yes, failed",No,Good
51,Male,Student,Asia,YouTube,2,5.6,102,Often,17,Entertainment,6.7,19,3,8,6,2,8,3,2,Yes,"Yes, succeeded",No,At-risk
29,Female,Student,Asia,Instagram,2,1.0,47,Sometimes,36,Entertainment,6.7,11,6,4,6,8,4,4,3,No,No,Yes,Moderate
30,Female,Full-time employed,Oceania,X/Twitter,7,1.2,6,Every night,7,Work/career,6.4,8,7,9,6,5,2,6,2,No,"Yes, failed",Yes,Good
14,Male,Student,Europe,X/Twitter,6,3.3,61,Every night,7,Entertainment,6.0,13,2,5,3,5,9,8,3,No,No,Yes,Moderate
34,Female,Student,North America,Instagram,1,3.4,26,Every night,18,News/information,6.7,16,1,6,6,6,2,9,2,No,No,No,Moderate
13,Male,Part-time employed,Asia,TikTok,2,8.0,40,Every night,10,Connection with friends,4.8,19,0,6,9,4,3,7,1,No,No,Yes,At-risk
27,Male,Student,Asia,TikTok,5,1.2,23,Often,9,Connection with friends,7.6,8,4,8,2,9,3,2,3,Yes,"Yes, succeeded",No,Good
40,Male,Full-time employed,North America,Instagram,3,3.7,35,Sometimes,22,News/information,8.4,13,3,10,4,5,4,4,2,No,"Yes, failed",No,Moderate
22,Male,Full-time employed,North America,TikTok,5,2.9,65,Sometimes,27,Entertainment,8.5,15,9,7,10,8,2,3,4,No,"Yes, succeeded",Yes,Moderate
31,Non-binary,Part-time employed,Asia,YouTube,3,3.1,43,Sometimes,45,News/information,6.6,12,0,9,5,7,4,5,0,No,No,Yes,Moderate
25,Male,Full-time employed,Asia,TikTok,4,5.8,65,Often,3,Entertainment,6.8,14,0,6,6,3,10,8,3,No,"Yes, failed",No,Moderate
40,Female,Student,Europe,Instagram,7,1.3,9,Every night,15,Entertainment,6.9,12,6,7,1,8,3,6,4,No,No,No,Moderate
38,Female,Student,Asia,TikTok,3,1.4,39,Never,20,Entertainment,7.0,0,0,7,2,7,4,5,3,No,No,Yes,Good
30,Prefer not to say,Full-time employed,North America,TikTok,3,2.5,31,Every night,35,Connection with friends,6.9,8,9,7,6,9,5,6,3,Yes,No,No,Good
40,Non-binary,Full-time employed,Europe,YouTube,3,1.6,59,Often,28,Connection with friends,5.6,19,1,7,4,6,2,5,0,Yes,No,Considering it,At-risk
35,Male,Student,North America,Instagram,1,2.3,66,Never,8,Work/career,7.2,5,14,8,5,8,6,4,1,No,"Yes, succeeded",Yes,Moderate
49,Female,Student,Asia,YouTube,1,4.2,62,Sometimes,8,News/information,7.8,9,0,7,10,6,6,4,1,No,No,No,Good
17,Female,Self-employed,North America,Instagram,2,3.9,34,Never,12,Passing time/boredom,7.1,13,4,7,10,7,4,4,2,No,"Yes, failed",No,Moderate
36,Male,Student,North America,Instagram,4,6.6,188,Every night,2,Work/career,7.1,13,0,5,2,9,4,6,4,No,No,No,Moderate
36,Male,Student,Europe,Instagram,7,6.3,93,Sometimes,21,Content creation,8.1,21,0,10,8,3,9,7,3,No,No,No,At-risk
40,Male,Part-time employed,Latin America,TikTok,3,2.2,101,Sometimes,17,Connection with friends,6.7,6,4,6,1,6,4,10,1,Yes,"Yes, failed",No,Good
25,Male,Student,Asia,Reddit,7,1.3,27,Often,25,News/information,7.6,9,6,7,4,8,6,6,2,Yes,No,No,Good
21,Female,Full-time employed,Europe,YouTube,5,7.3,363,Every night,9,Content creation,5.0,12,0,7,8,4,7,9,1,No,No,No,Moderate
34,Female,Student,North America,Snapchat,4,3.7,65,Never,21,News/information,7.7,11,0,9,6,3,5,8,3,No,"Yes, succeeded",Yes,Moderate
29,Male,Retired,Asia,TikTok,2,3.7,51,Often,9,News/information,6.7,12,6,6,8,7,3,4,2,No,"Yes, failed",Considering it,Moderate
26,Male,Student,North America,YouTube,1,6.7,123,Sometimes,33,Entertainment,7.2,13,0,7,6,4,5,7,4,Yes,No,No,Moderate
39,Female,Student,Europe,Instagram,4,2.6,14,Every night,16,Entertainment,7.0,5,0,8,7,6,5,6,3,No,"Yes, failed",No,Good
31,Male,Self-employed,Europe,TikTok,5,4.7,94,Sometimes,11,Passing time/boredom,7.3,12,0,9,4,5,7,6,3,No,"Yes, succeeded",Yes,Moderate
42,Male,Full-time employed,Oceania,Facebook,5,2.2,18,Often,21,Entertainment,7.1,3,9,7,5,8,6,3,4,No,"Yes, failed",No,Good
25,Prefer not to say,Unemployed,North America,Facebook,5,5.0,42,Often,14,Passing time/boredom,6.0,17,4,8,4,6,6,6,3,No,No,No,At-risk
39,Female,Full-time employed,Oceania,TikTok,5,4.6,17,Often,8,News/information,7.8,16,5,7,6,6,8,3,2,No,No,Considering it,Moderate
29,Female,Student,Europe,X/Twitter,3,2.2,18,Sometimes,23,Connection with friends,8.8,7,0,9,5,5,5,7,3,Yes,No,No,Good
22,Male,Full-time employed,Europe,LinkedIn,3,2.3,31,Often,12,Entertainment,7.1,6,7,6,9,6,6,7,3,Yes,No,No,Good
37,Female,Full-time employed,Asia,LinkedIn,4,3.0,88,Often,11,Work/career,7.1,13,2,6,7,6,9,5,3,No,No,No,Moderate
18,Female,Student,Asia,Reddit,6,7.1,77,Sometimes,5,Entertainment,6.3,12,2,6,7,10,9,7,3,No,No,No,Moderate
44,Male,Retired,Latin America,Facebook,2,1.8,52,Often,23,Work/career,7.8,9,8,9,3,10,4,7,1,Yes,"Yes, succeeded",No,Good
37,Female,Part-time employed,North America,Reddit,3,1.2,44,Never,18,Connection with friends,8.9,11,7,8,2,6,4,5,2,No,No,Yes,Moderate
35,Female,Student,Asia,TikTok,3,2.1,45,Never,17,Entertainment,8.4,8,4,4,1,10,5,1,3,Yes,"Yes, succeeded",Yes,Good
37,Male,Part-time employed,Asia,Instagram,5,4.5,195,Often,13,Entertainment,5.5,9,1,7,4,3,6,5,2,No,No,Considering it,Good
28,Male,Self-employed,Asia,Reddit,6,5.7,114,Sometimes,24,Content creation,7.4,22,0,6,4,8,7,4,2,No,"Yes, failed",No,At-risk
39,Female,Part-time employed,Europe,X/Twitter,3,2.5,95,Every night,21,Passing time/boredom,6.3,8,4,6,2,3,4,5,0,No,"Yes, failed",No,Good
32,Male,Full-time employed,Africa,Reddit,5,3.5,38,Sometimes,10,Connection with friends,6.1,7,0,5,4,8,4,9,4,No,"Yes, failed",Yes,Good
27,Male,Student,Europe,TikTok,1,1.6,15,Every night,44,Entertainment,7.6,6,0,6,5,9,2,4,2,No,No,Yes,Good
31,Male,Student,Africa,Instagram,2,5.5,157,Sometimes,25,Content creation,6.4,18,7,8,5,8,6,5,2,No,"Yes, succeeded",Considering it,At-risk
18,Male,Student,Africa,X/Twitter,4,4.3,99,Sometimes,13,Passing time/boredom,6.6,15,2,7,1,5,5,5,1,No,No,No,Moderate
48,Male,Full-time employed,North America,Instagram,5,3.1,33,Sometimes,7,Entertainment,8.0,10,9,7,3,7,3,3,2,Yes,"Yes, failed",Yes,Moderate
14,Male,Full-time employed,Oceania,Instagram,3,1.6,13,Sometimes,20,Passing time/boredom,7.5,8,8,7,2,4,1,4,4,No,No,No,Good
19,Male,Full-time employed,North America,TikTok,6,2.6,46,Never,28,Passing time/boredom,7.7,13,13,7,1,4,3,6,1,Yes,No,No,Moderate
39,Male,Full-time employed,Europe,Snapchat,3,3.5,63,Every night,24,News/information,7.9,3,3,8,9,6,5,6,4,Yes,No,No,Good
31,Female,Unemployed,North America,LinkedIn,2,1.7,55,Sometimes,22,Entertainment,6.9,8,7,8,6,4,3,4,2,No,No,Yes,Good
36,Female,Full-time employed,Asia,TikTok,6,3.0,83,Every night,19,News/information,6.7,12,5,8,4,7,3,8,1,No,No,No,Moderate
44,Non-binary,Student,Asia,Instagram,1,2.6,29,Every night,16,Entertainment,6.0,9,3,7,6,8,4,6,2,Yes,"Yes, failed",No,Good
58,Male,Full-time employed,Europe,LinkedIn,2,2.7,38,Every night,18,News/information,6.1,11,4,8,6,5,5,5,3,No,No,No,Moderate
13,Male,Part-time employed,Europe,Instagram,4,1.8,5,Every night,16,Connection with friends,6.2,6,6,9,4,4,2,6,2,No,"Yes, succeeded",No,Good
41,Female,Full-time employed,Europe,X/Twitter,6,2.7,30,Often,10,Passing time/boredom,6.9,12,0,6,2,6,2,9,6,No,"Yes, failed",No,Moderate
33,Male,Part-time employed,Oceania,Snapchat,1,2.9,53,Sometimes,5,Connection with friends,8.5,13,8,9,2,7,3,5,2,Yes,No,No,Moderate
38,Female,Full-time employed,Asia,YouTube,7,6.0,136,Often,9,Entertainment,6.4,15,0,5,5,7,8,3,3,No,"Yes, succeeded",No,Moderate
27,Male,Student,Europe,X/Twitter,7,2.0,31,Sometimes,22,Entertainment,7.6,14,5,4,3,9,4,8,3,Yes,"Yes, failed",No,Moderate
28,Male,Full-time employed,Asia,YouTube,1,1.1,29,Sometimes,21,Connection with friends,6.9,5,6,9,4,7,4,6,4,No,No,No,Good
21,Female,Self-employed,Europe,YouTube,3,2.0,51,Often,41,Connection with friends,7.3,9,2,9,4,8,1,4,2,Yes,"Yes, failed",No,Good
35,Male,Full-time employed,Europe,Instagram,3,3.4,83,Often,14,Content creation,6.3,14,4,7,4,8,7,4,2,Yes,"Yes, succeeded",No,Moderate
26,Female,Unemployed,Europe,Reddit,3,2.9,23,Often,9,Content creation,6.8,9,10,8,4,7,8,7,2,No,No,Considering it,Moderate
28,Female,Self-employed,Asia,YouTube,1,3.7,140,Never,16,News/information,6.2,3,9,5,6,5,3,2,3,No,No,No,Good
24,Female,Student,North America,YouTube,3,5.6,49,Often,54,Connection with friends,5.6,19,0,3,4,3,6,6,0,Yes,No,Considering it,At-risk
39,Prefer not to say,Student,Asia,TikTok,3,6.3,58,Every night,21,Connection with friends,7.0,16,4,7,5,5,3,9,2,Yes,No,Yes,Moderate
26,Female,Full-time employed,North America,Instagram,2,3.4,39,Sometimes,9,Passing time/boredom,7.4,9,3,10,5,6,6,1,4,No,"Yes, succeeded",No,Good
13,Male,Unemployed,Europe,Reddit,4,6.6,8,Never,14,Connection with friends,7.5,17,4,5,4,5,7,7,3,Yes,"Yes, succeeded",Yes,At-risk
29,Male,Full-time employed,North America,YouTube,2,4.5,44,Often,9,Passing time/boredom,6.7,11,0,10,8,7,9,4,2,Yes,No,Considering it,Moderate
30,Female,Student,North America,LinkedIn,3,2.4,17,Sometimes,1,News/information,7.2,5,2,8,3,4,2,3,4,No,No,No,Good
18,Female,Student,Asia,TikTok,4,1.7,61,Sometimes,49,Passing time/boredom,7.0,9,11,7,3,4,6,5,4,No,No,No,Moderate
46,Female,Full-time employed,Europe,TikTok,5,1.3,21,Sometimes,12,Entertainment,7.4,7,10,7,2,10,3,6,4,Yes,No,Considering it,Moderate
28,Male,Student,North America,Snapchat,7,3.2,27,Often,7,Content creation,7.6,9,0,5,3,10,3,4,1,No,No,Considering it,Good
34,Male,Part-time employed,Asia,Instagram,7,1.3,49,Often,9,Connection with friends,6.8,13,7,6,5,6,4,3,2,Yes,"Yes, succeeded",No,Moderate
32,Male,Student,North America,TikTok,2,7.2,98,Sometimes,5,News/information,7.3,11,0,7,10,2,3,9,2,Yes,"Yes, failed",No,Moderate
22,Male,Unemployed,Europe,Instagram,2,1.1,48,Sometimes,45,Entertainment,6.2,7,10,6,6,7,4,3,4,No,No,Yes,Moderate
44,Female,Full-time employed,Africa,Instagram,4,2.3,60,Often,6,News/information,7.1,11,6,10,5,7,3,1,1,No,"Yes, failed",Considering it,Moderate
51,Male,Student,Asia,Instagram,2,4.5,25,Often,52,Entertainment,7.6,15,5,6,7,5,4,2,1,Yes,No,No,Moderate
31,Male,Self-employed,Latin America,YouTube,1,1.7,16,Often,12,Content creation,5.9,8,10,5,6,10,4,4,3,Yes,"Yes, failed",No,Moderate
36,Male,Student,Asia,TikTok,7,2.6,40,Sometimes,18,Content creation,6.5,12,9,6,6,5,5,6,3,No,No,No,Moderate
26,Male,Student,North America,YouTube,4,2.2,43,Never,21,Connection with friends,7.8,12,2,10,5,6,8,3,3,Yes,"Yes, succeeded",Considering it,Moderate
38,Female,Full-time employed,Europe,TikTok,5,3.4,49,Often,13,Connection with friends,7.6,8,0,7,4,4,4,6,3,Yes,"Yes, succeeded",No,Good
22,Male,Part-time employed,Asia,YouTube,5,2.9,142,Sometimes,9,Entertainment,8.0,5,10,8,4,6,6,7,3,Yes,No,No,Moderate
45,Female,Student,Europe,Instagram,1,2.9,43,Sometimes,33,Content creation,7.6,16,10,8,5,5,2,5,1,No,No,No,Moderate
20,Non-binary,Full-time employed,North America,YouTube,3,3.5,24,Sometimes,20,Content creation,6.8,16,9,8,5,8,1,7,2,No,"Yes, failed",No,Moderate
29,Female,Full-time employed,Asia,YouTube,3,2.7,36,Every night,15,Connection with friends,6.7,10,3,7,5,7,3,5,2,Yes,"Yes, succeeded",No,Moderate
38,Female,Full-time employed,North America,TikTok,4,2.6,44,Sometimes,5,Connection with friends,7.8,4,2,6,4,4,7,5,3,No,"Yes, failed",No,Good
37,Female,Student,Europe,YouTube,1,8.4,232,Sometimes,20,Passing time/boredom,5.5,11,5,6,3,2,9,6,2,No,"Yes, failed",No,Moderate
34,Female,Retired,Europe,TikTok,4,1.5,19,Every night,9,Passing time/boredom,6.1,13,0,8,4,8,5,2,3,No,"Yes, failed",Yes,Moderate
53,Male,Student,Africa,Instagram,4,7.4,278,Sometimes,61,News/information,6.8,22,0,6,8,5,7,8,2,No,No,Yes,At-risk
18,Female,Student,Latin America,TikTok,4,4.1,53,Often,40,Connection with friends,6.5,6,6,7,2,7,9,7,4,No,"Yes, failed",No,Good
16,Female,Student,Europe,TikTok,1,6.7,227,Often,19,Entertainment,6.6,16,0,8,10,5,4,7,3,No,No,No,Moderate
38,Male,Student,Asia,X/Twitter,1,5.5,60,Often,30,Connection with friends,6.4,15,3,4,7,6,3,7,3,Yes,No,No,Moderate
13,Female,Full-time employed,Asia,Instagram,6,5.1,76,Sometimes,2,Content creation,6.9,17,3,7,6,6,5,5,6,No,"Yes, failed",Considering it,At-risk
27,Female,Student,Africa,YouTube,1,5.4,21,Often,5,Work/career,5.7,14,2,8,10,1,6,5,4,No,"Yes, failed",No,Moderate
29,Male,Student,Asia,Instagram,3,1.3,5,Never,50,Passing time/boredom,7.1,8,0,10,4,8,7,2,3,Yes,"Yes, succeeded",No,Good
29,Male,Student,Latin America,Reddit,6,5.6,126,Often,35,Connection with friends,5.6,6,4,8,7,6,7,6,3,No,No,No,Good
48,Male,Full-time employed,Europe,X/Twitter,3,1.0,25,Sometimes,32,Connection with friends,7.0,4,11,5,4,1,4,5,3,No,"Yes, succeeded",Considering it,Moderate
24,Female,Part-time employed,Europe,X/Twitter,6,7.1,67,Every night,11,Connection with friends,5.2,19,0,6,6,1,9,8,2,No,No,No,At-risk
30,Non-binary,Student,Europe,TikTok,4,4.9,90,Sometimes,56,Content creation,6.3,16,6,7,1,7,7,3,4,Yes,"Yes, failed",No,Moderate
24,Female,Student,North America,YouTube,3,3.3,90,Never,52,Passing time/boredom,7.4,16,8,6,1,6,2,6,2,No,No,No,Moderate
26,Female,Retired,Oceania,Instagram,4,0.7,17,Never,4,Connection with friends,7.8,9,4,8,6,8,3,6,4,No,No,No,Good
28,Female,Unemployed,North America,Facebook,3,3.1,90,Often,8,Content creation,7.0,12,0,9,5,4,8,9,4,Yes,No,Yes,Moderate
35,Male,Full-time employed,North America,LinkedIn,1,1.5,8,Often,22,Passing time/boredom,8.4,12,7,9,2,7,6,9,2,No,"Yes, succeeded",No,Moderate
27,Male,Student,Europe,Snapchat,6,3.3,49,Sometimes,1,Content creation,7.9,19,0,8,2,9,5,3,3,Yes,No,No,At-risk
25,Female,Student,Asia,Snapchat,2,2.2,26,Sometimes,31,Entertainment,7.1,8,8,6,1,9,7,7,4,No,No,No,Good
35,Female,Full-time employed,North America,Facebook,6,2.3,25,Sometimes,20,Entertainment,7.8,12,3,10,2,6,4,7,4,Yes,"Yes, failed",Yes,Moderate
25,Male,Student,Europe,YouTube,7,5.0,145,Every night,5,News/information,5.8,21,0,6,6,3,6,4,1,No,"Yes, failed",No,At-risk
36,Male,Retired,Latin America,Instagram,4,1.8,17,Often,28,Connection with friends,7.2,12,6,9,2,5,4,8,4,No,"Yes, succeeded",No,Moderate
40,Male,Student,Asia,TikTok,3,3.4,54,Never,9,Connection with friends,7.5,12,1,7,3,7,4,5,4,No,No,Considering it,Moderate
28,Male,Retired,Europe,TikTok,1,3.5,51,Every night,39,Connection with friends,6.3,17,6,6,8,4,3,4,2,No,No,No,At-risk
25,Non-binary,Student,Latin America,Instagram,3,3.4,87,Sometimes,21,Content creation,7.7,18,2,5,4,7,6,5,2,No,No,No,At-risk
36,Male,Self-employed,Latin America,Instagram,3,2.6,48,Every night,49,Passing time/boredom,5.8,12,0,6,3,4,2,2,5,No,"Yes, succeeded",No,Moderate
30,Female,Student,Asia,Instagram,7,7.4,150,Never,23,Entertainment,6.1,19,4,7,5,5,7,5,3,No,"Yes, failed",Considering it,At-risk
13,Male,Student,Asia,Instagram,3,1.8,39,Every night,24,Connection with friends,5.9,11,4,6,1,5,4,3,2,No,"Yes, failed",No,Moderate
27,Female,Student,Asia,TikTok,7,5.3,122,Sometimes,25,Connection with friends,6.2,15,5,5,5,5,7,6,5,No,"Yes, succeeded",Yes,Moderate
43,Male,Student,Asia,TikTok,1,4.2,49,Often,21,Entertainment,7.3,15,0,6,2,5,3,4,1,No,No,No,Moderate
17,Female,Student,North America,Instagram,4,2.6,5,Sometimes,29,Passing time/boredom,6.7,6,5,9,7,8,7,9,3,Yes,No,No,Good
49,Male,Student,Asia,TikTok,8,5.4,187,Often,21,Entertainment,5.0,11,5,8,5,5,6,10,2,No,No,Yes,Moderate
18,Male,Part-time employed,Asia,Snapchat,6,1.5,57,Often,50,Connection with friends,7.4,6,9,7,3,5,8,4,3,No,"Yes, succeeded",Yes,Good
21,Female,Student,North America,TikTok,2,2.6,42,Every night,14,Passing time/boredom,7.0,8,8,8,2,5,1,4,2,No,"Yes, failed",No,Good
41,Male,Full-time employed,Asia,Snapchat,3,2.8,24,Sometimes,10,News/information,7.2,9,8,10,4,7,5,6,3,No,"Yes, failed",No,Good
24,Non-binary,Student,North America,TikTok,2,1.1,22,Never,24,Entertainment,8.5,16,5,8,4,6,5,6,2,Yes,No,No,Moderate
44,Female,Full-time employed,Latin America,YouTube,4,0.8,5,Sometimes,19,News/information,7.6,16,12,6,6,6,1,6,5,No,"Yes, succeeded",Considering it,Moderate
32,Male,Full-time employed,Latin America,LinkedIn,2,2.1,11,Never,16,Passing time/boredom,7.4,7,15,5,6,9,6,5,3,No,No,Considering it,Moderate
23,Female,Unemployed,Asia,LinkedIn,4,2.6,70,Sometimes,3,Content creation,6.8,11,6,7,3,6,3,8,4,No,No,Yes,Moderate
20,Male,Full-time employed,Europe,Instagram,3,1.8,28,Often,78,Passing time/boredom,6.5,7,8,6,6,4,7,5,3,No,"Yes, succeeded",No,Good
32,Female,Student,Europe,TikTok,5,1.8,48,Often,6,News/information,5.7,12,12,6,3,9,5,3,1,Yes,"Yes, succeeded",No,Moderate
23,Male,Full-time employed,Europe,TikTok,5,0.8,13,Often,10,Passing time/boredom,6.4,10,9,6,1,5,4,8,2,No,"Yes, succeeded",Considering it,Moderate
41,Male,Full-time employed,North America,TikTok,1,3.0,18,Every night,2,Passing time/boredom,5.6,9,0,7,3,7,4,4,4,Yes,"Yes, succeeded",No,Good
33,Female,Full-time employed,North America,Instagram,5,4.8,199,Sometimes,55,Entertainment,7.3,10,0,7,4,7,2,8,6,Yes,"Yes, failed",Considering it,Moderate
21,Male,Student,Asia,Facebook,2,3.5,56,Every night,8,Passing time/boredom,6.3,15,0,5,5,3,8,5,3,Yes,"Yes, succeeded",No,Moderate
24,Female,Student,Asia,Facebook,2,7.0,189,Often,62,Work/career,6.3,19,0,7,1,5,7,6,3,No,"Yes, succeeded",Yes,At-risk
31,Non-binary,Unemployed,Europe,YouTube,2,3.5,38,Every night,17,Passing time/boredom,5.9,14,5,8,6,7,2,8,4,No,No,No,Moderate
25,Female,Full-time employed,Europe,YouTube,2,1.6,48,Often,22,Connection with friends,7.4,8,4,6,4,7,3,10,5,No,No,No,Good
33,Male,Student,North America,Reddit,6,7.3,112,Every night,85,Entertainment,5.7,16,3,6,4,3,8,3,5,No,No,Yes,Moderate
40,Female,Full-time employed,North America,YouTube,4,3.8,34,Sometimes,14,Connection with friends,6.7,9,0,7,4,3,6,7,3,No,"Yes, succeeded",No,Good
36,Female,Full-time employed,Europe,TikTok,6,4.5,54,Sometimes,8,Entertainment,7.6,10,3,6,5,6,4,8,3,Yes,"Yes, failed",No,Moderate
21,Female,Student,Europe,TikTok,4,3.4,10,Every night,35,Connection with friends,6.3,4,0,7,2,6,3,6,1,Yes,"Yes, failed",No,Good
23,Non-binary,Part-time employed,North America,Facebook,4,3.0,88,Sometimes,14,Entertainment,7.8,6,6,7,1,6,5,7,5,No,No,No,Good
40,Female,Student,Asia,Snapchat,1,5.1,109,Sometimes,5,Entertainment,7.5,5,0,6,2,7,10,5,4,No,"Yes, failed",No,Good
40,Male,Unemployed,North America,Instagram,6,7.8,143,Sometimes,55,Entertainment,6.8,13,6,8,5,8,8,7,4,No,No,Yes,Moderate
30,Male,Full-time employed,North America,Instagram,4,0.4,5,Never,7,Work/career,7.7,3,7,8,5,4,1,3,4,No,"Yes, succeeded",No,Good
46,Female,Student,Latin America,LinkedIn,3,3.3,64,Sometimes,31,Entertainment,6.0,2,2,7,8,5,4,7,5,Yes,No,Yes,Good
21,Male,Student,Africa,X/Twitter,5,1.2,14,Often,31,Content creation,5.7,6,10,4,3,7,5,4,4,No,No,Considering it,Moderate
26,Male,Student,Latin America,YouTube,4,3.0,65,Sometimes,17,Entertainment,6.1,9,3,5,5,8,6,6,2,No,"Yes, succeeded",Yes,Good
39,Male,Student,Latin America,YouTube,3,3.9,47,Sometimes,58,Entertainment,7.3,8,0,4,5,2,5,5,2,Yes,"Yes, succeeded",Yes,Good
22,Non-binary,Full-time employed,North America,TikTok,2,2.2,58,Often,7,Passing time/boredom,6.6,10,6,6,3,9,5,4,2,No,No,No,Moderate
25,Male,Part-time employed,Asia,TikTok,2,7.5,146,Sometimes,4,Entertainment,6.9,14,5,6,8,4,7,8,4,Yes,No,No,Moderate
41,Female,Full-time employed,Asia,Facebook,3,1.7,17,Sometimes,10,Entertainment,7.2,7,5,7,4,3,3,1,3,Yes,No,Yes,Good
25,Male,Student,North America,Instagram,2,4.0,143,Often,6,Connection with friends,7.4,20,9,5,5,8,4,6,1,Yes,"Yes, failed",No,At-risk
28,Male,Unemployed,North America,Reddit,4,3.8,49,Sometimes,4,Passing time/boredom,6.9,5,5,7,3,9,3,3,4,Yes,"Yes, failed",No,Good
34,Male,Full-time employed,Europe,Instagram,6,5.8,57,Every night,19,Passing time/boredom,7.1,13,0,5,6,4,4,6,2,Yes,No,Considering it,Moderate
30,Male,Full-time employed,North America,YouTube,2,3.8,137,Often,18,Entertainment,7.1,12,4,7,6,5,3,7,0,No,No,No,Moderate
35,Female,Full-time employed,Asia,Instagram,3,2.2,63,Often,12,Entertainment,8.0,14,5,7,6,8,6,9,3,No,"Yes, failed",No,Moderate
38,Female,Full-time employed,Africa,X/Twitter,4,4.9,123,Sometimes,55,Connection with friends,6.0,8,9,8,5,7,8,6,3,No,No,Yes,Good
51,Female,Full-time employed,Europe,Instagram,4,4.7,110,Sometimes,34,Entertainment,6.3,8,0,8,9,5,4,8,7,No,No,No,Good
24,Male,Student,Asia,Snapchat,4,2.6,56,Sometimes,18,Entertainment,8.8,12,11,8,2,9,3,3,0,No,No,Considering it,Moderate
56,Male,Part-time employed,North America,X/Twitter,8,3.0,85,Sometimes,19,Entertainment,7.1,8,8,5,3,9,2,6,5,Yes,"Yes, failed",No,Good
34,Male,Student,Europe,TikTok,1,3.8,27,Sometimes,33,Entertainment,6.4,8,4,8,5,8,7,7,2,No,No,Yes,Good
25,Male,Student,North America,Instagram,6,9.2,117,Every night,17,Entertainment,5.2,16,0,5,10,3,8,5,5,No,"Yes, failed",No,Moderate
21,Male,Part-time employed,Asia,Instagram,4,3.1,43,Never,7,Passing time/boredom,8.8,7,0,7,4,7,4,8,1,No,"Yes, failed",Yes,Good
46,Female,Full-time employed,Asia,YouTube,6,7.3,140,Every night,32,Connection with friends,5.7,13,0,7,5,4,6,6,2,No,No,No,Moderate
26,Male,Unemployed,North America,TikTok,8,2.3,54,Never,14,Connection with friends,7.4,4,0,7,5,5,10,9,0,No,No,Considering it,Good
32,Female,Student,Europe,Instagram,6,3.9,201,Every night,5,Entertainment,6.7,13,0,8,7,6,5,5,1,No,No,No,Moderate
26,Female,Full-time employed,Asia,X/Twitter,3,6.4,20,Never,38,Passing time/boredom,7.7,18,0,7,6,6,10,9,3,No,No,No,At-risk
21,Male,Student,Africa,X/Twitter,2,3.2,68,Often,40,Passing time/boredom,4.5,7,1,6,5,7,2,9,2,No,No,Yes,Good
23,Male,Student,Asia,TikTok,1,10.5,167,Often,39,Entertainment,6.7,18,0,5,10,8,7,10,3,Yes,No,Yes,At-risk
24,Female,Unemployed,Asia,Instagram,3,5.6,40,Often,6,Connection with friends,6.2,21,2,5,6,3,4,10,3,Yes,No,Considering it,At-risk
41,Female,Full-time employed,Latin America,Instagram,6,4.0,68,Often,29,Entertainment,6.0,10,4,8,6,4,4,3,2,Yes,No,Yes,Moderate
29,Female,Full-time employed,Asia,Snapchat,5,4.2,65,Often,15,Entertainment,5.9,14,3,3,5,6,6,8,3,No,No,No,Moderate
24,Female,Full-time employed,Europe,Instagram,6,3.7,31,Sometimes,27,News/information,7.8,9,2,10,4,7,1,5,1,No,No,Yes,Good
14,Male,Self-employed,Europe,TikTok,6,7.1,78,Often,15,Entertainment,5.0,19,0,7,6,5,3,3,2,Yes,No,No,At-risk
33,Female,Student,Europe,TikTok,2,2.6,87,Sometimes,55,News/information,7.7,9,14,6,4,6,7,8,3,No,"Yes, succeeded",No,Moderate
40,Male,Student,Asia,TikTok,6,2.6,74,Often,6,News/information,7.0,16,8,6,6,5,1,5,2,No,"Yes, failed",No,Moderate
13,Non-binary,Part-time employed,Europe,LinkedIn,4,3.0,85,Sometimes,15,News/information,7.0,2,6,5,1,7,1,4,2,No,"Yes, failed",Considering it,Good
22,Male,Student,Asia,YouTube,3,0.8,28,Every night,6,Connection with friends,6.4,7,4,7,4,6,3,4,6,No,No,No,Good
28,Female,Student,North America,YouTube,4,2.7,61,Sometimes,13,Work/career,7.3,8,5,6,5,5,3,4,3,No,No,No,Good
46,Prefer not to say,Part-time employed,Asia,YouTube,5,4.8,65,Never,23,Connection with friends,8.3,14,0,8,4,8,7,5,1,No,"Yes, failed",Considering it,Moderate
47,Male,Student,Asia,Instagram,1,4.2,101,Every night,19,Entertainment,6.2,6,0,8,7,10,4,6,3,No,No,Considering it,Good
15,Female,Part-time employed,Asia,TikTok,5,6.6,91,Often,4,Entertainment,6.0,17,0,7,7,5,10,7,3,No,"Yes, failed",No,At-risk
37,Female,Student,Asia,Facebook,7,3.8,125,Often,30,Entertainment,6.5,14,6,6,6,8,6,6,2,No,No,No,Moderate
33,Male,Full-time employed,Africa,X/Twitter,7,5.9,63,Often,42,Entertainment,7.2,10,0,8,5,6,5,3,3,Yes,"Yes, failed",No,Moderate
32,Male,Student,Latin America,Reddit,1,1.3,6,Often,39,Entertainment,4.8,2,7,10,2,8,2,5,3,No,"Yes, failed",Yes,Good
27,Male,Full-time employed,North America,LinkedIn,1,3.9,40,Sometimes,10,Entertainment,7.9,13,0,8,5,2,3,3,1,No,"Yes, succeeded",No,Moderate
26,Male,Student,North America,Reddit,4,2.5,28,Often,5,Entertainment,7.8,10,0,5,5,4,3,2,4,Yes,No,No,Moderate
25,Female,Student,Africa,Instagram,4,3.5,19,Never,36,Content creation,7.1,14,9,5,8,5,7,6,2,No,No,No,Moderate
24,Male,Student,North America,Snapchat,6,1.1,16,Sometimes,53,Work/career,8.2,6,14,7,5,3,3,7,3,No,"Yes, failed",No,Moderate
38,Female,Full-time employed,Europe,TikTok,5,4.0,19,Sometimes,35,Entertainment,7.2,12,0,7,7,9,7,3,3,Yes,No,No,Moderate
34,Male,Student,Oceania,Snapchat,5,1.0,20,Every night,17,Entertainment,7.3,9,7,8,6,9,4,8,4,Yes,"Yes, succeeded",No,Good
34,Female,Student,Europe,Instagram,1,5.1,59,Sometimes,50,Passing time/boredom,6.2,16,0,5,2,2,7,5,1,Yes,No,No,Moderate
28,Female,Full-time employed,Europe,TikTok,5,4.4,90,Every night,44,Work/career,7.2,19,5,6,5,2,1,6,2,Yes,No,No,At-risk
33,Male,Full-time employed,Asia,TikTok,3,2.5,63,Never,27,Entertainment,8.2,12,2,9,1,6,3,6,4,Yes,"Yes, failed",No,Moderate
31,Female,Student,Latin America,Instagram,3,1.4,13,Sometimes,49,Passing time/boredom,7.9,0,5,9,7,5,2,3,3,No,No,No,Good
43,Female,Full-time employed,North America,X/Twitter,3,1.0,41,Sometimes,8,Connection with friends,6.0,16,7,8,8,8,6,3,3,Yes,"Yes, failed",No,Moderate
20,Male,Student,Asia,Facebook,3,1.7,12,Every night,2,Entertainment,6.1,10,10,5,6,9,3,5,4,No,"Yes, failed",Yes,Moderate
37,Female,Full-time employed,North America,Instagram,4,3.9,83,Every night,19,Work/career,5.9,17,4,6,5,5,3,5,3,No,No,Yes,At-risk
29,Male,Full-time employed,North America,TikTok,3,1.7,40,Often,8,News/information,7.2,7,9,8,3,1,1,3,3,No,No,Yes,Good
31,Male,Student,North America,YouTube,2,3.9,30,Often,29,Passing time/boredom,6.0,8,4,7,6,8,5,5,2,No,No,No,Good
37,Prefer not to say,Student,North America,X/Twitter,6,0.5,5,Often,7,News/information,6.9,5,5,9,4,10,1,4,2,No,"Yes, failed",Yes,Good
14,Female,Student,Europe,TikTok,3,3.9,131,Never,19,Content creation,7.1,11,1,8,5,5,4,3,2,Yes,"Yes, failed",No,Moderate
33,Male,Retired,Europe,TikTok,1,2.2,71,Sometimes,8,News/information,7.0,15,10,7,7,7,5,6,4,No,No,No,Moderate
21,Male,Full-time employed,Asia,TikTok,1,1.7,61,Never,11,Entertainment,8.7,5,0,10,7,5,4,1,2,No,No,Yes,Good
41,Female,Student,Europe,YouTube,3,2.2,26,Every night,22,Work/career,6.7,8,7,6,5,5,7,4,3,Yes,No,No,Good
31,Male,Student,Africa,TikTok,2,2.0,25,Never,31,Connection with friends,8.1,7,0,6,6,5,2,4,2,No,"Yes, failed",Considering it,Good
29,Female,Student,Europe,X/Twitter,3,1.7,36,Sometimes,11,Content creation,7.3,7,7,7,6,8,4,7,2,Yes,No,Yes,Good
35,Male,Student,Europe,Facebook,8,3.0,129,Never,12,Passing time/boredom,7.5,10,4,8,7,8,4,6,3,No,"Yes, failed",No,Moderate
31,Male,Full-time employed,Europe,Snapchat,4,3.2,146,Never,8,Connection with friends,8.1,14,6,8,7,6,5,2,4,No,"Yes, failed",Yes,Moderate
16,Male,Student,Europe,Facebook,6,1.9,76,Every night,50,Entertainment,7.3,6,5,7,4,3,5,6,2,No,"Yes, succeeded",Considering it,Good
19,Female,Student,Europe,X/Twitter,2,3.7,89,Often,18,Connection with friends,6.2,8,14,7,4,8,4,5,5,No,"Yes, failed",No,Moderate
19,Female,Full-time employed,Europe,YouTube,3,2.4,92,Every night,23,Connection with friends,7.5,13,0,5,6,8,4,6,4,No,"Yes, succeeded",Yes,Moderate
29,Prefer not to say,Student,North America,Instagram,4,1.5,34,Sometimes,29,Entertainment,7.3,9,16,10,7,8,1,3,3,Yes,No,Yes,Moderate
35,Male,Student,Asia,Instagram,5,2.9,32,Often,15,Connection with friends,7.0,13,2,9,5,7,8,3,6,No,"Yes, failed",No,Moderate
22,Female,Part-time employed,Africa,Instagram,5,2.6,35,Often,4,News/information,5.7,13,8,9,3,9,1,4,4,Yes,"Yes, failed",No,Moderate
23,Male,Part-time employed,North America,YouTube,8,6.6,140,Never,44,Connection with friends,7.1,10,0,6,4,4,5,9,4,No,"Yes, succeeded",No,Moderate
43,Male,Unemployed,North America,Instagram,3,9.0,273,Often,6,News/information,5.8,13,2,5,9,5,7,6,6,Yes,"Yes, failed",Yes,Moderate
13,Female,Student,Asia,Instagram,3,4.2,89,Every night,19,Entertainment,5.7,10,2,9,7,9,2,7,3,No,No,Considering it,Moderate
21,Male,Self-employed,North America,TikTok,2,2.5,43,Sometimes,14,Connection with friends,7.6,13,4,6,4,9,3,6,5,No,"Yes, failed",No,Moderate
30,Male,Full-time employed,North America,X/Twitter,6,0.9,10,Sometimes,17,Entertainment,8.1,3,1,9,2,4,4,5,0,No,"Yes, failed",Considering it,Good
40,Male,Full-time employed,Latin America,LinkedIn,2,3.6,166,Often,6,Entertainment,6.1,9,7,4,8,3,2,2,2,No,No,No,Good
22,Male,Full-time employed,Asia,YouTube,2,2.1,17,Never,8,Work/career,6.6,11,10,8,4,4,1,6,2,No,No,Yes,Moderate
24,Male,Self-employed,North America,Facebook,2,3.8,59,Often,11,Content creation,5.8,12,0,6,8,3,4,4,5,No,"Yes, succeeded",No,Moderate
29,Male,Student,Asia,YouTube,3,3.0,33,Sometimes,46,Entertainment,7.7,12,5,6,5,8,2,3,3,Yes,No,No,Moderate
36,Female,Student,Europe,X/Twitter,4,1.1,24,Sometimes,16,Entertainment,8.4,10,6,7,3,7,1,1,2,Yes,No,Yes,Moderate
13,Female,Student,Africa,TikTok,2,1.6,36,Every night,12,Entertainment,6.5,8,1,6,3,6,7,6,3,Yes,"Yes, failed",Considering it,Good
39,Male,Full-time employed,Asia,TikTok,2,3.5,46,Never,7,Entertainment,6.6,4,0,8,2,4,4,5,3,No,"Yes, failed",Yes,Good
34,Female,Unemployed,Asia,TikTok,3,2.9,24,Every night,11,Connection with friends,5.6,10,3,4,3,6,3,6,2,No,"Yes, succeeded",Considering it,Moderate
41,Male,Student,Africa,Instagram,3,1.1,29,Sometimes,17,Connection with friends,8.2,9,7,7,1,7,5,3,3,No,No,No,Good
30,Female,Student,Europe,Reddit,5,2.5,47,Every night,4,News/information,6.5,13,0,8,1,8,5,10,3,Yes,No,No,Moderate
31,Female,Unemployed,North America,Instagram,4,6.6,242,Never,4,News/information,7.2,9,0,7,4,5,8,7,2,Yes,No,Considering it,Good
29,Male,Self-employed,Europe,X/Twitter,2,4.2,131,Often,26,Passing time/boredom,6.8,13,0,8,3,2,6,5,3,No,"Yes, succeeded",No,Moderate
41,Female,Student,Europe,LinkedIn,3,1.8,41,Never,19,Connection with friends,7.4,8,2,7,3,6,5,7,2,Yes,"Yes, succeeded",No,Good
31,Female,Retired,North America,TikTok,4,3.5,35,Sometimes,23,Connection with friends,7.0,11,10,5,5,4,3,2,5,No,No,No,Moderate
36,Male,Student,Africa,YouTube,5,1.4,21,Often,31,Passing time/boredom,6.6,7,3,8,6,8,5,4,3,No,"Yes, failed",No,Good
31,Male,Full-time employed,Asia,TikTok,3,0.6,14,Sometimes,5,Entertainment,7.3,14,11,8,6,9,5,4,2,No,"Yes, succeeded",Yes,Moderate
21,Female,Student,Africa,TikTok,2,1.3,10,Sometimes,27,Entertainment,7.6,4,11,8,7,8,6,3,2,Yes,"Yes, succeeded",No,Moderate
15,Female,Full-time employed,North America,TikTok,1,2.6,26,Never,17,Work/career,7.8,19,4,8,4,8,5,3,5,No,No,No,At-risk
13,Female,Unemployed,Asia,Instagram,4,0.8,10,Every night,13,News/information,6.9,11,6,9,5,6,1,4,3,No,No,Considering it,Moderate
33,Male,Full-time employed,North America,TikTok,5,3.1,91,Never,9,Content creation,7.4,13,5,5,5,6,5,5,1,No,No,No,Moderate
30,Male,Student,Latin America,Instagram,4,0.8,6,Sometimes,1,Entertainment,8.5,7,8,8,3,6,3,2,3,No,No,No,Good
40,Male,Full-time employed,Oceania,Facebook,4,7.3,111,Sometimes,5,Connection with friends,6.2,13,3,4,7,7,6,7,2,Yes,No,No,Moderate
22,Male,Student,North America,Instagram,3,1.6,32,Every night,18,News/information,6.9,6,0,9,8,8,8,8,2,No,No,No,Good
26,Female,Student,Asia,Instagram,4,6.0,61,Every night,48,Entertainment,6.4,21,0,5,9,8,7,6,1,Yes,No,No,At-risk
28,Male,Student,Europe,Instagram,1,0.2,11,Often,5,Entertainment,7.2,15,2,8,6,6,1,8,3,Yes,"Yes, failed",Yes,Moderate
25,Male,Student,Europe,Instagram,1,1.8,22,Often,35,Entertainment,6.8,12,3,6,9,8,5,4,1,No,"Yes, failed",Yes,Moderate
39,Female,Full-time employed,Latin America,YouTube,3,5.3,363,Never,22,Content creation,7.2,13,8,6,5,6,6,8,2,No,"Yes, failed",No,Moderate
22,Male,Full-time employed,Asia,Instagram,6,4.8,101,Often,53,Entertainment,6.4,11,1,8,6,5,2,6,4,Yes,"Yes, succeeded",No,Moderate
33,Male,Unemployed,North America,TikTok,4,1.9,30,Every night,5,Connection with friends,6.0,4,11,6,2,9,4,7,2,Yes,No,No,Moderate
20,Male,Student,North America,Instagram,3,4.4,98,Often,14,Connection with friends,7.2,15,0,8,1,8,2,10,1,Yes,No,No,Moderate
31,Female,Unemployed,Asia,Reddit,5,1.7,17,Sometimes,9,Entertainment,7.5,4,7,9,1,7,5,3,3,No,"Yes, failed",Yes,Good
29,Female,Full-time employed,Asia,TikTok,1,4.0,184,Sometimes,12,Entertainment,7.2,10,0,8,5,7,2,7,3,No,No,No,Moderate
19,Male,Full-time employed,North America,X/Twitter,1,4.1,155,Often,51,Passing time/boredom,6.6,12,5,8,5,6,2,8,3,No,No,No,Moderate
21,Prefer not to say,Full-time employed,North America,YouTube,2,0.9,11,Never,18,Passing time/boredom,7.5,13,6,6,4,7,1,6,4,Yes,"Yes, failed",No,Moderate
37,Male,Student,Oceania,TikTok,3,3.4,186,Often,19,Passing time/boredom,6.4,10,5,5,5,8,4,5,2,Yes,"Yes, succeeded",No,Moderate
38,Male,Full-time employed,North America,LinkedIn,3,2.1,47,Sometimes,24,Connection with friends,7.8,11,1,5,3,4,5,4,5,Yes,No,No,Moderate
35,Prefer not to say,Student,Latin America,Instagram,4,5.4,78,Every night,45,Connection with friends,6.0,16,3,8,3,4,7,9,3,No,"Yes, failed",No,Moderate
26,Female,Student,North America,TikTok,1,3.2,32,Often,19,Entertainment,6.3,12,0,8,2,6,1,3,3,Yes,No,Considering it,Moderate
30,Female,Student,North America,Instagram,5,5.6,98,Never,2,News/information,7.0,10,0,4,5,6,8,5,2,No,No,Considering it,Moderate
31,Prefer not to say,Student,Asia,X/Twitter,4,5.8,52,Never,17,News/information,5.8,8,0,5,3,5,5,7,3,Yes,No,Yes,Good
23,Male,Student,Europe,LinkedIn,6,2.7,94,Sometimes,19,Entertainment,7.5,10,3,7,2,5,3,7,2,Yes,No,No,Moderate
17,Male,Student,Asia,YouTube,3,11.7,33,Never,7,Work/career,6.9,18,0,7,7,4,8,10,3,Yes,"Yes, succeeded",Yes,At-risk
30,Male,Student,Latin America,YouTube,1,3.5,19,Never,10,Entertainment,6.4,13,4,7,4,7,3,3,1,Yes,No,Yes,Moderate
69,Female,Student,Europe,Facebook,6,2.7,30,Sometimes,24,Entertainment,8.0,8,0,9,6,6,6,4,2,No,"Yes, succeeded",No,Good
13,Female,Unemployed,Asia,TikTok,5,8.9,64,Every night,9,News/information,4.7,19,7,7,10,2,6,8,4,No,"Yes, succeeded",Considering it,At-risk
16,Female,Full-time employed,Latin America,X/Twitter,3,6.1,88,Never,40,Passing time/boredom,5.4,21,3,10,4,5,4,8,3,No,No,No,At-risk
22,Male,Full-time employed,Europe,Reddit,3,4.5,140,Often,13,Work/career,7.2,4,0,7,6,4,7,7,1,No,"Yes, failed",No,Good
32,Male,Self-employed,Europe,YouTube,1,3.9,189,Sometimes,17,Work/career,6.2,11,3,6,4,6,9,4,3,Yes,No,No,Moderate
40,Female,Unemployed,Europe,Instagram,4,4.1,107,Sometimes,5,Connection with friends,6.6,8,1,7,5,6,4,5,1,No,No,No,Good
45,Female,Student,North America,Instagram,4,4.5,153,Every night,12,Entertainment,6.0,16,0,9,1,7,1,4,3,No,No,No,Moderate
33,Male,Student,North America,TikTok,7,3.2,63,Often,10,News/information,5.4,13,8,8,7,8,4,6,4,No,No,No,Moderate
24,Male,Full-time employed,Asia,TikTok,2,4.1,63,Every night,7,Entertainment,5.6,12,5,2,6,6,8,4,3,No,"Yes, succeeded",No,Moderate
35,Female,Student,North America,YouTube,3,0.9,19,Often,13,Entertainment,7.0,4,1,7,3,7,1,2,4,No,No,Yes,Good
24,Female,Full-time employed,Asia,LinkedIn,5,0.4,18,Sometimes,41,Entertainment,7.3,5,5,7,4,8,7,6,7,Yes,No,No,Good
37,Male,Unemployed,North America,Reddit,5,2.9,68,Every night,25,Entertainment,6.8,14,0,7,4,6,7,7,3,No,"Yes, succeeded",Considering it,Moderate
17,Female,Full-time employed,Asia,TikTok,5,3.3,25,Sometimes,12,Content creation,7.7,11,5,9,1,6,1,5,4,No,No,No,Moderate
36,Male,Student,Asia,YouTube,7,3.0,60,Every night,31,Work/career,6.6,8,0,10,1,7,1,7,2,No,"Yes, failed",No,Good
40,Male,Full-time employed,Europe,TikTok,7,1.8,16,Often,5,Entertainment,6.6,10,7,6,6,8,6,4,4,Yes,"Yes, succeeded",No,Moderate
26,Male,Student,Europe,X/Twitter,5,5.5,111,Every night,23,Work/career,5.2,16,3,4,4,4,1,7,3,No,No,Yes,Moderate
36,Male,Student,Europe,X/Twitter,2,1.6,15,Sometimes,20,News/information,8.9,12,6,9,3,9,4,6,4,No,No,No,Moderate
17,Female,Student,Asia,YouTube,2,1.0,41,Every night,37,News/information,6.8,18,0,6,6,8,1,4,2,Yes,No,No,At-risk
38,Female,Unemployed,Africa,TikTok,2,5.6,62,Sometimes,11,Entertainment,5.4,12,9,8,5,3,8,2,4,No,No,No,Moderate
19,Female,Student,North America,Instagram,4,1.0,12,Often,38,Entertainment,7.3,9,11,10,3,7,1,1,6,No,"Yes, failed",Yes,Moderate
27,Female,Student,Europe,LinkedIn,2,8.5,60,Often,21,News/information,5.6,24,2,4,8,5,7,7,3,No,"Yes, failed",Considering it,At-risk
27,Male,Student,Asia,YouTube,5,2.5,118,Often,30,Passing time/boredom,6.8,12,5,8,4,7,5,5,2,Yes,"Yes, failed",Yes,Moderate
21,Male,Student,North America,TikTok,1,4.0,27,Every night,8,Entertainment,6.6,8,2,4,4,5,6,9,3,No,No,No,Good
20,Female,Full-time employed,Africa,TikTok,2,5.8,53,Every night,8,Entertainment,5.5,13,0,5,9,8,4,3,4,Yes,"Yes, succeeded",Considering it,Moderate
43,Male,Student,Latin America,Reddit,3,4.3,92,Never,3,Connection with friends,8.5,10,0,4,3,4,5,7,4,Yes,No,No,Moderate
28,Female,Student,Asia,TikTok,2,1.3,34,Sometimes,28,Content creation,6.7,12,10,9,5,4,5,5,1,No,"Yes, succeeded",No,Moderate
29,Non-binary,Unemployed,Oceania,Reddit,2,2.9,46,Sometimes,30,News/information,7.4,3,3,7,5,3,9,6,2,Yes,"Yes, failed",No,Good
18,Male,Unemployed,Asia,TikTok,3,1.6,83,Sometimes,26,Connection with friends,8.4,14,5,6,4,7,1,1,3,No,No,No,Moderate
31,Female,Part-time employed,Africa,Snapchat,1,2.1,37,Often,34,Connection with friends,7.0,12,6,5,7,6,8,3,2,No,"Yes, failed",No,Moderate
45,Male,Student,Europe,Instagram,1,3.0,30,Sometimes,15,Passing time/boredom,7.5,11,4,8,5,5,7,4,4,No,"Yes, failed",No,Moderate
30,Female,Part-time employed,Europe,Reddit,3,2.1,56,Sometimes,23,Connection with friends,6.7,9,6,5,2,8,4,7,3,Yes,No,Considering it,Good
31,Male,Student,Europe,Instagram,2,7.7,259,Often,20,Passing time/boredom,6.7,15,0,7,9,4,10,6,2,No,"Yes, failed",No,Moderate
38,Male,Student,Asia,TikTok,5,1.0,26,Sometimes,21,Entertainment,7.5,9,6,10,2,4,1,5,2,No,"Yes, succeeded",No,Good
32,Male,Student,Africa,YouTube,2,2.4,21,Sometimes,4,Entertainment,7.1,3,2,6,2,8,1,2,3,Yes,"Yes, succeeded",Considering it,Good
45,Female,Student,Europe,Instagram,4,5.7,102,Sometimes,14,Work/career,6.8,9,0,5,8,8,4,8,4,No,No,No,Good
20,Female,Part-time employed,Europe,Instagram,1,3.3,24,Never,21,Connection with friends,8.7,9,12,9,7,5,3,7,3,No,"Yes, failed",No,Moderate
45,Female,Self-employed,Europe,TikTok,3,1.5,37,Every night,7,Connection with friends,6.5,6,3,9,5,6,8,3,2,No,No,No,Good
38,Female,Part-time employed,North America,Facebook,1,4.0,132,Every night,37,Entertainment,6.4,13,0,7,4,4,6,7,4,No,"Yes, failed",No,Moderate
23,Male,Student,Europe,Snapchat,3,1.2,17,Sometimes,19,Content creation,6.6,5,4,4,8,8,6,5,3,No,"Yes, failed",Yes,Good
45,Prefer not to say,Student,Asia,Reddit,5,3.0,73,Sometimes,39,Passing time/boredom,7.0,6,5,7,4,5,6,4,2,No,No,No,Good
30,Male,Student,North America,TikTok,5,2.3,122,Sometimes,19,Entertainment,7.3,15,7,7,4,5,7,3,3,No,No,Considering it,Moderate
18,Male,Self-employed,Asia,YouTube,1,1.2,15,Sometimes,15,News/information,7.1,5,7,7,3,6,7,6,3,Yes,"Yes, succeeded",No,Good
50,Female,Full-time employed,Asia,LinkedIn,5,2.2,83,Never,33,Passing time/boredom,7.3,10,8,9,5,7,3,2,4,No,"Yes, failed",Yes,Moderate
20,Non-binary,Student,Europe,Instagram,2,2.3,42,Sometimes,5,Connection with friends,8.0,12,0,7,7,7,1,2,4,No,No,No,Moderate
37,Female,Student,Asia,Instagram,4,6.0,89,Every night,2,Work/career,6.9,16,0,5,4,2,9,5,4,No,"Yes, failed",Considering it,Moderate
24,Male,Full-time employed,North America,Instagram,5,1.2,5,Sometimes,6,Entertainment,7.8,7,11,8,5,7,4,2,3,No,No,No,Moderate
38,Male,Full-time employed,Asia,YouTube,6,2.3,86,Often,18,Entertainment,6.9,6,9,6,1,7,7,3,2,No,"Yes, failed",Yes,Good
20,Female,Part-time employed,Asia,Reddit,4,3.9,127,Sometimes,3,Entertainment,7.3,8,8,7,7,8,4,6,4,No,No,No,Good
28,Male,Student,Asia,Snapchat,3,2.3,25,Sometimes,4,Entertainment,7.0,15,0,7,5,6,7,7,5,Yes,No,No,Moderate
13,Male,Self-employed,Europe,Snapchat,2,1.1,10,Often,21,Content creation,7.0,6,0,6,4,6,6,6,2,No,"Yes, failed",No,Good
36,Female,Student,North America,X/Twitter,5,6.2,145,Sometimes,9,News/information,6.5,13,0,5,5,5,7,10,5,No,No,No,Moderate
18,Male,Self-employed,Europe,TikTok,4,4.2,139,Never,18,News/information,8.8,9,2,8,7,4,7,3,2,No,"Yes, failed",No,Good
39,Female,Student,Europe,TikTok,1,3.4,67,Sometimes,4,Content creation,6.2,10,3,7,5,7,4,4,2,No,"Yes, failed",No,Moderate
36,Female,Student,North America,LinkedIn,4,4.0,84,Often,21,Connection with friends,7.0,13,7,6,5,1,7,3,3,No,"Yes, failed",No,Moderate
28,Male,Student,Asia,X/Twitter,1,4.4,32,Often,20,News/information,7.2,12,3,7,10,9,6,10,5,No,No,Considering it,Moderate
13,Female,Unemployed,Asia,YouTube,5,3.9,128,Every night,17,News/information,5.8,14,7,8,7,5,6,7,3,No,"Yes, succeeded",No,Moderate
39,Male,Student,North America,TikTok,1,2.9,39,Never,27,Passing time/boredom,8.6,7,2,9,5,7,7,8,4,No,No,No,Good
27,Female,Student,Asia,Snapchat,4,2.8,76,Every night,27,Content creation,7.3,13,4,6,5,5,6,5,1,No,"Yes, failed",Yes,Moderate
18,Female,Student,Europe,YouTube,3,1.5,32,Never,12,Connection with friends,7.9,7,4,10,5,8,2,2,1,Yes,No,Yes,Good
22,Male,Full-time employed,Asia,Instagram,1,5.1,46,Sometimes,7,Entertainment,6.7,14,5,8,4,8,7,6,2,No,No,No,Moderate
25,Male,Student,Latin America,Reddit,7,2.3,34,Often,46,Passing time/boredom,8.0,14,4,9,2,5,6,5,2,No,"Yes, failed",Yes,Moderate
13,Female,Self-employed,Europe,TikTok,5,4.3,153,Every night,53,Entertainment,6.1,11,1,5,4,6,1,4,2,No,"Yes, failed",No,Moderate
41,Male,Full-time employed,Oceania,X/Twitter,2,1.6,16,Never,7,Connection with friends,7.4,12,4,6,5,5,1,2,2,No,No,Yes,Moderate
26,Male,Self-employed,Europe,TikTok,2,3.8,137,Sometimes,24,Passing time/boredom,8.4,15,2,7,4,6,5,8,2,No,"Yes, failed",Yes,Moderate
17,Male,Student,North America,Instagram,4,1.1,12,Sometimes,12,Work/career,6.7,3,11,7,5,6,4,5,1,No,"Yes, failed",No,Moderate
30,Female,Part-time employed,North America,YouTube,1,5.2,73,Sometimes,19,Passing time/boredom,7.7,13,4,8,8,6,6,5,4,Yes,"Yes, failed",Yes,Moderate
25,Male,Student,North America,X/Twitter,5,3.3,50,Sometimes,23,News/information,7.5,13,2,5,3,6,3,9,4,No,No,No,Moderate
14,Male,Full-time employed,North America,Facebook,4,4.0,95,Never,12,Entertainment,5.4,12,1,6,7,5,6,4,4,No,No,No,Moderate
41,Male,Unemployed,North America,Reddit,2,9.4,141,Sometimes,6,Entertainment,6.7,17,0,7,8,5,9,7,3,No,"Yes, failed",No,At-risk
35,Male,Full-time employed,North America,X/Twitter,2,5.9,39,Sometimes,50,Connection with friends,6.0,13,2,5,8,2,4,7,4,No,"Yes, failed",No,Moderate
41,Male,Student,Africa,YouTube,2,1.9,18,Often,10,Entertainment,7.6,10,7,5,5,9,7,4,2,No,"Yes, failed",No,Moderate
21,Female,Self-employed,Africa,Facebook,4,2.2,30,Never,12,Connection with friends,7.1,8,14,7,2,6,6,5,3,No,No,No,Moderate
41,Male,Full-time employed,Europe,TikTok,5,1.3,8,Sometimes,28,Passing time/boredom,7.2,2,1,10,3,4,5,4,4,No,"Yes, succeeded",No,Good
14,Prefer not to say,Part-time employed,Asia,YouTube,8,3.8,17,Every night,13,Work/career,6.4,9,2,6,7,7,4,8,1,Yes,"Yes, failed",No,Good
32,Male,Student,North America,Snapchat,5,2.9,58,Sometimes,11,Passing time/boredom,7.2,10,1,6,4,4,3,4,2,No,No,Considering it,Moderate
41,Female,Full-time employed,Latin America,Reddit,2,3.4,115,Often,43,Entertainment,6.8,11,0,6,5,9,5,5,3,Yes,No,No,Moderate
34,Male,Part-time employed,Europe,Instagram,4,3.9,45,Sometimes,10,Entertainment,6.9,5,0,8,6,5,5,4,3,Yes,No,No,Good
32,Female,Student,Europe,Instagram,4,4.5,123,Often,18,Work/career,6.7,12,4,3,4,7,2,4,3,Yes,"Yes, succeeded",Considering it,Moderate
21,Female,Student,North America,LinkedIn,7,1.4,31,Often,5,Connection with friends,7.5,16,4,8,1,9,5,7,0,No,No,No,Moderate
28,Male,Self-employed,Latin America,Reddit,7,3.4,5,Never,21,Entertainment,6.5,12,1,6,2,8,3,5,3,Yes,No,Considering it,Moderate
31,Female,Student,Asia,YouTube,4,1.7,15,Sometimes,16,Connection with friends,7.9,9,4,7,6,6,9,4,3,No,"Yes, succeeded",No,Good
41,Male,Unemployed,North America,TikTok,2,2.9,56,Never,8,Passing time/boredom,8.1,6,3,7,2,7,2,3,3,No,"Yes, failed",No,Good
34,Female,Student,Europe,Instagram,7,4.2,156,Sometimes,5,Work/career,5.4,9,4,5,5,7,7,6,3,Yes,No,No,Good
50,Male,Student,North America,X/Twitter,4,3.8,22,Sometimes,54,Connection with friends,8.1,15,3,6,5,6,1,4,3,No,No,No,Moderate
21,Male,Student,Latin America,Instagram,8,1.5,41,Sometimes,43,Entertainment,7.9,7,1,6,7,8,3,3,4,No,"Yes, failed",Yes,Good
13,Female,Student,Asia,Instagram,2,4.0,83,Often,32,Content creation,5.9,8,3,5,6,6,5,6,1,No,"Yes, succeeded",No,Good
38,Male,Full-time employed,Africa,TikTok,8,2.6,43,Never,6,Connection with friends,7.8,5,1,8,1,5,2,3,4,Yes,"Yes, failed",No,Good
35,Female,Full-time employed,Latin America,YouTube,3,2.1,14,Often,22,Passing time/boredom,6.8,7,8,9,2,5,6,3,3,No,"Yes, succeeded",No,Good
30,Female,Student,Europe,X/Twitter,6,3.2,34,Never,16,Work/career,7.1,7,4,6,3,6,6,6,2,Yes,"Yes, failed",Considering it,Good
13,Female,Full-time employed,Europe,Snapchat,2,4.8,50,Never,5,News/information,6.5,18,0,8,6,3,6,5,3,Yes,No,Yes,At-risk
24,Male,Student,Europe,TikTok,4,3.7,131,Often,40,Work/career,6.5,7,4,7,5,3,6,6,2,No,No,Considering it,Good
20,Female,Self-employed,Asia,TikTok,2,2.6,78,Sometimes,28,Entertainment,7.9,10,10,5,3,8,2,10,5,Yes,No,No,Moderate
52,Female,Full-time employed,Asia,Instagram,2,2.4,15,Often,32,Entertainment,6.7,12,0,7,5,7,3,5,2,No,"Yes, failed",No,Moderate
41,Male,Student,Europe,Facebook,3,4.0,21,Sometimes,33,Entertainment,8.6,11,12,8,4,9,5,7,3,No,"Yes, succeeded",Considering it,Moderate
31,Female,Full-time employed,North America,Instagram,7,2.7,75,Sometimes,18,Entertainment,7.5,8,2,6,5,5,3,5,3,Yes,"Yes, failed",Considering it,Good
14,Male,Student,Asia,TikTok,2,4.8,20,Often,44,Entertainment,5.8,10,10,8,9,4,7,8,4,No,"Yes, succeeded",No,Moderate
32,Male,Full-time employed,North America,Instagram,5,5.1,156,Sometimes,21,Entertainment,7.2,9,0,8,5,8,3,8,5,No,"Yes, failed",Yes,Good
36,Male,Full-time employed,Asia,YouTube,5,2.1,86,Every night,17,News/information,8.5,11,2,9,5,7,5,4,4,No,No,No,Moderate
35,Prefer not to say,Student,Europe,Snapchat,2,6.0,38,Often,13,Entertainment,6.7,19,5,8,10,4,6,9,3,No,No,No,At-risk
36,Male,Part-time employed,North America,Instagram,3,4.1,143,Often,11,News/information,7.2,16,0,7,1,6,5,4,0,No,"Yes, succeeded",No,Moderate
24,Female,Student,Europe,X/Twitter,5,2.0,26,Sometimes,22,Entertainment,6.6,7,13,9,4,1,7,6,3,No,No,Considering it,Moderate
28,Male,Full-time employed,North America,Instagram,1,3.7,39,Sometimes,6,News/information,8.0,14,11,8,5,4,6,5,4,Yes,"Yes, failed",Considering it,Moderate
34,Male,Full-time employed,North America,TikTok,7,2.0,59,Often,20,News/information,6.1,12,6,8,4,2,4,9,2,No,No,No,Moderate
40,Male,Student,Asia,YouTube,6,4.2,94,Never,12,Passing time/boredom,6.5,18,3,5,7,7,4,6,2,No,No,Yes,At-risk
38,Female,Student,Asia,Reddit,7,4.1,68,Every night,6,Entertainment,7.1,21,7,8,5,7,8,2,6,No,"Yes, succeeded",No,At-risk
39,Male,Full-time employed,Asia,Facebook,5,5.3,115,Every night,26,Entertainment,5.8,27,0,4,6,6,4,6,2,No,"Yes, failed",Yes,At-risk
36,Female,Unemployed,North America,Instagram,2,1.0,6,Sometimes,34,Connection with friends,6.4,8,0,6,5,9,2,4,4,No,"Yes, failed",No,Good
42,Male,Full-time employed,Europe,Instagram,3,1.9,13,Never,30,Connection with friends,7.1,12,10,10,4,5,1,5,4,Yes,"Yes, failed",No,Moderate
32,Female,Student,Europe,Snapchat,5,3.2,52,Every night,5,Entertainment,6.1,8,6,6,3,5,3,6,1,No,"Yes, failed",No,Good
38,Female,Full-time employed,North America,YouTube,3,5.8,44,Never,15,Passing time/boredom,7.3,11,0,3,2,5,9,5,3,Yes,No,Considering it,Moderate
23,Female,Full-time employed,Europe,Instagram,2,2.6,97,Often,8,Passing time/boredom,8.5,7,0,8,7,7,3,4,6,No,"Yes, failed",No,Good
26,Male,Student,North America,YouTube,2,2.0,21,Never,11,Connection with friends,7.5,10,0,9,6,5,4,7,6,No,"Yes, failed",No,Moderate
13,Female,Part-time employed,Asia,Snapchat,6,1.0,14,Often,6,Passing time/boredom,8.0,7,3,7,1,8,3,1,1,No,No,Yes,Good
13,Female,Retired,Asia,TikTok,3,2.8,26,Every night,24,Entertainment,6.0,10,2,7,7,8,5,5,3,No,"Yes, failed",No,Moderate
32,Male,Full-time employed,Asia,Snapchat,3,1.9,20,Every night,30,Passing time/boredom,6.4,4,5,7,5,6,4,3,1,No,No,No,Good
44,Male,Student,North America,X/Twitter,8,4.3,124,Often,14,Entertainment,6.1,9,5,8,5,6,5,6,2,No,No,Yes,Good
15,Male,Self-employed,Asia,Instagram,3,1.6,24,Often,9,Connection with friends,7.2,11,8,7,2,5,5,5,4,No,No,No,Moderate
26,Male,Unemployed,Asia,Reddit,2,2.1,30,Often,22,Connection with friends,7.0,11,7,10,4,6,3,4,3,No,"Yes, succeeded",No,Moderate
50,Female,Full-time employed,Europe,YouTube,2,1.3,9,Never,10,Entertainment,7.9,9,8,7,5,7,4,7,3,No,"Yes, failed",No,Good
27,Female,Full-time employed,North America,YouTube,4,6.5,141,Often,18,Work/career,5.6,21,5,6,3,5,6,6,3,No,"Yes, failed",No,At-risk
20,Female,Full-time employed,Europe,YouTube,8,5.6,136,Often,36,Entertainment,6.6,16,9,5,6,5,6,7,5,No,"Yes, succeeded",No,Moderate
25,Female,Full-time employed,Africa,YouTube,1,3.6,95,Never,20,Work/career,9.3,9,9,6,4,5,4,3,5,Yes,No,No,Good
13,Female,Student,North America,YouTube,2,3.3,71,Never,4,News/information,8.8,8,0,6,9,5,5,6,5,Yes,No,No,Good
37,Female,Part-time employed,Asia,Instagram,2,8.2,130,Every night,16,Connection with friends,5.3,19,0,4,9,5,7,8,4,Yes,No,No,At-risk
18,Male,Full-time employed,North America,Instagram,1,2.4,111,Sometimes,15,Passing time/boredom,7.7,10,9,8,7,7,4,4,3,No,"Yes, failed",Yes,Moderate
28,Female,Full-time employed,North America,TikTok,5,2.5,47,Often,68,Content creation,6.7,8,0,6,1,7,5,5,2,No,No,No,Good
37,Non-binary,Student,Asia,YouTube,5,7.9,347,Often,10,Passing time/boredom,5.1,18,0,6,5,4,5,7,2,Yes,No,Yes,At-risk
26,Male,Student,North America,Facebook,1,5.9,105,Often,13,Connection with friends,5.5,16,14,7,6,7,10,6,4,Yes,"Yes, failed",No,Moderate
30,Male,Unemployed,Asia,Instagram,5,1.3,29,Sometimes,6,Entertainment,8.0,5,8,7,7,4,2,7,1,No,"Yes, failed",No,Good
21,Male,Student,North America,TikTok,2,5.1,167,Never,13,Connection with friends,6.7,7,4,9,9,5,8,6,4,No,No,Yes,Good
29,Non-binary,Full-time employed,Europe,Instagram,2,7.7,93,Sometimes,25,Work/career,6.9,23,0,5,5,1,4,7,3,No,No,No,At-risk
34,Female,Self-employed,Asia,Snapchat,3,1.1,21,Sometimes,4,Passing time/boredom,6.2,8,14,7,5,7,1,5,3,No,No,No,Moderate
15,Male,Unemployed,Europe,Reddit,5,3.7,33,Often,11,Work/career,7.6,6,8,7,1,6,2,7,3,No,"Yes, succeeded",Considering it,Good
34,Female,Part-time employed,Africa,Instagram,2,4.0,73,Sometimes,18,News/information,7.1,17,1,7,6,3,3,3,2,Yes,"Yes, succeeded",Yes,At-risk
31,Male,Retired,Europe,TikTok,2,3.4,21,Often,11,Passing time/boredom,6.7,10,3,5,5,6,4,7,2,Yes,"Yes, succeeded",No,Moderate
37,Female,Self-employed,North America,Snapchat,5,3.3,46,Sometimes,26,Content creation,7.9,13,5,6,8,5,3,7,3,No,No,No,Moderate
27,Male,Full-time employed,North America,Instagram,5,4.7,26,Sometimes,8,Content creation,7.2,15,0,6,3,4,6,6,3,No,"Yes, failed",No,Moderate
37,Female,Full-time employed,North America,TikTok,4,2.4,134,Often,6,Connection with friends,7.4,9,4,6,5,5,4,4,1,No,No,No,Good
14,Male,Part-time employed,Asia,TikTok,8,4.0,73,Never,10,Connection with friends,7.7,11,6,9,7,4,4,5,3,Yes,"Yes, failed",No,Moderate
26,Male,Student,North America,TikTok,6,4.2,87,Sometimes,2,Passing time/boredom,6.7,13,12,6,6,5,7,5,3,No,"Yes, failed",Yes,Moderate
34,Female,Student,Latin America,Instagram,1,2.0,27,Sometimes,12,News/information,7.1,13,6,7,5,6,3,5,0,No,"Yes, failed",Considering it,Moderate
17,Female,Part-time employed,Asia,TikTok,4,2.3,24,Sometimes,5,Entertainment,6.7,9,0,8,5,8,6,6,3,Yes,No,No,Good
13,Male,Full-time employed,Asia,TikTok,3,3.2,17,Sometimes,31,Entertainment,7.5,13,2,7,6,7,4,5,1,Yes,No,No,Moderate
17,Male,Full-time employed,Africa,Snapchat,3,6.0,154,Never,30,Connection with friends,5.6,16,5,7,7,8,7,8,1,Yes,"Yes, failed",Yes,Moderate
21,Male,Full-time employed,Asia,Instagram,3,3.4,108,Sometimes,12,Entertainment,6.9,14,3,4,6,4,9,6,3,Yes,No,No,Moderate
29,Female,Student,Asia,X/Twitter,7,2.4,47,Never,2,Passing time/boredom,8.2,8,8,9,5,9,2,7,3,No,No,Considering it,Good
20,Male,Self-employed,North America,Instagram,3,1.6,25,Every night,18,Passing time/boredom,7.0,14,4,9,2,10,5,4,2,Yes,No,No,Moderate
25,Female,Student,North America,Reddit,7,2.0,38,Sometimes,17,Entertainment,7.0,7,3,10,5,6,2,5,4,No,No,Yes,Good
31,Male,Student,Asia,Facebook,3,5.5,15,Sometimes,11,Work/career,8.0,18,5,5,7,7,5,7,3,No,"Yes, succeeded",Considering it,At-risk
27,Male,Student,Europe,YouTube,2,6.5,201,Often,8,News/information,6.5,17,0,6,10,9,8,7,2,No,"Yes, failed",No,At-risk
22,Male,Part-time employed,Asia,TikTok,3,3.6,52,Often,37,Entertainment,6.3,17,2,5,5,5,3,5,4,No,"Yes, succeeded",No,At-risk
37,Male,Student,Africa,YouTube,4,1.7,12,Often,12,Content creation,7.6,8,6,7,5,10,3,3,5,No,No,No,Good
33,Female,Part-time employed,Europe,Snapchat,4,6.5,54,Every night,6,Connection with friends,5.0,27,0,6,10,7,8,6,4,No,No,No,At-risk
19,Female,Student,Europe,Instagram,1,7.8,207,Sometimes,35,Entertainment,6.3,11,0,4,10,6,6,10,4,No,"Yes, failed",Yes,Moderate
30,Female,Full-time employed,North America,TikTok,4,3.6,103,Every night,25,Connection with friends,6.1,14,8,7,8,7,5,5,6,Yes,"Yes, succeeded",Considering it,Moderate
34,Male,Full-time employed,Europe,YouTube,3,3.1,31,Sometimes,14,Content creation,6.9,10,3,7,5,6,4,2,3,No,"Yes, succeeded",No,Moderate
25,Male,Full-time employed,Europe,TikTok,2,4.9,78,Often,16,News/information,5.7,14,7,7,5,3,4,5,4,No,"Yes, failed",No,Moderate
29,Female,Student,Latin America,Facebook,7,2.3,68,Sometimes,9,Entertainment,8.1,9,4,8,9,8,5,10,4,No,"Yes, failed",Considering it,Good
28,Female,Unemployed,Asia,X/Twitter,5,1.4,46,Often,50,Content creation,6.6,7,1,8,1,7,4,1,2,No,No,No,Good
28,Female,Student,Europe,TikTok,4,2.6,79,Often,27,Passing time/boredom,6.8,12,11,10,6,7,2,8,4,No,"Yes, succeeded",No,Moderate
39,Male,Full-time employed,Asia,YouTube,1,2.2,49,Sometimes,12,Connection with friends,6.3,5,1,8,7,7,4,2,3,No,No,No,Good
20,Male,Student,Asia,Snapchat,1,3.8,89,Often,3,Entertainment,6.7,11,8,7,6,5,4,2,3,No,"Yes, failed",No,Moderate
35,Male,Unemployed,Europe,Snapchat,2,1.0,5,Never,5,Passing time/boredom,7.9,13,9,7,2,9,6,5,2,Yes,No,No,Moderate
33,Male,Part-time employed,Asia,Facebook,5,3.9,50,Sometimes,13,Connection with friends,6.7,11,6,7,3,8,4,5,2,No,"Yes, failed",No,Moderate
36,Male,Student,Latin America,Instagram,2,2.4,18,Sometimes,56,Passing time/boredom,9.0,3,1,8,3,4,2,8,2,No,"Yes, failed",No,Good
20,Male,Full-time employed,Africa,TikTok,4,3.9,39,Never,20,News/information,7.3,9,3,8,6,10,5,5,1,Yes,"Yes, succeeded",No,Good
44,Male,Student,Europe,TikTok,2,3.2,51,Often,23,Passing time/boredom,5.9,8,0,6,6,9,4,6,2,Yes,"Yes, failed",No,Good
28,Male,Unemployed,North America,Instagram,5,3.2,57,Every night,21,Connection with friends,6.8,18,0,8,8,5,4,3,3,No,"Yes, failed",Considering it,At-risk
55,Female,Student,Asia,Snapchat,7,10.1,231,Often,34,Passing time/boredom,6.4,13,0,3,8,5,10,5,1,No,"Yes, failed",Considering it,Moderate
15,Female,Part-time employed,Europe,X/Twitter,4,3.2,61,Sometimes,30,News/information,8.4,4,6,6,3,5,5,8,3,Yes,"Yes, failed",No,Good
27,Male,Full-time employed,Asia,TikTok,2,2.0,79,Often,7,Connection with friends,7.5,13,8,10,5,6,4,4,2,Yes,No,Yes,Moderate
28,Female,Unemployed,North America,Reddit,2,3.5,59,Never,7,News/information,7.6,6,8,8,6,8,7,7,4,Yes,"Yes, succeeded",No,Good
29,Male,Unemployed,Africa,Instagram,3,1.9,5,Often,6,Connection with friends,7.8,4,6,8,5,6,8,4,2,No,"Yes, succeeded",Yes,Good
38,Male,Student,Europe,TikTok,4,2.9,51,Sometimes,25,Entertainment,7.4,5,6,8,6,5,4,2,3,No,"Yes, failed",Yes,Good
25,Female,Student,Asia,TikTok,4,2.8,15,Sometimes,6,Entertainment,5.8,14,14,6,4,5,6,5,1,Yes,"Yes, failed",No,Moderate
45,Male,Unemployed,Europe,Instagram,8,1.8,57,Sometimes,23,Connection with friends,7.4,9,5,9,1,7,9,9,2,No,"Yes, succeeded",No,Good
23,Male,Student,North America,TikTok,2,6.7,179,Every night,8,Connection with friends,5.0,16,3,5,8,7,9,7,0,Yes,"Yes, failed",No,Moderate
19,Female,Full-time employed,Europe,LinkedIn,5,2.0,89,Sometimes,15,Connection with friends,7.2,6,0,7,6,4,7,6,3,No,No,No,Good
13,Female,Student,Asia,Instagram,8,5.2,63,Never,27,Passing time/boredom,8.3,12,1,4,6,7,4,6,3,Yes,"Yes, failed",No,Moderate
22,Male,Student,North America,TikTok,1,7.5,94,Sometimes,8,Entertainment,6.4,17,0,5,8,3,6,3,4,No,"Yes, failed",Yes,At-risk
16,Female,Student,Asia,LinkedIn,1,1.8,41,Never,10,Entertainment,8.7,6,7,8,4,6,4,4,2,No,"Yes, failed",Considering it,Good
29,Female,Full-time employed,Europe,TikTok,6,2.3,27,Sometimes,48,Passing time/boredom,6.0,8,7,6,4,3,6,5,4,No,No,Yes,Good
23,Female,Full-time employed,North America,YouTube,2,2.3,14,Sometimes,46,News/information,7.9,16,6,8,8,8,3,5,2,No,"Yes, failed",No,Moderate
41,Female,Student,North America,YouTube,4,3.4,39,Never,21,Entertainment,8.7,9,9,8,3,8,6,5,5,Yes,No,No,Good
25,Male,Full-time employed,Asia,YouTube,5,3.1,32,Often,9,Connection with friends,7.2,16,0,9,9,5,3,7,4,Yes,"Yes, succeeded",Considering it,Moderate
21,Female,Student,Africa,Instagram,5,1.6,70,Never,19,Content creation,7.7,8,3,6,5,8,3,5,3,No,No,No,Good
38,Male,Self-employed,Asia,Instagram,3,3.6,38,Sometimes,8,Content creation,8.1,7,7,8,4,4,8,6,2,No,"Yes, failed",No,Good
47,Male,Full-time employed,Asia,Instagram,8,5.3,93,Every night,10,Passing time/boredom,4.3,15,0,5,4,5,3,5,2,No,No,Considering it,Moderate
34,Male,Retired,North America,TikTok,5,1.5,13,Sometimes,14,Connection with friends,6.7,7,5,7,4,6,4,6,2,No,No,Yes,Good
20,Male,Full-time employed,North America,YouTube,2,3.6,85,Every night,14,Work/career,6.2,11,6,6,6,8,4,5,1,No,"Yes, failed",No,Moderate
30,Male,Student,North America,X/Twitter,5,1.1,32,Every night,6,Entertainment,5.9,13,2,8,7,7,3,2,0,Yes,No,No,Moderate
32,Female,Full-time employed,Asia,YouTube,5,1.4,42,Sometimes,26,Entertainment,6.7,10,7,8,4,6,3,9,3,No,No,Yes,Moderate
40,Male,Full-time employed,North America,TikTok,3,2.8,49,Every night,14,Passing time/boredom,6.4,12,1,5,3,6,6,10,1,No,No,Yes,Moderate
44,Male,Student,Latin America,LinkedIn,2,0.7,15,Sometimes,46,Connection with friends,6.3,10,6,9,3,7,4,4,3,No,No,Considering it,Moderate
22,Female,Student,Europe,Instagram,2,7.3,191,Sometimes,10,Connection with friends,6.3,27,6,6,9,7,10,7,3,No,"Yes, succeeded",Yes,At-risk
13,Non-binary,Student,Asia,TikTok,5,3.4,30,Never,20,News/information,7.7,11,4,8,5,4,6,5,2,No,No,Yes,Moderate
48,Female,Part-time employed,North America,Instagram,5,5.1,163,Often,18,Entertainment,6.8,16,0,8,4,7,6,5,3,No,"Yes, failed",Considering it,Moderate
25,Female,Student,Africa,YouTube,3,2.9,22,Every night,14,Passing time/boredom,6.7,20,3,5,1,8,4,6,3,Yes,No,No,At-risk
27,Female,Full-time employed,Asia,TikTok,1,1.6,15,Never,14,Passing time/boredom,7.9,0,8,10,4,6,1,1,2,Yes,"Yes, failed",No,Good
37,Female,Student,Africa,Snapchat,3,2.9,39,Sometimes,27,Passing time/boredom,7.3,12,0,5,7,3,5,7,3,Yes,"Yes, failed",No,Moderate
36,Male,Student,Africa,Instagram,2,3.6,90,Every night,8,News/information,6.8,18,0,7,3,7,4,4,3,No,"Yes, failed",Yes,At-risk
34,Male,Student,Europe,Reddit,3,2.2,36,Sometimes,14,Connection with friends,7.2,5,2,7,2,3,5,2,3,Yes,No,No,Good
28,Male,Self-employed,Asia,TikTok,3,1.8,22,Sometimes,20,Passing time/boredom,6.6,14,1,7,1,5,4,7,4,No,"Yes, failed",No,Moderate
22,Female,Student,Latin America,Reddit,1,5.2,199,Often,34,Entertainment,5.7,13,0,8,5,4,2,5,4,Yes,"Yes, failed",No,Moderate
25,Female,Full-time employed,Africa,YouTube,2,1.9,83,Never,9,Work/career,8.2,6,0,9,3,7,5,2,2,Yes,No,No,Good
21,Male,Full-time employed,North America,Facebook,3,2.5,26,Sometimes,1,Content creation,9.4,4,5,4,3,6,4,1,3,No,"Yes, succeeded",Yes,Good
13,Female,Full-time employed,North America,Facebook,4,2.4,62,Often,21,Work/career,7.2,7,0,7,6,9,4,6,4,No,"Yes, failed",No,Good
34,Female,Full-time employed,Asia,Facebook,2,2.5,41,Often,22,Entertainment,6.7,15,7,7,5,7,7,5,1,No,"Yes, failed",No,Moderate
32,Male,Full-time employed,Oceania,Instagram,3,5.6,84,Often,5,Connection with friends,6.3,18,3,6,6,5,4,8,3,Yes,"Yes, failed",Considering it,At-risk
38,Male,Student,Asia,TikTok,6,3.6,124,Often,10,Entertainment,6.1,9,3,8,5,8,10,6,4,No,"Yes, succeeded",No,Good
21,Female,Full-time employed,Africa,TikTok,3,4.6,47,Sometimes,10,Entertainment,6.9,17,0,8,2,1,3,3,5,Yes,"Yes, failed",No,At-risk
32,Female,Student,Europe,Facebook,3,1.4,10,Often,34,Entertainment,6.9,0,7,7,7,8,3,4,3,No,No,Yes,Good
47,Male,Student,Asia,TikTok,2,3.1,55,Every night,35,News/information,7.1,12,1,9,2,6,1,1,2,No,No,No,Moderate
37,Male,Part-time employed,North America,Instagram,4,3.0,41,Never,40,Content creation,7.8,19,7,10,4,4,4,8,2,Yes,No,Yes,At-risk
46,Female,Full-time employed,Europe,YouTube,4,4.0,38,Sometimes,9,Passing time/boredom,6.5,12,7,7,6,6,1,7,4,No,"Yes, failed",Considering it,Moderate
26,Female,Self-employed,Asia,YouTube,7,4.8,28,Sometimes,32,News/information,7.2,11,7,6,3,7,8,5,3,No,"Yes, failed",Considering it,Moderate
44,Female,Unemployed,Europe,Snapchat,2,0.3,5,Often,66,Entertainment,7.2,1,8,7,3,10,4,1,1,No,"Yes, failed",Considering it,Good
31,Male,Full-time employed,Europe,Facebook,1,2.7,25,Often,5,Entertainment,6.6,10,0,8,3,5,4,10,5,No,"Yes, failed",No,Moderate
32,Male,Full-time employed,Asia,Instagram,2,3.4,136,Every night,25,Connection with friends,7.7,11,0,6,6,8,5,3,2,No,"Yes, succeeded",No,Moderate
25,Female,Full-time employed,Asia,TikTok,2,5.1,167,Sometimes,15,News/information,6.8,9,3,5,7,4,4,6,1,No,No,No,Good
33,Male,Full-time employed,Asia,Snapchat,6,5.6,10,Often,20,Connection with friends,6.4,16,1,6,5,6,4,2,5,No,No,No,Moderate
26,Male,Self-employed,Europe,Instagram,8,1.9,106,Every night,5,Entertainment,6.4,6,6,8,2,8,4,5,3,No,"Yes, failed",Yes,Good
17,Male,Student,Latin America,Instagram,3,2.6,38,Often,13,Entertainment,7.6,2,0,7,4,8,5,5,1,Yes,"Yes, failed",No,Good
25,Male,Full-time employed,Africa,Instagram,2,9.2,74,Often,19,Connection with friends,5.4,14,0,7,4,4,5,9,1,No,No,No,Moderate
27,Female,Self-employed,Asia,TikTok,1,3.2,25,Often,36,Entertainment,6.1,9,4,6,2,8,6,6,2,No,No,No,Good
31,Female,Student,Asia,Facebook,4,5.4,131,Often,20,Entertainment,5.9,9,0,7,4,7,7,7,1,Yes,No,No,Good
21,Female,Student,Europe,Instagram,7,4.8,122,Never,22,Passing time/boredom,7.0,13,13,6,6,6,6,3,5,No,No,No,Moderate
13,Male,Full-time employed,Europe,YouTube,4,4.6,35,Sometimes,20,Entertainment,8.1,17,0,6,5,7,7,7,2,No,"Yes, failed",No,At-risk
17,Female,Full-time employed,North America,Instagram,1,5.7,7,Often,30,News/information,5.8,12,0,7,3,4,10,4,1,No,"Yes, succeeded",No,Moderate
30,Male,Student,Latin America,TikTok,3,3.5,130,Sometimes,11,Passing time/boredom,8.5,13,0,5,7,9,2,3,2,Yes,"Yes, failed",Considering it,Moderate
24,Male,Retired,Asia,Snapchat,1,1.4,27,Sometimes,38,Content creation,8.7,8,11,9,4,8,2,3,4,No,"Yes, succeeded",No,Moderate
38,Female,Student,Asia,TikTok,1,1.8,20,Often,16,Entertainment,7.5,8,10,5,3,8,5,3,3,Yes,"Yes, succeeded",Considering it,Moderate
44,Female,Full-time employed,Europe,TikTok,2,1.9,47,Often,44,Work/career,6.2,3,11,6,1,6,5,3,4,No,"Yes, failed",Considering it,Moderate
18,Male,Part-time employed,Europe,YouTube,4,1.1,16,Often,6,Passing time/boredom,6.5,2,1,9,2,5,4,1,0,No,No,No,Good
13,Male,Student,Asia,Instagram,3,4.2,122,Never,14,Connection with friends,8.5,10,0,7,1,7,5,8,2,Yes,"Yes, succeeded",Considering it,Moderate
33,Male,Full-time employed,Asia,TikTok,2,3.3,124,Every night,17,News/information,6.5,19,2,5,6,5,4,8,3,No,"Yes, failed",No,At-risk
29,Male,Unemployed,Europe,YouTube,4,1.2,25,Often,10,Content creation,7.1,2,10,6,6,9,4,8,3,Yes,"Yes, failed",No,Moderate
28,Female,Full-time employed,North America,Facebook,4,2.2,30,Every night,12,Passing time/boredom,6.9,8,8,3,3,6,4,4,2,Yes,No,No,Good
18,Female,Full-time employed,North America,YouTube,5,3.9,22,Sometimes,24,Entertainment,6.6,17,0,5,3,5,7,6,2,No,No,No,At-risk
33,Female,Student,Asia,Snapchat,2,4.9,40,Every night,11,Passing time/boredom,5.6,16,0,5,8,4,6,7,3,Yes,"Yes, succeeded",Yes,Moderate
24,Male,Part-time employed,North America,Snapchat,7,1.9,83,Sometimes,22,Connection with friends,7.3,10,5,8,2,8,3,8,1,Yes,"Yes, succeeded",Considering it,Moderate
25,Female,Student,North America,TikTok,5,6.2,37,Never,27,Work/career,6.7,16,0,6,4,8,4,5,3,Yes,"Yes, failed",Considering it,Moderate
25,Female,Part-time employed,Europe,Instagram,7,1.9,33,Never,3,News/information,8.4,10,2,8,7,7,4,2,1,No,No,Considering it,Moderate
41,Male,Student,North America,X/Twitter,4,5.4,378,Often,36,Entertainment,6.7,6,1,7,6,7,5,9,2,No,No,Yes,Good
18,Male,Unemployed,Africa,LinkedIn,5,4.8,42,Sometimes,15,Entertainment,6.3,9,8,4,5,4,5,5,5,No,No,Yes,Good
35,Female,Student,Asia,Instagram,4,2.6,41,Sometimes,11,Connection with friends,7.1,13,1,7,5,8,4,4,4,No,"Yes, failed",No,Moderate
31,Female,Part-time employed,Oceania,Facebook,4,2.7,41,Sometimes,14,Passing time/boredom,7.5,8,4,9,8,7,8,3,3,Yes,"Yes, failed",Yes,Good
21,Female,Student,Asia,TikTok,4,1.8,22,Sometimes,13,Work/career,6.7,11,6,7,4,4,4,4,3,No,"Yes, succeeded",No,Moderate
31,Male,Full-time employed,Europe,Instagram,5,3.1,44,Never,5,Content creation,8.1,6,3,8,5,6,1,8,2,No,"Yes, failed",Considering it,Good
15,Male,Full-time employed,Asia,Instagram,4,4.4,29,Sometimes,5,Content creation,6.8,14,3,7,4,7,7,4,1,No,No,Considering it,Moderate
22,Male,Self-employed,Asia,Instagram,4,3.1,75,Every night,24,Content creation,6.5,12,5,5,5,4,3,5,2,No,"Yes, failed",No,Moderate
21,Female,Full-time employed,Latin America,YouTube,1,3.2,65,Sometimes,19,Entertainment,6.5,9,6,7,3,9,3,2,2,No,No,No,Good
41,Non-binary,Student,North America,Instagram,3,1.7,7,Sometimes,9,Passing time/boredom,6.8,14,6,7,4,7,4,2,3,No,"Yes, succeeded",No,Moderate
47,Female,Self-employed,Africa,Facebook,2,2.7,19,Never,11,Connection with friends,7.3,7,6,7,1,6,6,6,6,No,No,No,Good
18,Male,Full-time employed,Latin America,Facebook,2,2.1,85,Often,5,News/information,6.9,9,11,10,7,4,5,6,3,No,"Yes, failed",Considering it,Moderate
27,Female,Full-time employed,North America,YouTube,3,3.1,69,Sometimes,13,Entertainment,6.7,20,4,5,5,5,3,5,4,No,No,No,At-risk
13,Female,Full-time employed,Asia,Facebook,2,5.2,70,Often,1,Passing time/boredom,5.8,5,4,6,6,5,7,3,4,No,No,No,Good
41,Male,Unemployed,Asia,Instagram,6,3.6,113,Often,24,News/information,7.0,13,4,8,5,7,4,4,3,Yes,No,No,Moderate
36,Female,Full-time employed,Africa,TikTok,2,2.5,36,Often,18,Connection with friends,7.0,15,4,6,6,7,1,6,2,Yes,"Yes, succeeded",Yes,Moderate
46,Female,Part-time employed,Asia,TikTok,2,1.8,48,Sometimes,12,News/information,6.9,12,7,9,5,7,1,1,3,Yes,No,No,Moderate
17,Male,Student,North America,YouTube,2,3.8,61,Sometimes,26,Content creation,7.8,9,2,7,6,6,4,4,4,No,No,Considering it,Good
32,Female,Student,North America,X/Twitter,3,2.5,43,Often,7,News/information,7.0,9,0,7,2,7,6,3,2,Yes,"Yes, failed",No,Good
43,Female,Student,North America,Facebook,1,1.5,35,Often,28,News/information,7.8,15,0,9,4,5,6,2,4,No,No,No,Moderate
34,Male,Student,North America,Instagram,5,1.1,34,Sometimes,19,Passing time/boredom,8.3,5,6,8,1,8,2,1,4,No,No,No,Good
22,Prefer not to say,Full-time employed,Asia,Reddit,4,4.9,106,Every night,24,News/information,6.7,23,0,5,2,8,10,3,3,Yes,"Yes, failed",Considering it,At-risk
23,Male,Unemployed,Asia,TikTok,3,4.6,55,Often,15,Work/career,6.6,13,1,8,7,8,10,7,4,No,No,No,Moderate
37,Male,Student,Asia,Instagram,2,5.9,50,Sometimes,11,Entertainment,6.7,15,0,4,4,6,5,5,3,No,"Yes, failed",Considering it,Moderate
27,Male,Student,North America,TikTok,2,1.9,135,Sometimes,17,Entertainment,7.5,11,1,9,7,7,2,5,4,No,"Yes, succeeded",Yes,Moderate
27,Female,Student,Europe,Instagram,1,5.4,36,Often,19,Entertainment,6.2,12,1,5,8,6,2,10,4,No,No,No,Moderate
13,Female,Part-time employed,Europe,TikTok,2,1.4,29,Often,9,Work/career,7.9,14,4,6,2,6,6,3,3,Yes,No,Yes,Moderate
35,Female,Student,North America,Snapchat,5,3.0,42,Sometimes,38,Work/career,8.3,10,4,10,9,5,5,7,1,No,"Yes, failed",No,Moderate
27,Female,Full-time employed,North America,TikTok,3,4.1,67,Every night,12,Content creation,6.2,15,6,5,6,6,2,7,3,Yes,No,Considering it,Moderate
31,Male,Part-time employed,Europe,TikTok,4,6.9,222,Every night,15,Passing time/boredom,5.2,17,0,5,6,9,3,7,2,No,"Yes, succeeded",No,At-risk
35,Female,Full-time employed,North America,Instagram,2,3.2,133,Sometimes,14,Entertainment,7.1,10,4,6,5,8,1,6,2,Yes,No,Yes,Moderate
23,Male,Part-time employed,Europe,Facebook,6,3.3,53,Often,38,Connection with friends,6.1,9,3,6,8,6,6,7,3,No,"Yes, failed",Yes,Good
22,Male,Full-time employed,Latin America,Instagram,3,7.6,228,Often,12,News/information,6.9,19,0,6,3,1,8,7,4,No,No,No,At-risk
28,Female,Full-time employed,North America,Facebook,1,1.6,5,Every night,24,News/information,6.2,16,2,6,6,9,3,4,3,No,"Yes, succeeded",Considering it,Moderate
23,Female,Self-employed,North America,Snapchat,2,2.1,45,Often,12,Passing time/boredom,6.3,9,2,10,5,9,3,9,2,Yes,No,Yes,Good
15,Male,Student,Asia,YouTube,3,3.9,73,Often,12,Entertainment,7.0,15,0,6,6,8,7,2,5,No,No,No,Moderate
22,Male,Full-time employed,Europe,X/Twitter,2,3.6,70,Sometimes,17,Connection with friends,6.6,12,3,8,4,7,5,6,1,No,"Yes, succeeded",No,Moderate
14,Male,Student,Africa,LinkedIn,5,1.0,9,Sometimes,8,Entertainment,7.1,5,2,8,5,6,3,4,5,Yes,No,No,Good
29,Female,Student,Latin America,Instagram,3,2.7,199,Sometimes,29,Connection with friends,7.7,11,0,9,5,10,8,5,4,No,"Yes, failed",No,Moderate
38,Female,Student,Asia,TikTok,3,8.5,235,Sometimes,6,Connection with friends,5.2,17,2,4,6,5,8,8,2,No,No,No,At-risk
34,Male,Full-time employed,Europe,TikTok,4,1.3,25,Sometimes,6,News/information,7.7,5,3,6,1,8,4,2,2,Yes,"Yes, failed",No,Good
42,Female,Student,Asia,Instagram,1,5.4,52,Every night,33,Work/career,6.0,12,6,7,5,6,5,8,4,No,No,Yes,Moderate
23,Male,Full-time employed,Europe,Facebook,5,2.4,94,Every night,18,Passing time/boredom,6.4,10,3,7,4,5,2,5,3,Yes,"Yes, failed",Considering it,Moderate
35,Female,Student,Asia,TikTok,3,1.0,15,Sometimes,4,Connection with friends,6.4,6,3,9,3,4,4,3,6,Yes,No,No,Good
13,Prefer not to say,Full-time employed,North America,TikTok,2,4.8,160,Sometimes,27,Content creation,7.3,6,6,7,8,5,8,8,2,No,"Yes, failed",Yes,Good
13,Male,Student,North America,TikTok,4,3.9,41,Every night,29,Connection with friends,6.5,6,2,4,5,5,4,7,1,No,"Yes, failed",Considering it,Good
36,Male,Self-employed,Europe,TikTok,4,3.0,32,Sometimes,24,News/information,7.3,6,5,5,2,7,4,6,3,Yes,No,Yes,Good
51,Female,Part-time employed,Latin America,TikTok,2,1.8,8,Never,14,Entertainment,7.4,18,3,7,6,7,2,2,6,No,No,No,At-risk
45,Female,Self-employed,North America,YouTube,3,1.7,57,Sometimes,6,Passing time/boredom,7.5,4,10,9,2,6,3,2,2,No,"Yes, failed",Considering it,Moderate
31,Male,Student,North America,Instagram,6,4.3,59,Every night,33,Work/career,6.6,19,0,6,4,6,9,5,2,No,"Yes, failed",No,At-risk
32,Female,Self-employed,Asia,YouTube,3,1.6,17,Every night,27,News/information,5.4,7,9,7,1,6,4,5,3,No,"Yes, failed",Considering it,Good
14,Male,Student,Europe,TikTok,5,2.2,35,Never,23,Entertainment,7.0,5,4,7,7,6,5,5,5,Yes,"Yes, succeeded",No,Good
31,Male,Full-time employed,Asia,TikTok,4,1.9,77,Often,2,News/information,6.9,14,9,8,4,4,5,3,3,Yes,"Yes, failed",No,Moderate
27,Female,Student,North America,Facebook,2,6.1,92,Sometimes,54,News/information,6.2,9,0,7,6,4,5,9,3,Yes,"Yes, failed",No,Good
18,Female,Student,Africa,Reddit,3,2.1,8,Sometimes,12,Entertainment,6.5,12,4,8,3,10,4,5,5,No,No,No,Moderate
47,Female,Student,Oceania,TikTok,2,5.3,41,Sometimes,24,Connection with friends,6.9,19,2,5,5,7,7,3,0,Yes,No,No,At-risk
33,Female,Student,Europe,Instagram,2,10.1,117,Sometimes,5,Entertainment,6.1,19,2,6,6,9,10,7,5,No,"Yes, failed",No,At-risk
27,Male,Full-time employed,Latin America,Instagram,2,1.9,13,Sometimes,9,Entertainment,6.8,15,5,8,4,8,6,5,4,No,No,No,Moderate
35,Male,Self-employed,Asia,Snapchat,3,4.2,122,Sometimes,21,Content creation,6.2,9,7,6,5,5,6,8,2,No,No,Yes,Good
24,Female,Full-time employed,Asia,TikTok,4,2.0,26,Every night,14,Passing time/boredom,5.0,14,6,9,8,4,2,5,4,No,"Yes, succeeded",No,Moderate
45,Female,Part-time employed,Oceania,TikTok,1,4.6,56,Sometimes,25,Entertainment,7.6,13,0,8,8,3,5,5,2,Yes,No,No,Moderate
36,Male,Student,Asia,Snapchat,6,1.5,26,Never,14,Entertainment,7.5,11,3,8,4,7,3,4,1,No,No,Considering it,Moderate
36,Male,Full-time employed,Asia,Facebook,5,4.7,75,Every night,21,Entertainment,6.8,18,1,9,6,7,5,6,5,No,No,No,At-risk
35,Male,Student,Asia,Instagram,2,2.6,40,Often,8,Connection with friends,7.6,8,0,8,3,3,5,1,4,Yes,"Yes, succeeded",No,Good
25,Female,Student,Asia,TikTok,2,2.4,53,Often,4,News/information,7.4,8,1,7,3,3,6,6,4,Yes,No,Considering it,Good
24,Male,Unemployed,Europe,Instagram,1,7.8,70,Often,20,Content creation,6.0,10,0,3,9,6,5,7,3,No,No,No,Moderate
34,Female,Student,Asia,TikTok,3,6.2,65,Sometimes,14,News/information,7.3,21,0,6,4,7,5,3,2,No,No,Yes,At-risk
33,Male,Unemployed,Europe,Facebook,8,4.1,51,Never,10,Connection with friends,7.0,19,11,7,4,6,4,8,5,No,No,Considering it,At-risk
29,Prefer not to say,Full-time employed,Europe,Instagram,2,3.3,162,Never,9,Connection with friends,7.7,7,9,7,7,5,4,4,5,Yes,"Yes, failed",No,Good
22,Female,Full-time employed,Europe,TikTok,4,2.2,48,Never,22,Entertainment,8.2,9,5,10,4,6,4,3,4,No,No,No,Good
32,Female,Retired,Asia,TikTok,4,3.0,38,Never,11,Connection with friends,6.2,3,4,6,9,6,3,6,4,No,"Yes, succeeded",Considering it,Good
22,Male,Student,North America,YouTube,5,2.2,57,Sometimes,9,Entertainment,7.6,9,5,8,3,7,6,6,3,No,"Yes, failed",No,Good
30,Male,Student,North America,YouTube,5,2.4,71,Every night,13,Passing time/boredom,6.3,13,5,9,1,6,7,6,3,Yes,No,Yes,Moderate
28,Female,Unemployed,Oceania,TikTok,4,1.3,48,Every night,44,News/information,7.6,4,1,6,7,6,4,5,4,No,"Yes, succeeded",No,Good
22,Female,Student,Europe,Instagram,3,5.9,30,Often,5,Connection with friends,6.4,10,0,7,8,6,8,5,2,Yes,"Yes, succeeded",No,Moderate
35,Female,Student,Latin America,Facebook,2,1.7,21,Every night,6,Entertainment,5.8,4,13,8,3,6,1,5,1,Yes,No,Considering it,Moderate
22,Female,Full-time employed,Asia,Snapchat,1,1.8,59,Sometimes,15,Connection with friends,7.6,7,6,7,6,7,3,1,4,No,No,No,Good
35,Female,Full-time employed,Europe,Instagram,2,3.4,113,Sometimes,1,Connection with friends,7.2,8,5,6,3,9,5,7,3,Yes,No,Considering it,Good
42,Male,Student,North America,YouTube,2,3.0,175,Sometimes,16,Entertainment,8.0,13,7,6,6,4,4,5,2,No,"Yes, failed",Yes,Moderate
21,Male,Student,Asia,Reddit,4,1.7,40,Every night,28,Work/career,6.7,11,5,6,3,4,4,6,2,No,No,No,Moderate
22,Female,Student,Africa,TikTok,1,2.1,54,Sometimes,5,News/information,6.6,15,0,10,7,7,6,1,4,No,No,Considering it,Moderate
27,Female,Unemployed,North America,Facebook,4,7.3,227,Often,32,Connection with friends,5.7,15,0,3,3,3,6,6,3,No,"Yes, failed",No,Moderate
38,Female,Student,Oceania,TikTok,4,3.2,83,Sometimes,46,Entertainment,7.3,16,7,7,4,6,7,5,3,No,No,No,Moderate
36,Female,Student,Europe,Facebook,2,5.9,67,Every night,18,Connection with friends,5.7,15,3,6,7,5,6,6,2,No,"Yes, failed",No,Moderate
25,Female,Full-time employed,Europe,TikTok,7,2.5,56,Sometimes,11,Entertainment,8.4,8,1,9,1,7,1,7,4,No,"Yes, failed",Yes,Good
26,Female,Retired,Europe,Snapchat,3,4.5,113,Sometimes,9,Passing time/boredom,7.6,13,2,6,2,6,3,3,3,Yes,"Yes, failed",No,Moderate
37,Male,Part-time employed,North America,Instagram,2,2.2,22,Every night,15,Passing time/boredom,6.5,11,10,8,5,10,5,6,1,No,"Yes, failed",No,Moderate
41,Female,Unemployed,Oceania,YouTube,2,1.8,77,Often,24,Content creation,7.5,7,0,6,7,6,4,6,0,No,"Yes, failed",Considering it,Good
30,Male,Unemployed,Europe,Instagram,1,7.4,90,Sometimes,8,News/information,6.0,17,0,6,5,4,6,6,5,No,No,No,At-risk
37,Female,Full-time employed,North America,Facebook,5,6.3,126,Every night,13,Content creation,5.3,14,0,6,8,4,6,7,1,Yes,"Yes, succeeded",Yes,Moderate
13,Male,Student,Latin America,X/Twitter,3,1.9,18,Never,11,Connection with friends,7.1,4,3,9,1,6,6,3,2,Yes,No,Yes,Good
36,Male,Full-time employed,Asia,Instagram,5,2.6,21,Every night,25,News/information,6.1,11,8,8,7,7,1,4,3,Yes,No,No,Moderate
28,Female,Full-time employed,North America,Reddit,5,1.7,15,Sometimes,55,News/information,7.9,3,5,9,5,7,3,3,4,No,"Yes, failed",No,Good
51,Male,Student,Europe,Facebook,3,4.3,84,Every night,13,Connection with friends,7.6,19,1,5,5,5,7,3,3,No,"Yes, succeeded",Yes,At-risk
27,Male,Retired,Europe,TikTok,5,1.8,33,Often,8,News/information,7.5,12,12,7,2,7,4,7,3,No,No,Yes,Moderate
22,Male,Full-time employed,Africa,Snapchat,4,10.6,178,Sometimes,17,Work/career,7.0,20,1,7,9,4,6,10,4,No,"Yes, failed",Yes,At-risk
19,Female,Full-time employed,North America,Instagram,4,3.4,49,Every night,10,News/information,6.0,16,3,8,4,5,4,3,2,No,"Yes, failed",No,Moderate
36,Prefer not to say,Full-time employed,Asia,Instagram,1,1.0,5,Often,8,Entertainment,6.4,12,4,8,3,6,3,3,2,No,"Yes, failed",Considering it,Moderate
25,Female,Student,Asia,TikTok,3,3.4,49,Never,40,Connection with friends,6.8,18,6,6,6,6,7,2,2,No,"Yes, succeeded",No,At-risk
29,Male,Full-time employed,Oceania,X/Twitter,2,4.3,69,Often,13,Passing time/boredom,7.1,12,1,9,3,6,5,5,4,No,"Yes, failed",Considering it,Moderate
21,Female,Student,Latin America,Facebook,4,2.9,146,Every night,16,News/information,5.7,9,7,6,5,3,4,4,1,No,No,No,Good
19,Female,Part-time employed,Asia,Snapchat,3,5.2,47,Often,13,Connection with friends,6.2,15,6,6,8,8,7,6,3,No,"Yes, succeeded",No,Moderate
19,Female,Full-time employed,North America,TikTok,5,4.3,77,Sometimes,44,Connection with friends,8.4,15,1,9,1,7,2,4,4,No,"Yes, failed",Yes,Moderate
36,Non-binary,Student,Europe,TikTok,8,1.3,26,Sometimes,22,Entertainment,6.8,1,7,6,2,5,7,1,1,No,"Yes, failed",No,Good
22,Female,Student,North America,Instagram,4,6.0,63,Never,23,Passing time/boredom,6.6,17,0,5,9,6,7,7,5,No,"Yes, failed",No,At-risk
51,Non-binary,Full-time employed,North America,X/Twitter,7,2.0,20,Often,13,News/information,7.3,11,2,3,3,7,1,4,1,No,No,No,Moderate
37,Non-binary,Part-time employed,Asia,TikTok,1,5.2,174,Often,1,Entertainment,4.5,11,4,6,5,4,5,5,2,No,No,Considering it,Moderate
16,Male,Student,Europe,Instagram,4,3.6,85,Often,18,Connection with friends,7.1,13,0,9,4,6,5,7,4,No,No,No,Moderate
49,Female,Full-time employed,Africa,TikTok,5,2.0,34,Never,38,Connection with friends,7.2,16,9,7,6,7,6,4,4,No,No,No,Moderate
37,Non-binary,Full-time employed,Asia,Facebook,3,5.0,137,Sometimes,55,Entertainment,6.3,16,1,6,2,6,8,3,3,No,No,No,Moderate
35,Male,Student,Asia,TikTok,5,3.6,66,Sometimes,16,Connection with friends,5.4,12,4,7,4,5,7,5,2,No,No,No,Moderate
37,Male,Student,Asia,Instagram,7,2.6,50,Often,10,Work/career,6.7,12,4,10,4,8,4,9,2,No,"Yes, failed",Yes,Moderate
27,Female,Retired,Asia,Instagram,1,5.8,238,Often,5,Connection with friends,7.5,20,1,9,8,2,8,5,2,No,No,Considering it,At-risk
22,Female,Part-time employed,Europe,TikTok,4,4.4,49,Often,27,Content creation,7.0,18,10,6,2,4,7,6,2,No,"Yes, succeeded",No,At-risk
17,Male,Student,Latin America,TikTok,6,2.2,31,Sometimes,14,Entertainment,7.5,18,0,9,4,8,3,5,3,No,"Yes, failed",No,At-risk
23,Male,Unemployed,North America,TikTok,5,1.2,34,Often,13,News/information,7.9,9,3,10,3,9,4,8,2,No,No,No,Good
29,Male,Unemployed,Europe,TikTok,1,2.0,58,Every night,22,News/information,7.8,12,0,9,7,7,8,5,1,No,No,Considering it,Moderate
29,Female,Student,Asia,Instagram,4,3.8,60,Sometimes,11,News/information,7.1,15,1,7,1,4,4,6,4,No,No,No,Moderate
27,Female,Full-time employed,North America,Instagram,7,7.0,74,Sometimes,12,Entertainment,7.0,25,0,6,4,5,9,5,5,Yes,"Yes, succeeded",No,At-risk
27,Male,Student,North America,Instagram,3,3.0,36,Often,11,Connection with friends,6.5,18,6,6,2,6,1,8,3,No,"Yes, failed",Considering it,At-risk
32,Male,Full-time employed,Asia,YouTube,1,2.0,29,Sometimes,3,Connection with friends,7.1,11,1,7,2,7,2,1,3,Yes,No,Considering it,Moderate
40,Female,Full-time employed,Asia,Reddit,4,3.2,18,Often,17,Passing time/boredom,7.4,13,1,9,1,9,6,5,2,No,"Yes, succeeded",No,Moderate
35,Male,Full-time employed,Africa,X/Twitter,6,3.9,107,Every night,14,Passing time/boredom,6.8,10,5,5,1,6,4,8,3,No,No,No,Moderate
17,Male,Full-time employed,Asia,Facebook,3,5.4,117,Often,6,News/information,6.5,16,1,9,6,4,6,6,4,No,No,No,Moderate
13,Female,Unemployed,Asia,LinkedIn,4,1.4,38,Sometimes,35,Work/career,7.1,8,0,6,6,10,3,4,2,No,No,Yes,Good
18,Male,Student,Latin America,YouTube,4,3.1,48,Every night,43,News/information,6.2,9,0,6,3,5,4,5,2,No,No,Considering it,Good
25,Female,Student,North America,YouTube,8,2.4,5,Often,29,Connection with friends,7.6,13,2,6,1,7,6,5,2,No,No,No,Moderate
13,Male,Student,Latin America,Facebook,3,1.9,7,Never,9,Connection with friends,7.7,8,8,7,2,6,7,6,2,No,"Yes, failed",No,Good
32,Female,Student,Asia,Facebook,7,1.8,27,Sometimes,13,Connection with friends,5.7,7,0,5,6,7,5,5,4,No,"Yes, succeeded",No,Good
24,Male,Unemployed,Latin America,YouTube,6,1.1,28,Every night,20,Passing time/boredom,8.0,13,0,9,5,5,4,6,1,No,No,Considering it,Moderate
28,Female,Full-time employed,Asia,Instagram,3,3.2,29,Every night,14,Entertainment,6.1,5,0,4,6,7,3,4,5,No,No,Considering it,Good
17,Male,Student,North America,Instagram,5,0.5,7,Often,6,Content creation,8.8,0,10,6,2,7,3,7,3,No,No,No,Moderate
13,Male,Unemployed,Europe,Instagram,2,4.0,30,Every night,6,Entertainment,6.5,10,1,5,5,5,5,3,2,No,No,Considering it,Moderate
43,Female,Full-time employed,Europe,Instagram,1,3.0,58,Never,18,Passing time/boredom,7.2,11,7,6,8,8,4,6,3,No,No,No,Moderate
13,Male,Full-time employed,North America,TikTok,3,6.5,54,Sometimes,41,Entertainment,6.9,17,1,6,5,2,7,6,3,No,No,No,At-risk
14,Female,Student,Europe,Facebook,4,10.8,60,Every night,17,News/information,4.8,24,0,4,9,4,8,10,1,No,"Yes, failed",No,At-risk
39,Female,Student,Asia,TikTok,2,4.3,178,Often,28,News/information,7.7,16,3,10,7,3,5,4,1,No,No,Considering it,Moderate
13,Female,Student,Europe,YouTube,2,1.4,5,Sometimes,14,Connection with friends,7.6,4,2,8,3,10,3,9,2,Yes,No,No,Good
25,Male,Full-time employed,Asia,Instagram,4,4.5,100,Sometimes,11,Entertainment,6.4,11,4,5,10,6,6,7,5,Yes,No,Yes,Moderate
46,Male,Self-employed,North America,Instagram,4,0.8,31,Sometimes,60,Entertainment,8.5,7,9,8,4,5,4,6,3,Yes,No,No,Good
21,Male,Full-time employed,North America,X/Twitter,1,1.3,22,Often,7,Content creation,6.9,13,0,9,5,8,8,7,3,Yes,No,No,Moderate
16,Female,Student,North America,Snapchat,5,4.8,93,Never,26,News/information,7.8,18,0,7,7,9,7,5,2,No,No,No,At-risk
29,Prefer not to say,Full-time employed,Europe,Instagram,2,1.4,34,Every night,25,Entertainment,6.7,14,8,5,6,9,7,6,3,Yes,No,Considering it,Moderate
27,Male,Full-time employed,Europe,TikTok,3,7.9,117,Often,29,Entertainment,5.4,20,0,6,5,5,8,7,3,Yes,No,No,At-risk
19,Male,Full-time employed,North America,X/Twitter,5,1.7,20,Every night,16,Connection with friends,6.8,5,6,9,1,6,1,4,4,No,No,No,Good
26,Female,Student,Asia,TikTok,1,4.3,54,Never,10,Connection with friends,6.4,12,9,4,2,8,10,2,3,Yes,"Yes, failed",No,Moderate
47,Female,Student,Europe,TikTok,1,2.3,87,Sometimes,6,Entertainment,6.8,9,4,8,8,6,5,5,4,No,No,No,Good
29,Prefer not to say,Full-time employed,Latin America,Facebook,3,4.4,126,Sometimes,26,Connection with friends,6.4,16,5,5,4,8,3,7,2,No,"Yes, succeeded",Considering it,Moderate
26,Female,Full-time employed,Africa,X/Twitter,1,2.7,84,Every night,12,Entertainment,7.3,10,0,6,6,4,2,5,3,No,No,Considering it,Moderate
18,Female,Full-time employed,North America,Snapchat,4,1.6,30,Every night,17,Connection with friends,6.5,6,4,6,6,9,5,4,4,No,"Yes, failed",Yes,Good
22,Male,Unemployed,Asia,TikTok,5,3.6,55,Sometimes,45,Connection with friends,7.4,7,3,7,5,7,2,7,2,No,No,Considering it,Good
41,Male,Self-employed,Asia,X/Twitter,3,1.4,7,Often,38,Connection with friends,6.9,5,4,9,2,8,3,4,4,No,No,No,Good
27,Female,Full-time employed,North America,Reddit,5,4.1,103,Sometimes,22,Passing time/boredom,6.9,10,0,6,6,5,6,8,2,Yes,"Yes, succeeded",No,Moderate
18,Female,Part-time employed,Asia,Snapchat,1,2.4,34,Often,21,Connection with friends,6.8,16,0,6,3,7,5,7,4,No,"Yes, failed",Considering it,Moderate
13,Non-binary,Full-time employed,Europe,LinkedIn,3,5.3,71,Often,11,Work/career,7.2,10,5,7,5,3,5,1,3,No,"Yes, succeeded",Yes,Moderate
23,Male,Part-time employed,Africa,Instagram,1,3.7,46,Sometimes,26,Passing time/boredom,7.4,13,11,5,2,8,4,5,2,No,No,No,Moderate
27,Female,Unemployed,Europe,TikTok,4,1.9,43,Often,4,Connection with friends,7.0,13,8,9,3,8,5,7,4,No,"Yes, succeeded",No,Moderate
27,Female,Self-employed,Asia,Reddit,3,3.7,60,Sometimes,41,Entertainment,8.2,10,2,7,7,7,4,6,3,No,"Yes, succeeded",No,Moderate
38,Female,Part-time employed,Asia,Instagram,3,4.1,44,Often,17,Work/career,5.8,12,0,8,2,9,7,2,2,No,No,No,Moderate
56,Female,Student,Europe,Instagram,4,3.0,27,Often,48,Entertainment,6.5,6,0,9,6,5,7,2,2,No,No,No,Good
26,Male,Student,Africa,Instagram,3,2.9,24,Every night,33,Work/career,6.0,15,8,7,6,7,4,5,4,No,"Yes, failed",No,Moderate
26,Female,Retired,North America,YouTube,4,3.4,36,Often,20,News/information,6.6,6,13,7,4,3,1,8,1,No,No,Yes,Moderate
13,Female,Student,North America,YouTube,6,4.2,99,Never,12,Work/career,6.6,9,3,7,3,5,1,4,3,No,No,No,Good
13,Male,Self-employed,North America,Snapchat,5,3.2,62,Often,21,Connection with friends,7.3,12,5,10,2,8,4,3,2,Yes,No,Yes,Moderate
18,Male,Part-time employed,Asia,Snapchat,1,2.1,12,Often,10,Connection with friends,5.9,4,0,8,7,9,7,2,3,No,"Yes, succeeded",Considering it,Good
26,Male,Part-time employed,Oceania,YouTube,3,2.6,44,Never,22,News/information,7.6,5,15,9,3,6,6,4,2,Yes,No,No,Moderate
45,Male,Self-employed,North America,TikTok,6,2.9,38,Often,7,Connection with friends,7.8,12,2,9,5,5,6,1,3,No,No,Yes,Moderate
50,Female,Part-time employed,North America,X/Twitter,3,3.2,42,Sometimes,10,Work/career,7.6,15,0,8,6,8,1,5,2,No,"Yes, succeeded",No,Moderate
28,Male,Full-time employed,North America,TikTok,2,3.1,23,Often,5,Passing time/boredom,7.4,12,1,9,1,6,3,8,3,No,"Yes, succeeded",No,Moderate
38,Male,Full-time employed,North America,Instagram,4,2.4,29,Often,4,Connection with friends,8.7,2,1,7,5,9,1,2,2,No,"Yes, succeeded",Yes,Good
30,Female,Full-time employed,North America,TikTok,4,1.6,39,Sometimes,19,Work/career,7.0,17,12,10,3,5,1,7,4,No,No,Yes,At-risk
32,Male,Part-time employed,Oceania,YouTube,6,1.0,25,Sometimes,25,Work/career,8.2,7,7,8,5,9,4,6,3,No,No,No,Good
35,Male,Full-time employed,Asia,Facebook,2,0.7,23,Sometimes,11,Passing time/boredom,7.2,12,10,10,3,6,1,5,4,Yes,"Yes, failed",Considering it,Moderate
25,Male,Full-time employed,Africa,Instagram,4,2.6,67,Often,22,Connection with friends,6.7,16,5,4,6,5,1,6,3,No,No,Considering it,Moderate
37,Male,Retired,Asia,Snapchat,4,4.2,103,Sometimes,19,Connection with friends,6.5,12,5,9,2,4,6,5,3,No,"Yes, succeeded",Yes,Moderate
35,Male,Student,North America,TikTok,4,3.9,52,Sometimes,6,Entertainment,6.2,17,5,6,7,9,6,4,2,No,"Yes, failed",No,At-risk
26,Female,Student,Asia,X/Twitter,2,3.2,67,Often,13,Entertainment,7.1,12,0,8,6,5,4,6,3,No,No,No,Moderate
32,Female,Self-employed,Asia,Instagram,2,3.7,35,Every night,9,Entertainment,5.5,19,7,8,5,5,4,7,2,No,"Yes, failed",Considering it,At-risk
37,Male,Retired,Europe,TikTok,5,2.9,78,Often,35,Entertainment,7.4,12,3,7,4,9,5,1,3,No,No,No,Moderate
36,Prefer not to say,Full-time employed,Europe,TikTok,6,2.7,145,Every night,23,Content creation,6.8,15,0,8,2,6,4,3,2,No,No,No,Moderate
39,Female,Part-time employed,Europe,TikTok,3,2.7,56,Sometimes,60,Work/career,8.2,1,14,6,4,6,6,5,2,No,"Yes, failed",Considering it,Moderate
29,Female,Student,Asia,YouTube,3,1.7,26,Sometimes,12,Passing time/boredom,6.4,9,6,6,1,5,2,8,2,No,No,No,Good
25,Male,Student,Latin America,TikTok,5,11.4,104,Sometimes,37,News/information,6.0,21,0,5,3,6,10,10,4,No,No,Considering it,At-risk
33,Male,Student,Asia,Instagram,4,2.4,40,Every night,20,News/information,5.3,11,2,6,2,5,3,4,3,No,"Yes, failed",Considering it,Moderate
29,Female,Full-time employed,Europe,Instagram,7,4.4,215,Often,5,Passing time/boredom,6.7,17,5,7,3,3,5,6,4,No,No,Considering it,At-risk
32,Female,Full-time employed,North America,X/Twitter,3,3.3,25,Sometimes,22,News/information,7.0,13,1,5,3,9,5,6,0,No,"Yes, failed",No,Moderate
39,Male,Unemployed,Latin America,Facebook,3,5.3,64,Sometimes,18,News/information,6.9,12,0,4,10,5,7,4,2,No,"Yes, succeeded",No,Moderate
48,Male,Part-time employed,Africa,X/Twitter,3,2.8,33,Often,2,Connection with friends,6.8,8,11,5,5,3,8,7,4,Yes,"Yes, failed",Considering it,Moderate
38,Male,Full-time employed,Asia,Instagram,8,3.4,101,Sometimes,15,Connection with friends,7.0,8,0,8,2,7,3,3,1,No,"Yes, failed",No,Good
45,Female,Unemployed,North America,TikTok,1,6.5,64,Sometimes,2,Content creation,6.1,13,1,8,5,4,6,8,2,No,No,Yes,Moderate
29,Male,Student,Asia,YouTube,6,1.4,44,Often,2,Work/career,8.0,11,12,7,5,6,1,3,4,No,"Yes, succeeded",No,Moderate
28,Non-binary,Full-time employed,Asia,Instagram,4,5.6,68,Sometimes,2,Passing time/boredom,6.2,18,3,5,3,7,4,5,4,No,No,No,At-risk
40,Male,Part-time employed,Latin America,YouTube,2,1.6,22,Sometimes,8,Connection with friends,8.0,5,3,7,2,4,4,7,3,Yes,"Yes, failed",No,Good
30,Female,Full-time employed,Latin America,Facebook,3,5.3,37,Sometimes,19,Content creation,6.7,16,2,6,6,4,5,6,2,No,"Yes, succeeded",No,Moderate
20,Female,Self-employed,Asia,Instagram,6,3.4,47,Every night,17,News/information,6.5,18,2,6,3,4,7,3,3,No,"Yes, succeeded",No,At-risk
13,Male,Student,North America,YouTube,1,2.0,18,Sometimes,28,Connection with friends,6.8,8,7,10,4,6,1,4,5,No,"Yes, succeeded",No,Good
35,Female,Self-employed,North America,Instagram,8,7.0,150,Often,12,Content creation,5.2,14,0,5,6,6,6,8,2,No,No,No,Moderate
22,Male,Full-time employed,Asia,Facebook,4,2.4,13,Never,7,Passing time/boredom,8.5,16,0,9,4,8,3,1,3,No,No,Yes,Moderate
40,Female,Self-employed,North America,YouTube,2,0.9,23,Sometimes,8,Entertainment,8.4,9,0,7,7,8,2,2,3,Yes,No,No,Good
13,Female,Full-time employed,Asia,Snapchat,6,1.0,22,Often,13,Passing time/boredom,7.5,6,11,10,2,9,1,6,4,No,No,No,Moderate
20,Female,Student,North America,TikTok,7,2.6,30,Often,13,Passing time/boredom,7.0,17,8,7,2,5,4,6,3,No,No,No,At-risk
39,Male,Part-time employed,North America,Instagram,3,3.3,50,Often,15,Connection with friends,5.4,4,11,6,5,6,5,10,2,No,"Yes, failed",No,Moderate
35,Female,Full-time employed,Europe,TikTok,3,2.8,56,Often,19,Connection with friends,6.0,16,6,6,2,7,4,3,1,No,No,Considering it,Moderate
31,Female,Student,North America,X/Twitter,5,3.0,32,Never,23,Connection with friends,9.2,7,4,6,3,2,3,2,3,No,"Yes, failed",No,Good
26,Male,Student,North America,Facebook,6,7.3,150,Sometimes,10,Passing time/boredom,6.0,17,0,8,8,3,7,6,5,No,No,Considering it,At-risk
23,Female,Full-time employed,North America,YouTube,3,3.3,55,Often,11,News/information,6.6,14,2,3,7,9,2,7,1,No,No,Yes,Moderate
52,Female,Full-time employed,Europe,Facebook,4,7.8,88,Sometimes,16,Passing time/boredom,6.7,14,0,6,6,5,9,5,2,No,No,No,Moderate
31,Female,Part-time employed,North America,TikTok,3,2.9,83,Never,16,Passing time/boredom,7.5,9,5,6,9,10,10,6,4,No,No,Yes,Good
31,Female,Student,Latin America,Instagram,2,4.4,40,Sometimes,26,News/information,7.4,10,4,6,6,6,3,6,2,No,No,No,Moderate
29,Female,Full-time employed,Latin America,Snapchat,4,0.9,9,Every night,14,Entertainment,7.8,5,5,4,8,8,1,4,5,No,"Yes, failed",Yes,Good
32,Female,Unemployed,North America,Instagram,4,2.3,82,Sometimes,19,News/information,7.6,1,3,8,4,7,9,5,3,No,No,No,Good
23,Female,Full-time employed,North America,Instagram,8,7.4,191,Sometimes,6,News/information,6.1,13,0,4,7,5,6,6,2,No,"Yes, succeeded",No,Moderate
38,Male,Full-time employed,Latin America,TikTok,3,2.4,49,Often,12,News/information,6.4,6,0,8,5,4,1,7,5,No,No,No,Good
19,Male,Student,North America,X/Twitter,1,4.2,113,Sometimes,6,News/information,8.3,14,0,7,5,1,5,5,3,No,"Yes, succeeded",Considering it,Moderate
28,Female,Part-time employed,North America,TikTok,2,5.6,40,Every night,62,Entertainment,5.8,26,2,6,6,7,6,4,1,No,No,No,At-risk
40,Male,Student,Europe,YouTube,3,4.0,120,Often,17,Work/career,7.5,14,2,6,1,4,8,7,3,No,"Yes, failed",Yes,Moderate
18,Male,Full-time employed,Europe,TikTok,3,3.0,105,Every night,15,Connection with friends,6.4,11,2,9,1,7,2,1,0,No,"Yes, succeeded",No,Moderate
24,Female,Part-time employed,Latin America,X/Twitter,3,5.0,83,Often,2,Connection with friends,6.4,14,3,6,8,8,4,8,3,Yes,"Yes, failed",Considering it,Moderate
36,Female,Unemployed,Africa,X/Twitter,5,3.4,100,Sometimes,2,News/information,7.8,9,4,6,7,7,5,4,5,No,"Yes, failed",Yes,Good
54,Male,Full-time employed,Asia,X/Twitter,4,2.6,32,Often,14,Connection with friends,8.0,11,0,9,7,9,5,5,2,Yes,"Yes, failed",No,Moderate
25,Male,Student,Europe,Instagram,1,2.8,108,Sometimes,18,Connection with friends,7.5,10,2,9,7,5,5,8,4,No,No,Yes,Moderate
29,Male,Unemployed,North America,Instagram,3,1.8,16,Sometimes,52,Entertainment,8.3,12,9,9,5,5,5,7,3,No,"Yes, failed",No,Moderate
22,Male,Unemployed,Asia,LinkedIn,5,5.8,147,Often,48,Connection with friends,4.4,17,7,6,3,7,5,2,4,Yes,"Yes, failed",Considering it,At-risk
40,Male,Student,Europe,TikTok,3,3.8,96,Sometimes,56,Entertainment,6.6,12,0,9,5,9,5,4,1,Yes,"Yes, failed",No,Moderate
15,Male,Full-time employed,Europe,YouTube,4,6.6,141,Sometimes,11,Entertainment,5.9,18,1,6,6,6,7,10,6,Yes,No,No,At-risk
36,Male,Self-employed,Europe,Snapchat,2,4.1,11,Every night,17,Entertainment,6.0,13,1,6,8,7,5,6,2,No,"Yes, succeeded",Considering it,Moderate
23,Female,Self-employed,North America,Facebook,5,2.6,44,Sometimes,17,Connection with friends,8.1,6,8,8,9,7,5,4,3,Yes,"Yes, failed",No,Good
13,Female,Self-employed,Europe,YouTube,1,5.9,45,Sometimes,9,Entertainment,5.6,11,5,6,5,5,4,5,3,No,No,Yes,Moderate
34,Male,Self-employed,Europe,X/Twitter,3,1.9,28,Never,12,Passing time/boredom,6.9,0,4,8,7,6,2,4,2,No,No,Yes,Good
13,Female,Full-time employed,Asia,YouTube,3,1.9,26,Sometimes,14,Entertainment,7.5,15,5,8,4,7,8,6,3,No,"Yes, failed",Yes,Moderate
31,Female,Full-time employed,Europe,TikTok,2,2.2,49,Every night,38,Connection with friends,7.7,11,0,10,1,6,2,7,2,No,"Yes, failed",No,Moderate
28,Male,Student,Africa,YouTube,1,3.9,41,Sometimes,16,Passing time/boredom,5.1,0,0,6,6,5,6,8,2,No,"Yes, failed",No,Good
36,Female,Part-time employed,Latin America,YouTube,1,1.5,66,Sometimes,37,Passing time/boredom,7.1,0,1,7,3,4,7,6,3,No,No,No,Good
16,Female,Part-time employed,North America,Instagram,3,2.0,19,Sometimes,21,Entertainment,7.6,9,0,6,4,8,5,3,1,Yes,"Yes, failed",Considering it,Good
30,Male,Unemployed,Africa,LinkedIn,3,2.8,60,Sometimes,31,Passing time/boredom,7.8,4,3,6,4,7,7,6,4,No,"Yes, failed",Yes,Good
33,Female,Student,Latin America,Instagram,6,7.7,106,Never,14,News/information,7.2,14,4,6,6,5,4,8,1,No,"Yes, succeeded",No,Moderate
39,Male,Unemployed,Asia,Instagram,5,4.7,51,Sometimes,28,Entertainment,6.7,12,3,4,4,4,5,6,2,Yes,No,No,Moderate
31,Male,Full-time employed,North America,X/Twitter,1,3.4,56,Sometimes,29,Passing time/boredom,7.7,4,0,8,3,4,2,7,4,Yes,No,No,Good
13,Male,Self-employed,North America,TikTok,2,3.2,45,Often,10,Work/career,7.7,11,2,7,7,5,4,4,2,No,"Yes, succeeded",No,Moderate
29,Female,Full-time employed,Europe,TikTok,3,3.8,74,Often,11,Entertainment,6.0,15,1,8,6,7,2,5,5,Yes,"Yes, failed",No,Moderate
46,Female,Student,Europe,Instagram,7,2.8,18,Sometimes,6,Entertainment,7.4,12,0,9,1,10,2,5,1,No,"Yes, succeeded",Yes,Moderate
19,Female,Full-time employed,Asia,Instagram,5,2.3,66,Often,66,Passing time/boredom,7.6,17,6,10,4,3,6,10,3,Yes,"Yes, failed",Considering it,At-risk
13,Male,Retired,Europe,Facebook,3,2.6,36,Every night,13,Work/career,6.7,10,0,6,4,5,5,4,6,No,"Yes, failed",No,Moderate
18,Female,Student,North America,Facebook,2,1.8,48,Sometimes,26,Entertainment,6.6,12,4,7,4,6,3,8,1,Yes,No,Yes,Moderate
13,Female,Student,North America,X/Twitter,2,4.0,72,Sometimes,35,Entertainment,6.8,18,6,5,6,4,5,4,4,No,"Yes, failed",No,At-risk
24,Male,Self-employed,North America,Instagram,4,4.7,89,Every night,4,Passing time/boredom,5.9,18,0,6,8,6,4,6,3,No,"Yes, succeeded",No,At-risk
38,Female,Student,North America,Instagram,2,1.4,13,Never,17,Connection with friends,7.2,1,3,10,6,10,7,4,4,No,No,No,Good
18,Male,Part-time employed,Asia,YouTube,3,4.7,27,Never,18,Entertainment,7.3,2,5,9,4,6,4,5,5,No,No,No,Good
16,Male,Self-employed,Latin America,TikTok,5,2.6,77,Every night,26,Entertainment,6.7,7,0,4,6,4,2,4,2,No,No,No,Good
17,Female,Part-time employed,Europe,Reddit,5,3.1,12,Every night,13,Entertainment,6.8,11,1,7,5,1,7,6,3,No,No,Yes,Moderate
26,Female,Full-time employed,Latin America,Instagram,2,2.1,39,Sometimes,38,Content creation,8.3,11,7,7,6,8,7,3,5,No,No,Yes,Moderate
35,Non-binary,Self-employed,Asia,X/Twitter,5,1.5,5,Sometimes,8,Entertainment,7.4,4,11,7,3,7,7,5,4,Yes,"Yes, succeeded",No,Moderate
36,Female,Part-time employed,Europe,Instagram,3,5.9,103,Every night,7,Entertainment,4.5,18,4,3,10,8,6,7,1,Yes,"Yes, failed",No,At-risk
29,Male,Full-time employed,Asia,X/Twitter,4,5.4,93,Every night,17,Passing time/boredom,6.7,22,2,9,7,5,1,6,0,No,"Yes, failed",No,At-risk
17,Male,Student,North America,YouTube,7,2.3,7,Every night,48,Entertainment,6.3,18,5,5,3,8,1,8,5,Yes,"Yes, failed",Considering it,At-risk
27,Male,Full-time employed,Asia,Instagram,4,1.8,45,Often,20,Connection with friends,7.3,10,5,7,5,10,2,5,3,Yes,No,No,Moderate
20,Male,Student,Europe,Instagram,1,4.3,70,Often,7,Entertainment,7.6,9,8,3,7,5,8,7,1,Yes,"Yes, failed",No,Good
33,Female,Full-time employed,Oceania,Instagram,5,6.2,20,Often,6,Connection with friends,4.9,16,7,4,5,5,8,7,0,Yes,"Yes, failed",Yes,Moderate
37,Female,Student,Latin America,TikTok,3,4.8,81,Never,12,Passing time/boredom,6.1,11,3,7,5,7,6,7,2,No,No,No,Moderate
24,Female,Self-employed,Asia,Instagram,5,3.1,46,Often,7,Entertainment,6.7,14,2,7,6,5,6,5,4,Yes,No,Considering it,Moderate
13,Female,Part-time employed,Europe,X/Twitter,8,2.9,75,Sometimes,28,Connection with friends,6.5,1,1,8,4,5,1,7,2,Yes,No,Considering it,Good
35,Female,Student,Europe,Reddit,2,5.1,67,Often,10,News/information,7.3,9,0,6,7,5,2,5,2,Yes,No,No,Good
26,Male,Student,Latin America,YouTube,3,7.1,194,Never,6,Entertainment,5.7,10,5,3,7,8,6,4,3,Yes,"Yes, failed",No,Moderate
18,Female,Unemployed,Asia,TikTok,7,2.1,65,Often,20,Passing time/boredom,6.4,9,7,6,5,7,4,5,1,No,No,Considering it,Good
27,Female,Student,Europe,YouTube,1,1.7,22,Sometimes,29,News/information,7.2,5,4,9,5,7,2,2,1,No,No,No,Good
31,Male,Full-time employed,North America,TikTok,2,1.5,47,Often,40,Entertainment,7.8,8,9,10,7,5,4,8,3,No,No,Considering it,Good
25,Male,Self-employed,Asia,YouTube,2,4.0,79,Sometimes,8,Work/career,7.1,9,2,6,3,10,6,5,3,Yes,No,No,Good
71,Male,Self-employed,Latin America,Instagram,1,2.6,29,Never,45,Entertainment,7.4,14,7,8,5,8,5,8,2,Yes,"Yes, succeeded",Considering it,Moderate
39,Male,Student,Europe,TikTok,3,1.6,27,Never,35,Entertainment,8.9,9,8,7,5,8,4,3,5,No,No,No,Good
24,Male,Part-time employed,Europe,YouTube,5,2.6,89,Sometimes,11,Entertainment,7.4,14,2,7,4,5,3,6,2,No,No,No,Moderate
34,Male,Self-employed,North America,TikTok,4,3.0,23,Sometimes,67,Entertainment,6.8,13,5,4,5,3,4,6,3,No,"Yes, succeeded",Yes,Moderate
35,Female,Student,Europe,Instagram,6,1.0,5,Sometimes,11,News/information,7.5,3,5,8,4,4,1,4,2,No,No,No,Good
28,Male,Self-employed,Europe,Instagram,6,4.8,82,Often,7,News/information,6.9,12,0,9,4,4,6,10,2,Yes,No,No,Moderate
13,Female,Self-employed,Latin America,X/Twitter,5,4.7,64,Never,11,Content creation,6.8,18,2,5,2,5,6,8,2,Yes,No,Yes,At-risk
20,Female,Student,Europe,YouTube,2,2.7,53,Never,7,Connection with friends,8.2,8,4,6,3,6,4,3,3,Yes,"Yes, failed",Considering it,Good
34,Female,Student,Asia,Instagram,8,5.0,94,Every night,6,Entertainment,6.1,25,0,6,5,8,4,7,5,No,"Yes, failed",No,At-risk
38,Female,Full-time employed,North America,YouTube,4,1.6,76,Often,49,Work/career,7.0,13,0,10,4,6,4,1,2,No,No,Considering it,Moderate
39,Male,Full-time employed,Latin America,Snapchat,5,3.9,228,Sometimes,7,Passing time/boredom,7.3,8,5,7,5,3,4,5,3,No,"Yes, succeeded",Considering it,Good
29,Female,Self-employed,Europe,Snapchat,1,7.2,68,Often,10,News/information,5.1,16,0,5,4,2,7,4,2,Yes,"Yes, failed",No,Moderate
27,Male,Part-time employed,Asia,Instagram,5,1.6,11,Never,9,Entertainment,7.8,8,7,10,3,4,3,4,3,Yes,No,Considering it,Good
48,Female,Full-time employed,North America,Instagram,2,0.8,9,Every night,15,Entertainment,7.1,4,3,9,3,8,2,2,3,Yes,No,No,Good
23,Male,Retired,North America,Instagram,5,5.5,77,Often,14,Connection with friends,6.1,24,1,6,7,5,6,4,1,No,No,No,At-risk
14,Male,Student,Asia,Facebook,1,2.9,36,Every night,11,News/information,4.6,9,3,8,1,7,4,5,2,No,"Yes, succeeded",No,Good
28,Male,Part-time employed,Asia,Instagram,1,3.8,39,Sometimes,18,Content creation,6.7,7,3,6,8,6,3,6,5,Yes,"Yes, failed",Considering it,Good
30,Male,Student,North America,Facebook,1,3.4,126,Every night,5,Entertainment,6.0,10,3,7,5,4,5,6,2,Yes,No,No,Moderate
27,Female,Student,Asia,Facebook,2,2.6,50,Every night,32,News/information,6.2,18,0,9,4,9,2,7,3,No,"Yes, succeeded",No,At-risk
20,Male,Student,Europe,X/Twitter,5,2.3,17,Often,19,News/information,7.1,7,7,6,6,7,9,6,1,No,"Yes, succeeded",No,Good
29,Female,Student,Latin America,TikTok,4,4.6,121,Every night,11,News/information,6.3,17,0,9,5,6,4,10,3,Yes,"Yes, failed",Considering it,At-risk
24,Male,Full-time employed,Asia,Instagram,4,2.6,34,Sometimes,41,Connection with friends,6.7,7,4,6,2,3,8,10,1,Yes,"Yes, failed",No,Good
47,Female,Student,North America,YouTube,7,6.2,322,Never,8,Passing time/boredom,6.9,9,0,5,7,3,5,7,3,No,"Yes, failed",No,Good
25,Non-binary,Part-time employed,Europe,Snapchat,3,4.2,67,Never,13,Passing time/boredom,8.6,0,0,7,5,7,1,7,3,No,No,No,Good
30,Male,Student,Europe,TikTok,4,6.1,149,Never,17,News/information,7.3,9,0,6,6,8,5,8,3,No,No,No,Good
13,Male,Student,North America,Reddit,4,4.5,119,Often,33,News/information,5.5,11,2,8,6,4,5,3,5,No,"Yes, failed",Considering it,Moderate
29,Male,Full-time employed,Asia,Snapchat,4,1.9,25,Every night,32,Passing time/boredom,6.0,12,4,5,4,7,4,7,0,Yes,"Yes, succeeded",No,Moderate
23,Male,Student,Europe,Snapchat,5,1.6,5,Often,3,Entertainment,7.7,6,10,8,3,9,4,5,3,No,"Yes, succeeded",No,Moderate
21,Male,Retired,North America,Facebook,4,2.8,47,Often,32,Entertainment,7.8,12,4,8,5,3,4,8,3,Yes,"Yes, failed",No,Moderate
38,Male,Self-employed,Asia,TikTok,5,3.8,65,Sometimes,16,Work/career,7.4,3,2,4,6,9,6,8,3,No,No,No,Good
36,Male,Student,Asia,TikTok,5,4.7,71,Never,43,News/information,7.9,5,3,10,10,4,4,6,3,No,No,No,Good
24,Female,Student,Asia,Facebook,3,2.7,27,Every night,12,Passing time/boredom,5.8,11,9,6,6,10,4,4,4,No,No,Considering it,Moderate
45,Female,Student,Latin America,YouTube,3,2.1,35,Every night,6,Connection with friends,6.9,9,1,10,2,7,8,8,2,No,"Yes, failed",No,Good
42,Female,Full-time employed,Asia,Instagram,3,6.6,69,Never,22,Entertainment,6.7,18,0,8,10,5,7,8,3,No,No,Considering it,At-risk
48,Female,Student,North America,YouTube,2,3.2,94,Sometimes,31,Work/career,7.8,5,0,10,5,10,3,9,4,No,"Yes, succeeded",No,Good
21,Prefer not to say,Student,Asia,X/Twitter,3,3.6,76,Every night,20,News/information,6.7,13,0,8,4,7,5,8,2,No,No,Yes,Moderate
15,Female,Unemployed,Africa,YouTube,5,0.5,7,Sometimes,9,Connection with friends,8.0,9,7,6,2,9,4,1,2,No,No,Yes,Good
29,Female,Student,Latin America,YouTube,3,3.1,7,Sometimes,13,Work/career,6.7,12,0,6,6,6,4,2,5,No,No,No,Moderate
28,Prefer not to say,Full-time employed,North America,Instagram,1,6.1,64,Often,16,Content creation,6.4,16,0,4,5,2,3,7,3,No,"Yes, failed",No,Moderate
31,Male,Student,Europe,YouTube,2,1.3,8,Never,19,Entertainment,8.4,7,13,10,9,5,2,6,3,No,No,Considering it,Moderate
22,Non-binary,Full-time employed,Latin America,YouTube,4,7.1,32,Often,7,Entertainment,6.1,12,8,7,6,5,6,9,5,No,No,No,Moderate
20,Prefer not to say,Student,North America,LinkedIn,4,3.6,51,Often,20,Work/career,6.4,7,2,7,3,6,7,8,4,Yes,No,No,Good
38,Male,Student,Europe,YouTube,4,5.6,142,Never,12,Entertainment,6.5,19,6,7,4,7,5,10,4,No,No,No,At-risk
41,Prefer not to say,Student,Europe,YouTube,6,1.7,22,Never,6,Entertainment,7.7,11,8,10,5,5,1,3,1,Yes,No,No,Moderate
34,Male,Student,Latin America,TikTok,4,2.3,76,Never,18,News/information,8.1,3,5,9,3,7,2,2,2,Yes,No,No,Good
23,Female,Full-time employed,Europe,Instagram,4,1.0,10,Often,24,Passing time/boredom,9.1,13,11,10,6,8,3,1,3,Yes,No,No,Moderate
16,Male,Self-employed,Oceania,Instagram,4,3.8,54,Sometimes,27,News/information,7.7,4,0,9,3,5,7,6,3,Yes,No,Yes,Good
37,Male,Student,Latin America,Instagram,6,2.8,79,Often,49,Entertainment,6.9,8,5,5,8,4,6,5,2,No,No,No,Good
40,Female,Student,Latin America,Snapchat,5,3.2,82,Sometimes,41,Entertainment,6.0,10,3,7,1,5,4,7,3,No,No,No,Moderate
13,Male,Student,North America,TikTok,4,2.2,15,Never,52,Content creation,7.2,7,4,10,4,6,5,1,3,No,"Yes, failed",Yes,Good
33,Female,Student,Europe,YouTube,3,0.8,18,Never,41,Connection with friends,7.5,10,11,6,6,6,5,5,6,No,"Yes, failed",Considering it,Moderate
13,Non-binary,Student,Oceania,Instagram,2,7.1,199,Never,26,Work/career,7.0,17,0,8,8,5,4,7,2,Yes,No,Yes,At-risk
48,Female,Student,Asia,Instagram,2,1.3,18,Often,69,Content creation,6.8,10,6,3,4,4,2,6,3,Yes,No,No,Moderate
29,Female,Self-employed,Europe,X/Twitter,6,1.9,26,Sometimes,28,Entertainment,7.9,8,3,9,5,5,5,3,3,Yes,No,Yes,Good
36,Female,Student,Asia,Instagram,7,5.0,70,Every night,10,Entertainment,6.7,20,0,8,5,4,6,6,3,No,"Yes, failed",Yes,At-risk
30,Male,Self-employed,Oceania,TikTok,4,0.8,11,Sometimes,22,Entertainment,7.7,4,7,9,1,4,4,2,3,Yes,"Yes, succeeded",No,Good
26,Male,Unemployed,North America,Instagram,6,1.6,37,Often,5,Entertainment,6.9,14,3,6,4,7,6,6,2,Yes,No,No,Moderate
21,Male,Student,North America,Instagram,2,3.8,142,Often,14,Connection with friends,7.7,12,4,5,5,4,8,7,3,Yes,No,No,Moderate
33,Female,Unemployed,Asia,X/Twitter,1,2.0,50,Sometimes,34,Passing time/boredom,7.3,15,0,6,5,6,6,5,6,No,No,No,Moderate
32,Male,Full-time employed,Asia,Instagram,4,3.3,20,Sometimes,1,Connection with friends,7.0,8,6,8,4,5,6,9,3,Yes,No,Yes,Good
14,Male,Student,North America,Facebook,3,5.2,138,Sometimes,31,Entertainment,6.5,11,10,6,6,6,6,9,3,Yes,"Yes, failed",No,Moderate
34,Prefer not to say,Part-time employed,Asia,TikTok,2,1.0,10,Sometimes,2,Connection with friends,8.7,4,0,7,7,7,3,2,5,Yes,"Yes, failed",No,Good
34,Female,Student,Europe,TikTok,4,3.7,219,Sometimes,14,Passing time/boredom,7.5,8,0,8,6,7,4,7,3,Yes,"Yes, failed",No,Good
13,Male,Full-time employed,Europe,Facebook,4,0.9,8,Sometimes,13,Connection with friends,8.1,1,12,8,1,10,2,6,2,Yes,"Yes, succeeded",Yes,Moderate
55,Female,Student,Oceania,Reddit,2,4.1,67,Sometimes,35,Passing time/boredom,8.1,9,0,5,3,6,5,7,1,No,No,Considering it,Good
26,Male,Student,Asia,X/Twitter,5,3.4,35,Every night,51,Passing time/boredom,7.4,11,0,8,7,3,6,2,3,No,"Yes, succeeded",No,Moderate
22,Female,Student,Asia,YouTube,3,1.1,5,Never,30,News/information,7.9,5,0,9,7,8,1,7,5,No,No,Yes,Good
23,Female,Self-employed,Europe,Instagram,5,1.9,42,Often,1,Passing time/boredom,7.0,17,2,8,3,7,2,5,3,No,No,Yes,At-risk
23,Male,Full-time employed,Asia,YouTube,5,2.1,34,Sometimes,12,Entertainment,6.9,8,3,7,8,8,5,4,5,Yes,"Yes, succeeded",No,Good
31,Male,Full-time employed,Asia,TikTok,2,0.7,6,Often,9,Connection with friends,7.5,9,2,10,5,4,4,5,3,Yes,No,Considering it,Good
44,Male,Student,North America,X/Twitter,1,1.0,25,Often,20,Content creation,8.3,12,7,9,1,6,2,5,3,No,No,Yes,Moderate
33,Female,Full-time employed,North America,YouTube,1,5.6,87,Never,17,Entertainment,7.3,8,0,6,8,6,5,6,3,No,No,No,Good
14,Male,Full-time employed,Oceania,TikTok,1,3.7,131,Every night,24,Entertainment,5.6,15,2,7,1,4,5,1,1,No,No,Considering it,Moderate
20,Female,Student,Latin America,LinkedIn,5,1.9,36,Every night,36,News/information,5.0,0,0,5,4,3,1,4,5,No,"Yes, failed",No,Good
40,Male,Student,Asia,YouTube,6,1.9,82,Sometimes,10,Entertainment,8.2,9,12,9,6,7,1,7,1,Yes,"Yes, failed",No,Moderate
43,Male,Unemployed,Oceania,Snapchat,5,1.7,10,Sometimes,34,Entertainment,8.1,16,10,6,3,6,4,3,3,Yes,No,No,Moderate
26,Female,Student,Europe,YouTube,4,2.1,18,Often,38,Passing time/boredom,6.5,7,2,10,3,8,2,3,4,Yes,"Yes, failed",Considering it,Good
22,Male,Self-employed,Asia,X/Twitter,2,4.8,137,Often,48,News/information,5.6,12,2,9,5,5,8,5,2,No,No,No,Moderate
25,Female,Unemployed,Africa,TikTok,2,2.9,48,Often,13,Connection with friends,8.2,15,4,6,5,4,3,8,2,No,"Yes, succeeded",Yes,Moderate
13,Non-binary,Self-employed,North America,YouTube,4,7.7,138,Often,16,Work/career,5.3,24,0,6,8,4,8,9,1,No,"Yes, failed",Yes,At-risk
43,Female,Full-time employed,Asia,YouTube,3,1.9,23,Often,64,News/information,8.3,14,0,7,5,6,2,3,4,No,"Yes, failed",No,Moderate
40,Male,Full-time employed,Europe,Reddit,1,3.5,59,Every night,28,Connection with friends,8.4,15,10,5,5,9,3,6,4,No,"Yes, failed",No,Moderate
20,Female,Student,Europe,X/Twitter,1,1.1,13,Sometimes,35,Content creation,8.4,11,8,4,7,7,1,4,3,Yes,"Yes, failed",Yes,Moderate
45,Non-binary,Student,Africa,YouTube,3,1.6,7,Often,3,News/information,6.7,4,7,7,2,5,4,5,4,No,No,No,Good
33,Non-binary,Student,Asia,YouTube,6,0.5,9,Sometimes,13,Passing time/boredom,7.4,2,5,7,6,10,1,6,3,No,"Yes, failed",No,Good
24,Female,Self-employed,Asia,Snapchat,1,3.3,60,Never,3,Passing time/boredom,8.3,16,3,7,6,4,8,9,1,No,"Yes, failed",Considering it,Moderate
25,Female,Full-time employed,Latin America,YouTube,4,1.2,23,Often,35,Entertainment,6.6,7,6,4,1,7,1,4,1,No,No,Considering it,Good
24,Non-binary,Part-time employed,Europe,Instagram,3,0.8,10,Sometimes,5,Passing time/boredom,8.3,8,0,5,6,2,2,3,1,No,"Yes, failed",No,Good
18,Prefer not to say,Full-time employed,Asia,TikTok,1,2.9,28,Every night,4,Entertainment,6.2,8,6,6,6,6,6,6,3,No,No,Yes,Good
33,Non-binary,Unemployed,North America,Instagram,4,10.5,94,Never,34,Entertainment,5.1,20,0,4,7,1,8,8,3,No,No,No,At-risk
26,Female,Student,Asia,LinkedIn,2,3.2,128,Never,16,Entertainment,7.8,13,1,6,6,6,5,5,3,No,No,No,Moderate
14,Male,Student,North America,X/Twitter,4,1.6,8,Sometimes,41,Passing time/boredom,7.4,11,0,6,4,6,1,6,4,Yes,No,No,Moderate
13,Female,Part-time employed,Europe,TikTok,5,4.6,77,Never,37,Entertainment,8.0,14,2,6,5,7,6,4,3,No,No,No,Moderate
22,Female,Part-time employed,Europe,Facebook,2,10.8,26,Sometimes,32,Work/career,5.5,21,0,5,9,4,8,8,5,No,No,Considering it,At-risk
35,Female,Self-employed,Asia,TikTok,3,4.7,65,Every night,74,Entertainment,7.2,10,0,7,10,4,6,6,1,No,No,Considering it,Moderate
15,Female,Self-employed,Europe,YouTube,1,7.7,91,Sometimes,7,Connection with friends,6.8,13,0,5,4,6,5,8,4,No,"Yes, failed",Yes,Moderate
31,Female,Student,Latin America,TikTok,3,4.0,93,Sometimes,19,Entertainment,6.5,21,1,5,5,8,4,4,1,Yes,No,No,At-risk
32,Male,Full-time employed,Europe,YouTube,3,3.3,56,Every night,17,Entertainment,7.6,17,7,7,7,7,4,6,4,No,No,No,At-risk
27,Male,Student,Asia,Instagram,1,1.9,22,Every night,13,Connection with friends,6.5,12,0,8,3,8,2,4,3,No,No,No,Moderate
48,Male,Student,Europe,YouTube,2,1.6,5,Often,28,Entertainment,7.0,8,5,5,2,2,2,3,2,No,"Yes, failed",Considering it,Good
27,Male,Part-time employed,North America,X/Twitter,1,0.8,11,Every night,5,Passing time/boredom,7.1,7,4,7,1,6,5,1,2,Yes,No,Yes,Good
23,Female,Full-time employed,Asia,YouTube,6,2.7,34,Often,11,Passing time/boredom,7.6,7,8,8,1,7,3,8,2,No,"Yes, failed",Considering it,Good
29,Female,Full-time employed,Asia,Facebook,3,7.7,207,Never,27,Entertainment,5.6,18,3,4,6,3,7,10,3,No,No,Yes,At-risk
42,Male,Student,Asia,LinkedIn,1,0.9,5,Sometimes,14,Entertainment,6.7,15,1,8,5,6,6,2,3,No,No,Considering it,Moderate
19,Female,Student,Asia,Snapchat,6,1.3,36,Often,10,Entertainment,7.0,11,9,10,4,6,5,4,5,No,"Yes, failed",No,Moderate
43,Female,Self-employed,North America,Snapchat,4,0.4,5,Every night,22,Work/career,6.8,10,0,7,2,9,1,4,1,Yes,"Yes, succeeded",No,Moderate
42,Female,Student,Europe,X/Twitter,6,5.9,179,Sometimes,11,Entertainment,6.6,19,3,8,6,8,3,9,2,No,"Yes, failed",No,At-risk
28,Male,Part-time employed,Asia,TikTok,3,4.6,41,Sometimes,30,Connection with friends,8.5,22,1,6,6,2,7,4,3,Yes,"Yes, failed",Considering it,At-risk
23,Male,Student,Asia,Reddit,2,1.2,7,Sometimes,8,Connection with friends,7.8,8,4,10,1,7,2,3,3,No,"Yes, failed",No,Good
30,Male,Part-time employed,North America,X/Twitter,3,4.8,144,Sometimes,33,Entertainment,7.9,15,8,6,3,5,5,9,5,Yes,No,No,Moderate
34,Female,Student,Asia,YouTube,2,2.1,111,Every night,8,Entertainment,6.4,15,0,10,2,7,6,6,5,No,No,Yes,Moderate
32,Female,Student,North America,YouTube,6,2.3,16,Every night,13,News/information,6.3,13,0,5,7,7,5,8,2,No,No,Considering it,Moderate
37,Male,Student,North America,TikTok,3,1.0,13,Never,13,Passing time/boredom,7.8,8,7,9,7,10,1,6,4,Yes,No,Yes,Good
53,Prefer not to say,Retired,Europe,X/Twitter,6,3.3,142,Never,27,Passing time/boredom,7.1,12,0,8,8,2,6,7,4,No,"Yes, failed",No,Moderate
25,Male,Full-time employed,Europe,LinkedIn,4,3.6,26,Often,22,Entertainment,7.3,9,4,8,2,6,2,5,3,No,No,No,Good
30,Female,Unemployed,Europe,Facebook,4,2.0,75,Every night,28,Entertainment,7.5,9,0,7,6,6,4,4,2,No,"Yes, failed",No,Good
23,Female,Student,Europe,TikTok,4,8.3,80,Sometimes,14,Entertainment,7.0,8,1,7,7,5,7,7,2,Yes,"Yes, failed",Considering it,Good
18,Male,Student,Asia,YouTube,7,5.0,95,Every night,10,Entertainment,5.1,16,0,6,4,5,7,6,5,No,"Yes, failed",No,Moderate
32,Female,Student,Europe,YouTube,5,6.4,256,Sometimes,23,Work/career,7.0,17,3,6,6,6,9,6,1,Yes,"Yes, failed",No,At-risk
26,Female,Full-time employed,Europe,YouTube,3,5.8,81,Often,36,Entertainment,7.1,16,5,8,3,8,7,7,4,Yes,No,No,Moderate
34,Male,Full-time employed,Asia,Reddit,2,4.6,113,Often,12,Connection with friends,5.5,17,0,7,9,5,6,5,3,No,"Yes, failed",No,At-risk
13,Female,Student,Europe,Instagram,5,4.2,30,Every night,14,Connection with friends,6.9,16,2,5,2,7,5,7,3,No,No,Considering it,Moderate
34,Female,Full-time employed,Asia,Snapchat,3,2.2,71,Every night,14,Content creation,6.3,11,8,5,3,5,6,4,4,No,"Yes, failed",No,Moderate
35,Female,Full-time employed,Europe,TikTok,5,1.6,14,Every night,33,Entertainment,7.4,7,7,7,2,5,3,6,1,Yes,No,Considering it,Good
18,Male,Student,Europe,Reddit,3,3.4,33,Often,33,Connection with friends,7.1,9,1,7,6,7,5,7,2,Yes,No,Yes,Good
36,Male,Student,Oceania,Instagram,4,5.1,43,Never,3,Connection with friends,7.3,9,0,7,3,3,7,8,3,No,"Yes, failed",Considering it,Good
26,Non-binary,Student,Europe,Reddit,3,2.6,47,Sometimes,7,News/information,7.7,10,9,7,6,8,4,7,4,No,No,No,Moderate
22,Female,Student,Africa,TikTok,5,4.2,58,Every night,21,Work/career,6.3,14,5,6,4,7,8,2,3,Yes,"Yes, succeeded",No,Moderate
13,Female,Full-time employed,North America,TikTok,1,1.5,26,Often,22,Entertainment,7.5,6,0,9,5,4,7,4,3,No,No,No,Good
27,Female,Full-time employed,Europe,TikTok,3,0.6,17,Often,30,News/information,7.8,10,11,7,6,4,3,4,3,No,"Yes, failed",Yes,Moderate
28,Male,Part-time employed,North America,TikTok,4,1.6,19,Sometimes,7,Entertainment,7.4,8,6,8,5,4,3,5,2,Yes,No,Considering it,Good
32,Female,Student,North America,TikTok,2,9.2,35,Never,80,Connection with friends,6.7,16,0,7,10,6,7,6,5,No,No,Yes,Moderate
23,Female,Student,Europe,LinkedIn,5,2.4,21,Every night,18,Work/career,5.5,12,4,8,4,3,5,4,2,No,"Yes, succeeded",Yes,Moderate
13,Male,Student,Europe,Reddit,5,3.3,17,Sometimes,56,Entertainment,7.2,16,4,5,4,5,5,5,3,No,"Yes, failed",No,Moderate
22,Female,Student,North America,YouTube,3,2.0,35,Never,17,Connection with friends,7.4,14,0,7,4,7,1,2,3,Yes,"Yes, succeeded",Considering it,Moderate
47,Male,Student,North America,Instagram,1,3.5,102,Sometimes,21,News/information,7.0,9,6,6,2,6,5,2,3,No,"Yes, failed",No,Good
54,Female,Student,North America,X/Twitter,3,2.8,77,Sometimes,25,Entertainment,7.1,9,3,5,5,7,5,5,0,No,"Yes, succeeded",No,Good
41,Male,Student,Asia,Instagram,7,3.1,59,Often,23,Entertainment,7.4,13,13,7,6,9,5,6,3,No,"Yes, failed",No,Moderate
32,Female,Student,Latin America,TikTok,2,3.7,48,Every night,14,Work/career,6.4,11,8,4,6,6,4,6,3,Yes,"Yes, succeeded",Yes,Moderate
28,Female,Student,North America,TikTok,3,6.4,122,Every night,29,Passing time/boredom,6.0,24,0,8,9,7,5,9,2,No,"Yes, failed",No,At-risk
32,Male,Unemployed,Europe,Reddit,4,3.1,115,Every night,16,Passing time/boredom,7.3,14,3,5,8,5,6,3,4,Yes,No,Considering it,Moderate
19,Female,Full-time employed,Asia,YouTube,7,1.7,56,Never,13,Passing time/boredom,7.8,15,5,7,2,7,3,5,6,No,"Yes, failed",Yes,Moderate
24,Female,Full-time employed,Europe,Instagram,2,5.5,118,Often,35,Entertainment,5.6,7,6,7,7,8,7,7,5,No,No,No,Good
35,Female,Student,Europe,Instagram,2,4.8,92,Never,18,Entertainment,7.9,15,0,8,5,2,9,3,3,No,No,Considering it,Moderate
18,Female,Student,North America,Snapchat,1,1.0,5,Never,15,News/information,8.4,0,12,10,2,4,3,5,4,No,"Yes, failed",Considering it,Moderate
36,Female,Self-employed,North America,YouTube,2,1.5,84,Often,14,Entertainment,6.6,12,1,10,4,6,7,6,2,No,No,Yes,Moderate
43,Male,Full-time employed,Europe,Instagram,2,4.7,53,Sometimes,40,Entertainment,6.9,9,6,7,3,7,7,7,3,No,"Yes, failed",No,Good
48,Male,Student,Latin America,LinkedIn,5,7.0,159,Sometimes,6,News/information,6.7,27,3,7,6,5,4,6,5,Yes,No,Considering it,At-risk
13,Male,Part-time employed,Asia,YouTube,3,4.2,14,Often,25,Entertainment,6.4,11,7,4,9,5,7,3,5,No,No,No,Moderate
29,Male,Student,Asia,Instagram,5,3.9,73,Sometimes,21,Entertainment,6.9,6,5,6,2,4,8,5,1,No,No,Yes,Good
33,Female,Part-time employed,Latin America,YouTube,3,0.9,30,Often,23,Entertainment,6.6,9,5,10,3,6,3,10,3,No,"Yes, failed",No,Good
27,Female,Full-time employed,North America,Facebook,2,6.0,165,Often,43,Work/career,6.2,9,0,8,3,2,10,4,6,Yes,No,No,Good
40,Male,Self-employed,Latin America,Instagram,3,1.1,18,Never,33,Connection with friends,8.2,7,1,9,5,6,4,6,3,No,"Yes, failed",No,Good
24,Male,Self-employed,Latin America,Instagram,4,2.5,36,Sometimes,17,Connection with friends,7.6,9,8,10,6,6,5,2,3,No,No,No,Good
20,Female,Student,Europe,Instagram,6,2.5,67,Sometimes,3,Entertainment,8.7,16,9,10,4,8,4,6,3,No,"Yes, failed",No,Moderate
13,Female,Full-time employed,Latin America,Snapchat,2,2.9,24,Sometimes,16,Connection with friends,7.8,11,6,7,5,5,1,6,2,Yes,"Yes, failed",No,Moderate
40,Male,Part-time employed,North America,TikTok,4,4.6,156,Never,23,Connection with friends,7.5,12,10,8,5,10,5,6,3,Yes,No,No,Moderate
31,Male,Student,North America,Instagram,3,2.2,12,Every night,18,Connection with friends,6.7,14,0,8,1,1,4,6,2,No,"Yes, failed",No,Moderate
22,Male,Full-time employed,North America,X/Twitter,3,2.2,51,Every night,23,Entertainment,6.0,10,7,8,5,8,5,4,2,Yes,"Yes, failed",Yes,Moderate
48,Male,Student,Europe,Reddit,3,1.5,22,Often,6,Entertainment,7.0,8,8,7,3,6,3,4,1,Yes,No,No,Good
33,Male,Full-time employed,Asia,YouTube,2,1.9,43,Sometimes,11,Passing time/boredom,6.9,9,0,10,7,5,2,5,2,Yes,No,No,Good
38,Female,Student,Asia,TikTok,4,6.6,94,Sometimes,14,Entertainment,6.3,17,5,4,6,7,9,7,3,Yes,No,Yes,At-risk
29,Male,Full-time employed,North America,X/Twitter,7,2.7,28,Sometimes,26,Connection with friends,8.3,16,4,6,3,9,3,6,3,Yes,"Yes, failed",No,Moderate
16,Male,Full-time employed,North America,Snapchat,1,5.2,99,Never,9,Entertainment,7.5,11,0,6,5,4,3,6,0,Yes,No,No,Moderate
30,Male,Student,North America,Snapchat,4,1.3,5,Often,26,News/information,7.6,7,5,7,7,5,4,5,3,No,No,No,Good
25,Female,Student,Europe,Instagram,2,1.1,9,Sometimes,21,Passing time/boredom,6.4,9,8,9,5,8,3,5,1,No,No,No,Good
30,Male,Full-time employed,Europe,YouTube,4,2.1,56,Sometimes,72,News/information,7.5,10,0,8,5,7,2,2,2,Yes,No,No,Moderate
29,Female,Full-time employed,North America,Instagram,1,2.1,44,Sometimes,8,Connection with friends,6.6,7,4,9,7,8,6,5,4,No,"Yes, failed",Considering it,Good
13,Male,Part-time employed,Asia,Reddit,5,3.6,30,Sometimes,2,Entertainment,6.8,11,5,10,5,8,3,9,3,Yes,"Yes, failed",Yes,Moderate
40,Male,Self-employed,Asia,YouTube,6,2.0,19,Often,31,News/information,7.0,12,1,7,5,7,8,7,4,No,No,No,Moderate
27,Female,Student,Asia,TikTok,7,3.0,50,Sometimes,7,Connection with friends,5.9,12,4,6,2,9,2,4,3,No,No,Considering it,Moderate
13,Female,Student,Europe,Instagram,6,0.6,14,Sometimes,8,News/information,8.5,9,3,8,4,4,5,8,1,Yes,No,Yes,Good
16,Male,Student,Asia,YouTube,1,0.9,25,Never,3,Connection with friends,8.0,5,8,7,7,6,4,1,4,Yes,"Yes, succeeded",No,Good
32,Prefer not to say,Student,Asia,TikTok,4,1.6,5,Sometimes,4,Entertainment,7.6,2,0,8,7,6,1,5,3,No,"Yes, succeeded",Yes,Good
33,Male,Student,Asia,Snapchat,3,2.1,28,Never,24,Entertainment,7.4,3,9,7,5,6,7,5,2,Yes,"Yes, failed",No,Good
25,Male,Unemployed,Europe,LinkedIn,4,3.3,47,Never,7,Connection with friends,7.5,18,3,6,6,7,4,7,3,Yes,"Yes, failed",Considering it,At-risk
29,Male,Full-time employed,Africa,Instagram,3,1.1,19,Sometimes,23,Entertainment,6.6,15,11,10,1,6,2,2,4,No,No,No,Moderate
15,Female,Part-time employed,Latin America,Facebook,1,1.5,27,Never,10,Content creation,7.4,2,8,4,4,6,1,5,3,Yes,"Yes, failed",No,Good
28,Female,Self-employed,Africa,Snapchat,4,4.3,40,Often,4,Entertainment,7.1,15,0,8,5,3,5,10,4,No,"Yes, succeeded",No,Moderate
32,Female,Self-employed,Latin America,TikTok,4,1.7,58,Never,2,Work/career,8.7,6,8,8,2,6,4,5,3,No,"Yes, failed",No,Good
19,Female,Full-time employed,Asia,TikTok,5,4.9,167,Often,8,Entertainment,6.4,12,0,7,7,1,5,6,3,Yes,No,No,Moderate
13,Prefer not to say,Unemployed,Europe,TikTok,4,3.1,34,Sometimes,35,News/information,7.2,15,3,7,7,6,6,8,3,Yes,No,No,Moderate
32,Female,Student,North America,Facebook,4,1.3,41,Often,11,Connection with friends,7.4,9,8,9,5,7,3,6,1,Yes,"Yes, failed",Considering it,Good
39,Female,Part-time employed,North America,Reddit,2,3.2,51,Often,10,Passing time/boredom,6.7,7,3,7,5,5,6,6,5,No,No,No,Good
29,Female,Full-time employed,Asia,TikTok,6,3.1,83,Sometimes,20,Entertainment,7.2,14,8,6,5,9,4,5,1,Yes,No,Considering it,Moderate
34,Female,Student,Asia,Facebook,2,2.0,19,Never,30,Connection with friends,7.7,9,7,7,6,6,8,5,1,No,No,No,Good
24,Female,Student,Asia,YouTube,3,1.9,41,Every night,25,Content creation,6.0,7,0,8,4,6,1,3,4,Yes,No,No,Good
33,Male,Student,Europe,TikTok,8,6.5,163,Sometimes,14,Work/career,5.9,10,0,8,6,6,8,6,3,Yes,"Yes, succeeded",Yes,Moderate
18,Male,Student,Latin America,YouTube,2,1.8,53,Often,12,News/information,6.5,7,9,6,1,6,6,7,2,Yes,"Yes, failed",No,Good
13,Female,Student,Asia,X/Twitter,3,9.4,154,Sometimes,7,Entertainment,5.5,25,0,5,8,2,9,9,3,No,"Yes, succeeded",No,At-risk
22,Male,Student,North America,YouTube,4,0.8,34,Often,8,Passing time/boredom,8.0,10,9,9,2,7,3,4,1,No,No,No,Moderate
34,Female,Unemployed,Europe,Instagram,8,1.7,51,Sometimes,17,News/information,8.5,4,6,9,2,5,7,7,3,No,No,Yes,Good
31,Male,Part-time employed,Europe,Instagram,3,3.5,48,Often,9,Connection with friends,8.1,15,6,7,5,8,6,8,2,Yes,"Yes, failed",Considering it,Moderate
40,Male,Student,North America,Instagram,5,1.3,18,Sometimes,5,Content creation,7.7,11,2,8,3,9,9,4,3,No,"Yes, failed",No,Moderate
43,Male,Full-time employed,Oceania,TikTok,3,2.6,96,Never,7,Connection with friends,7.5,16,2,8,9,4,4,7,2,No,"Yes, failed",No,Moderate
22,Female,Student,Europe,Snapchat,5,3.2,52,Sometimes,16,Entertainment,8.6,17,1,8,3,7,6,6,3,No,No,No,At-risk
25,Female,Self-employed,North America,X/Twitter,4,2.5,218,Never,42,Entertainment,8.7,3,11,9,5,10,3,8,3,No,No,Yes,Moderate
47,Female,Student,North America,TikTok,3,3.1,132,Sometimes,8,Entertainment,7.6,16,5,6,8,5,2,4,2,Yes,"Yes, failed",Considering it,Moderate
34,Non-binary,Full-time employed,Asia,Reddit,1,1.0,27,Often,15,Connection with friends,7.3,6,6,7,4,7,1,3,4,No,No,No,Good
18,Female,Student,Asia,Facebook,5,1.0,15,Sometimes,38,News/information,7.1,8,7,8,2,7,4,4,2,No,No,No,Good
25,Male,Self-employed,Africa,Snapchat,3,1.4,53,Sometimes,2,Entertainment,6.5,2,6,9,6,6,1,5,3,Yes,No,Considering it,Good
30,Non-binary,Part-time employed,Latin America,TikTok,1,5.8,57,Sometimes,11,Entertainment,7.0,17,2,8,6,3,6,9,1,No,"Yes, succeeded",Yes,At-risk
16,Female,Student,Asia,Instagram,3,0.8,21,Every night,20,Passing time/boredom,7.8,9,0,8,7,4,4,3,3,Yes,No,No,Good
35,Non-binary,Full-time employed,Latin America,TikTok,4,2.9,9,Every night,21,Entertainment,5.5,7,9,3,4,6,4,3,2,No,No,No,Good
32,Female,Full-time employed,North America,Reddit,6,7.8,186,Often,8,Entertainment,5.0,15,0,5,5,3,7,9,4,Yes,"Yes, failed",No,Moderate
19,Female,Full-time employed,Latin America,YouTube,3,1.8,111,Sometimes,25,Work/career,8.3,11,8,7,3,10,7,3,2,No,"Yes, failed",No,Moderate
26,Male,Unemployed,Europe,Instagram,6,1.7,65,Sometimes,6,News/information,7.9,5,2,9,3,6,5,7,2,No,No,Yes,Good
43,Male,Unemployed,Asia,Instagram,5,3.2,33,Sometimes,3,Entertainment,6.3,8,0,8,2,6,6,8,2,No,No,Yes,Good
38,Female,Student,Europe,TikTok,3,5.4,50,Every night,30,Connection with friends,5.7,19,2,7,9,8,4,8,2,Yes,No,Considering it,At-risk
19,Male,Self-employed,Asia,Facebook,2,1.4,22,Sometimes,21,Entertainment,7.8,13,0,8,6,7,4,4,3,Yes,"Yes, succeeded",Yes,Moderate
41,Male,Student,Asia,Instagram,2,2.8,10,Often,31,Passing time/boredom,6.4,9,4,6,6,4,6,5,5,No,"Yes, failed",No,Good
23,Female,Unemployed,North America,Instagram,2,2.1,58,Often,6,Entertainment,7.3,12,4,5,6,5,3,5,2,No,No,No,Moderate
14,Female,Student,Africa,Instagram,5,1.5,39,Often,5,Connection with friends,7.5,11,0,9,5,6,2,6,2,No,"Yes, failed",Considering it,Moderate
37,Female,Unemployed,Asia,X/Twitter,5,8.5,140,Sometimes,8,Passing time/boredom,6.9,15,2,8,9,5,8,9,1,No,No,No,Moderate
24,Male,Student,North America,Instagram,3,1.4,33,Often,17,Entertainment,6.7,10,4,6,5,2,4,2,7,No,"Yes, succeeded",No,Moderate
43,Female,Student,Asia,Facebook,7,1.0,31,Never,1,News/information,7.5,3,7,8,2,7,2,4,3,Yes,No,No,Good
22,Female,Self-employed,Europe,TikTok,4,0.6,16,Sometimes,22,Passing time/boredom,7.9,13,7,6,1,7,2,5,3,No,No,Yes,Moderate
23,Male,Self-employed,North America,Instagram,2,3.5,109,Often,15,Entertainment,6.6,16,3,4,7,10,6,8,1,No,"Yes, failed",Considering it,Moderate
29,Female,Self-employed,Asia,Instagram,3,1.1,23,Often,38,Connection with friends,7.0,9,13,8,1,6,4,4,1,No,No,No,Moderate
31,Female,Student,North America,YouTube,4,1.7,20,Sometimes,19,Passing time/boredom,6.5,10,7,6,3,4,5,5,5,No,"Yes, failed",Yes,Moderate
27,Non-binary,Student,Asia,Instagram,5,4.8,121,Sometimes,11,News/information,6.8,14,4,6,7,6,6,9,6,Yes,"Yes, succeeded",No,Moderate
25,Male,Student,Africa,X/Twitter,5,3.4,38,Never,22,Work/career,8.0,8,0,7,4,6,5,1,3,Yes,No,No,Good
30,Male,Full-time employed,Europe,Facebook,2,3.0,45,Sometimes,8,Entertainment,6.8,21,0,8,7,5,3,3,2,Yes,No,Considering it,At-risk
49,Female,Student,Africa,YouTube,4,2.5,21,Sometimes,12,Work/career,8.8,11,9,4,6,8,2,5,4,No,No,Considering it,Moderate
50,Male,Full-time employed,Latin America,Instagram,2,5.6,42,Every night,98,Entertainment,7.2,22,2,9,5,5,6,3,1,No,"Yes, failed",No,At-risk
18,Female,Full-time employed,Europe,Instagram,3,1.0,72,Never,4,Entertainment,6.6,5,1,6,3,6,1,3,3,Yes,"Yes, succeeded",Yes,Good
27,Male,Student,North America,TikTok,6,2.3,98,Often,36,Connection with friends,5.8,9,0,6,3,8,2,4,5,No,"Yes, failed",No,Good
25,Female,Unemployed,Asia,X/Twitter,1,6.2,51,Never,31,Work/career,6.2,10,3,7,3,6,3,8,4,No,No,No,Moderate
34,Male,Unemployed,Latin America,TikTok,4,1.0,46,Sometimes,37,Connection with friends,7.3,7,11,8,5,10,3,2,3,Yes,No,Considering it,Moderate
31,Female,Full-time employed,North America,TikTok,7,2.1,20,Sometimes,20,Passing time/boredom,8.2,4,6,7,4,5,2,3,4,No,No,Considering it,Good
26,Male,Full-time employed,Europe,YouTube,1,1.5,7,Often,20,Work/career,8.1,9,14,10,4,10,4,7,4,No,No,Considering it,Moderate
37,Non-binary,Student,North America,LinkedIn,6,3.1,56,Sometimes,7,Entertainment,6.7,17,2,5,6,6,7,8,4,No,No,No,At-risk
43,Male,Student,Europe,Instagram,8,4.3,25,Sometimes,22,Entertainment,7.9,19,2,7,5,4,9,6,2,No,"Yes, succeeded",No,At-risk
34,Female,Part-time employed,Latin America,LinkedIn,2,2.8,75,Sometimes,26,Connection with friends,7.1,6,3,6,6,6,6,4,2,Yes,No,No,Good
27,Male,Full-time employed,North America,TikTok,4,2.5,30,Every night,22,Entertainment,7.5,16,2,6,3,5,6,5,0,No,No,No,Moderate
13,Male,Unemployed,Europe,TikTok,3,1.2,19,Often,31,Passing time/boredom,6.3,5,3,8,4,6,6,2,5,No,No,No,Good
25,Male,Part-time employed,Africa,YouTube,1,2.7,23,Often,30,Connection with friends,6.9,10,1,7,9,7,7,9,4,No,No,No,Moderate
45,Male,Full-time employed,Asia,Instagram,5,3.3,44,Every night,5,Connection with friends,4.8,12,4,8,5,5,4,2,3,No,"Yes, failed",Considering it,Moderate
14,Female,Student,Europe,Instagram,6,6.0,91,Never,11,News/information,7.0,10,2,7,4,7,6,7,1,Yes,No,No,Moderate
31,Female,Part-time employed,Latin America,TikTok,3,2.2,23,Sometimes,32,Entertainment,6.3,7,5,8,5,6,2,7,1,No,"Yes, failed",Considering it,Good
49,Male,Full-time employed,Asia,Instagram,5,2.1,21,Often,26,Entertainment,6.7,9,5,6,6,6,6,6,4,No,No,No,Good
16,Female,Self-employed,Asia,TikTok,1,1.2,37,Sometimes,21,Entertainment,6.0,14,11,10,7,9,3,2,2,Yes,No,No,Moderate
28,Male,Full-time employed,Asia,Snapchat,2,1.1,46,Sometimes,10,Content creation,8.3,11,8,10,1,3,5,1,2,Yes,No,No,Moderate
29,Male,Student,Asia,TikTok,3,1.4,18,Sometimes,34,Entertainment,8.4,13,3,6,2,5,3,7,3,No,"Yes, failed",No,Moderate
55,Female,Full-time employed,Asia,Facebook,7,0.8,14,Every night,22,Entertainment,6.3,8,12,6,1,5,2,5,2,No,"Yes, succeeded",No,Moderate
32,Male,Full-time employed,Europe,Facebook,5,1.3,13,Every night,36,Connection with friends,6.8,15,0,5,2,9,9,4,3,No,"Yes, succeeded",No,Moderate
32,Male,Full-time employed,Europe,X/Twitter,4,9.6,102,Often,32,Content creation,6.8,18,0,4,4,5,10,10,2,No,No,No,At-risk
30,Male,Full-time employed,North America,Instagram,1,2.5,26,Sometimes,55,Work/career,7.1,9,4,7,6,9,2,6,3,Yes,"Yes, failed",No,Good
23,Prefer not to say,Student,Europe,Facebook,3,0.9,43,Every night,23,Entertainment,7.7,16,6,7,2,4,4,6,1,Yes,"Yes, succeeded",Yes,Moderate
28,Male,Full-time employed,Asia,TikTok,2,2.6,37,Often,30,Entertainment,7.3,9,4,7,8,5,2,3,2,No,"Yes, failed",No,Good
21,Male,Full-time employed,Asia,LinkedIn,5,1.7,83,Often,6,Entertainment,6.7,6,11,6,2,8,2,10,4,No,No,Considering it,Moderate
30,Female,Student,Asia,Snapchat,3,0.6,5,Every night,21,Entertainment,7.4,12,4,6,6,7,2,6,4,No,No,No,Moderate
13,Male,Student,Europe,TikTok,3,2.5,46,Every night,22,Connection with friends,6.0,22,3,9,6,7,9,5,3,No,No,Yes,At-risk
19,Female,Student,Asia,TikTok,4,3.2,34,Never,30,Passing time/boredom,7.8,7,0,8,4,10,7,6,3,Yes,No,Considering it,Good
41,Female,Full-time employed,Europe,Snapchat,3,4.6,55,Never,7,Content creation,6.7,14,0,6,4,6,5,6,2,Yes,No,No,Moderate
32,Female,Full-time employed,Africa,TikTok,3,2.7,96,Often,20,Connection with friends,7.6,11,2,8,3,8,4,5,5,No,"Yes, failed",Considering it,Moderate
46,Male,Student,Oceania,YouTube,2,1.6,12,Often,5,Connection with friends,7.1,21,7,7,5,3,3,5,1,Yes,No,Considering it,At-risk
29,Female,Full-time employed,Europe,YouTube,3,2.7,73,Every night,6,Content creation,6.2,14,5,7,6,8,8,5,3,Yes,No,No,Moderate
45,Female,Full-time employed,Europe,Snapchat,6,3.6,11,Often,21,Entertainment,6.5,13,3,7,5,3,6,6,5,No,"Yes, failed",No,Moderate
27,Male,Part-time employed,Europe,LinkedIn,3,1.9,18,Sometimes,8,Work/career,7.6,14,0,7,6,8,4,4,2,No,No,No,Moderate
13,Female,Student,Latin America,YouTube,5,8.4,285,Often,62,Entertainment,5.5,10,0,5,7,4,6,10,3,No,"Yes, failed",No,Moderate
25,Female,Full-time employed,Europe,Snapchat,7,5.6,53,Sometimes,15,Passing time/boredom,7.3,18,0,6,3,6,6,4,2,Yes,"Yes, failed",Considering it,At-risk
37,Male,Full-time employed,Asia,Reddit,3,3.4,104,Never,19,Entertainment,6.8,12,7,7,6,7,4,3,1,No,No,Considering it,Moderate
38,Male,Full-time employed,Europe,X/Twitter,6,4.6,94,Never,18,Entertainment,7.2,13,0,6,1,3,3,5,3,Yes,"Yes, failed",No,Moderate
27,Male,Student,Europe,Facebook,5,1.1,12,Never,14,Work/career,8.3,11,4,8,2,5,1,5,3,No,"Yes, failed",No,Moderate
13,Male,Student,Europe,YouTube,2,2.9,319,Every night,50,Entertainment,5.7,16,2,5,5,8,2,3,3,Yes,"Yes, failed",No,Moderate
19,Male,Part-time employed,Asia,TikTok,1,1.1,23,Often,12,Connection with friends,7.0,3,0,5,5,8,7,5,1,No,"Yes, failed",Yes,Good
29,Female,Self-employed,Latin America,TikTok,3,1.3,19,Sometimes,20,Entertainment,8.2,7,8,10,4,5,5,7,2,Yes,No,No,Good
28,Female,Student,Asia,Instagram,3,1.5,11,Often,28,Content creation,8.6,9,3,10,4,6,5,6,5,No,No,Yes,Good
32,Female,Student,North America,LinkedIn,3,1.8,20,Often,8,Entertainment,7.6,9,5,7,2,6,1,9,5,No,"Yes, succeeded",Yes,Good
26,Female,Full-time employed,Asia,YouTube,3,5.7,136,Often,48,Work/career,7.5,7,0,5,7,2,5,9,1,No,No,Considering it,Good
42,Female,Student,North America,Instagram,1,4.8,78,Often,11,Work/career,5.0,9,1,8,9,6,5,8,4,No,No,No,Good
40,Male,Part-time employed,North America,YouTube,6,1.1,10,Sometimes,8,Connection with friends,7.5,3,7,9,1,7,6,3,5,Yes,No,Considering it,Good
32,Non-binary,Full-time employed,Asia,YouTube,3,5.4,7,Often,36,Entertainment,6.4,20,0,8,5,7,3,7,2,No,No,Considering it,At-risk
30,Female,Student,Asia,TikTok,5,4.3,19,Often,18,Entertainment,7.2,9,0,7,6,7,4,8,1,No,"Yes, failed",Considering it,Good
27,Male,Student,Africa,Instagram,5,1.3,19,Sometimes,6,News/information,7.9,9,7,7,2,4,4,5,3,No,"Yes, succeeded",Considering it,Good
26,Male,Student,Europe,Instagram,3,3.8,85,Every night,13,Passing time/boredom,6.6,7,4,8,5,5,1,8,5,No,"Yes, failed",No,Good
37,Male,Full-time employed,Latin America,YouTube,4,3.9,108,Never,8,Content creation,7.1,8,2,8,3,6,5,5,4,No,No,Considering it,Good
29,Female,Student,North America,Facebook,2,5.4,18,Often,32,Passing time/boredom,6.8,12,0,5,7,7,4,7,3,No,No,Considering it,Moderate
18,Male,Student,Europe,Reddit,1,1.1,38,Sometimes,10,Connection with friends,6.9,15,9,9,6,8,8,6,2,No,"Yes, succeeded",No,Moderate
29,Male,Full-time employed,North America,TikTok,2,3.4,59,Every night,22,Entertainment,6.5,14,2,7,7,6,4,8,3,No,No,No,Moderate
29,Male,Full-time employed,Europe,Instagram,2,1.1,40,Sometimes,10,News/information,8.5,4,6,7,6,6,5,6,3,No,No,No,Good
16,Male,Self-employed,Europe,LinkedIn,5,1.7,29,Often,49,Passing time/boredom,7.0,4,0,7,4,6,3,3,2,No,"Yes, succeeded",No,Good
24,Male,Student,Europe,Snapchat,3,3.2,29,Often,47,Content creation,6.6,26,0,6,8,6,3,4,2,Yes,No,No,At-risk
13,Male,Full-time employed,North America,Instagram,4,2.6,44,Often,9,Content creation,6.8,8,6,7,4,4,6,5,3,No,No,Yes,Good
13,Female,Part-time employed,Europe,YouTube,2,4.4,130,Often,7,Connection with friends,5.4,10,4,7,5,5,7,8,1,No,"Yes, failed",Yes,Moderate
32,Female,Self-employed,North America,TikTok,5,3.9,67,Every night,25,News/information,5.0,12,0,7,4,6,4,9,1,No,No,No,Moderate
18,Male,Full-time employed,Europe,Instagram,2,5.8,167,Sometimes,23,News/information,6.5,16,0,10,8,5,4,5,3,Yes,No,No,Moderate
33,Male,Student,North America,YouTube,1,3.8,53,Never,16,Work/career,7.1,9,5,6,7,6,6,6,6,Yes,"Yes, failed",No,Good
35,Female,Full-time employed,North America,X/Twitter,7,5.8,54,Every night,9,Entertainment,6.3,15,0,5,4,6,5,8,2,No,"Yes, failed",No,Moderate
25,Male,Student,Europe,YouTube,1,5.1,55,Sometimes,16,Entertainment,5.9,18,7,6,5,7,7,6,2,No,No,No,At-risk
18,Female,Full-time employed,Europe,Facebook,5,5.7,24,Often,2,Connection with friends,6.8,17,0,4,6,6,4,5,1,No,"Yes, failed",No,At-risk
32,Male,Part-time employed,Europe,X/Twitter,8,2.5,35,Every night,4,Entertainment,6.3,5,0,9,3,7,3,6,4,No,"Yes, failed",No,Good
37,Female,Student,North America,YouTube,5,7.4,96,Often,2,Entertainment,6.0,16,1,6,6,2,6,6,2,No,"Yes, failed",No,Moderate
23,Male,Student,Latin America,LinkedIn,4,2.3,112,Never,9,Connection with friends,6.3,12,8,7,5,7,6,6,4,No,No,No,Moderate
33,Female,Student,Africa,X/Twitter,5,5.3,25,Every night,21,Connection with friends,5.9,17,0,4,4,6,2,6,3,No,"Yes, failed",No,At-risk
13,Male,Part-time employed,Africa,Snapchat,2,2.5,78,Sometimes,7,Connection with friends,7.5,3,6,6,8,5,5,1,1,No,No,No,Good
23,Male,Full-time employed,Asia,Snapchat,1,1.7,28,Never,15,Entertainment,8.0,7,7,5,3,5,3,3,3,Yes,"Yes, failed",No,Good
40,Male,Full-time employed,Europe,Instagram,2,0.7,7,Often,1,Entertainment,7.4,5,0,9,4,8,3,4,3,No,No,No,Good
14,Male,Full-time employed,Europe,Reddit,2,2.5,47,Often,3,News/information,5.8,11,2,8,5,4,4,8,5,No,"Yes, succeeded",Considering it,Moderate
40,Male,Self-employed,Oceania,Facebook,2,3.9,105,Sometimes,8,Entertainment,7.8,15,9,6,3,5,6,4,3,No,"Yes, failed",Yes,Moderate
15,Male,Full-time employed,Europe,TikTok,4,1.4,5,Sometimes,24,News/information,8.5,10,8,7,1,8,6,6,1,Yes,"Yes, succeeded",Considering it,Moderate
38,Female,Student,Europe,TikTok,7,6.0,50,Never,26,Passing time/boredom,6.0,11,0,5,3,9,4,6,3,No,No,Considering it,Moderate
45,Female,Student,Europe,Instagram,4,4.1,61,Never,2,News/information,8.5,5,12,8,3,6,3,7,2,No,"Yes, failed",No,Moderate
27,Female,Full-time employed,Asia,Instagram,4,1.3,34,Never,16,News/information,8.5,6,0,9,2,7,4,4,3,No,No,No,Good
46,Female,Student,Asia,X/Twitter,3,4.4,63,Often,19,Connection with friends,5.9,10,8,7,4,4,7,8,0,Yes,"Yes, failed",No,Moderate
19,Male,Full-time employed,Latin America,Instagram,1,7.1,20,Sometimes,81,Connection with friends,5.7,16,5,5,9,7,4,7,4,No,No,No,Moderate
35,Prefer not to say,Full-time employed,Latin America,Instagram,5,7.8,115,Often,9,Connection with friends,5.9,23,0,4,1,4,6,6,4,No,No,No,At-risk
45,Female,Unemployed,Europe,Instagram,5,1.3,13,Never,26,Passing time/boredom,7.4,11,13,9,6,7,4,4,2,Yes,No,No,Moderate
31,Male,Full-time employed,Latin America,Instagram,5,2.9,64,Never,34,Content creation,8.0,15,4,8,5,3,3,6,1,No,No,Yes,Moderate
25,Male,Full-time employed,Asia,Instagram,4,6.8,196,Sometimes,20,Entertainment,6.6,15,0,5,6,4,6,8,3,Yes,"Yes, succeeded",No,Moderate
30,Male,Student,North America,Reddit,2,5.9,110,Every night,8,News/information,6.3,6,0,5,6,5,4,6,2,No,"Yes, failed",No,Good
38,Male,Student,Asia,Facebook,6,0.7,13,Sometimes,42,Entertainment,7.6,6,10,8,4,5,3,3,2,No,No,No,Moderate
29,Female,Full-time employed,Europe,Snapchat,5,2.2,12,Sometimes,6,News/information,6.6,13,1,5,5,5,5,4,2,Yes,"Yes, failed",Considering it,Moderate
34,Non-binary,Student,Asia,TikTok,4,4.5,103,Every night,20,Entertainment,5.5,19,0,7,7,7,7,4,4,Yes,"Yes, failed",No,At-risk
22,Male,Full-time employed,Asia,Snapchat,3,3.2,74,Every night,28,Entertainment,7.2,18,11,7,5,4,3,4,4,No,"Yes, failed",No,At-risk
13,Male,Student,Latin America,Facebook,4,2.1,54,Sometimes,18,Entertainment,8.5,9,0,6,5,5,3,5,2,No,No,No,Good
21,Female,Self-employed,North America,TikTok,3,6.7,53,Never,24,Entertainment,5.4,9,0,9,7,4,7,5,4,No,No,Considering it,Good
22,Male,Part-time employed,North America,Snapchat,1,1.3,12,Sometimes,6,Content creation,7.1,7,3,5,5,5,2,3,3,No,No,No,Good
37,Male,Full-time employed,Latin America,TikTok,1,1.6,55,Sometimes,45,News/information,7.6,5,9,9,4,7,1,4,2,No,No,Considering it,Good
23,Male,Part-time employed,North America,Instagram,3,1.6,5,Often,3,Work/career,7.2,0,12,8,5,8,6,5,4,Yes,No,Yes,Moderate
18,Male,Full-time employed,Asia,TikTok,2,0.6,7,Sometimes,28,Passing time/boredom,8.0,8,8,7,7,5,2,3,2,No,"Yes, succeeded",No,Good
33,Male,Student,Latin America,TikTok,2,5.3,230,Often,38,Entertainment,6.8,14,0,7,8,5,3,8,2,Yes,"Yes, failed",No,Moderate
39,Female,Student,Europe,Instagram,2,1.3,89,Sometimes,45,Connection with friends,7.6,5,3,7,5,8,2,1,3,No,"Yes, failed",Considering it,Good
26,Female,Full-time employed,North America,Instagram,4,1.3,23,Sometimes,27,Content creation,7.2,14,8,8,1,7,1,7,3,No,No,No,Moderate
33,Female,Student,Asia,X/Twitter,3,4.0,201,Sometimes,11,Entertainment,7.8,12,3,5,5,3,6,6,3,Yes,No,Yes,Moderate
24,Male,Self-employed,Asia,TikTok,2,1.6,55,Often,36,Passing time/boredom,7.1,8,5,6,7,4,2,5,3,Yes,"Yes, failed",No,Good
23,Non-binary,Student,Latin America,TikTok,1,4.0,71,Every night,14,News/information,7.2,25,2,9,4,8,1,5,2,No,No,No,At-risk
13,Male,Student,Asia,X/Twitter,6,4.1,18,Often,42,Connection with friends,7.4,9,0,8,2,1,3,3,3,Yes,"Yes, failed",Yes,Good
39,Male,Full-time employed,Europe,YouTube,5,5.2,47,Every night,31,Connection with friends,5.7,22,0,6,10,3,5,5,2,No,"Yes, failed",No,At-risk
23,Male,Full-time employed,Africa,X/Twitter,4,4.4,60,Often,9,Passing time/boredom,7.1,10,0,5,8,6,5,4,1,No,"Yes, failed",No,Moderate
32,Female,Part-time employed,North America,Facebook,5,1.0,12,Sometimes,4,News/information,7.5,13,11,6,4,6,4,6,4,No,"Yes, failed",Yes,Moderate
49,Male,Student,Europe,Instagram,1,1.1,16,Every night,21,Passing time/boredom,7.5,6,4,9,2,7,6,8,1,Yes,No,No,Good
19,Female,Part-time employed,Latin America,YouTube,5,4.4,30,Sometimes,4,Passing time/boredom,6.4,11,0,10,5,1,4,7,5,No,No,No,Moderate
16,Male,Unemployed,North America,Instagram,2,1.0,37,Every night,22,Entertainment,6.8,10,6,10,6,3,3,6,3,Yes,No,Considering it,Moderate
30,Non-binary,Full-time employed,North America,Facebook,5,1.6,8,Often,9,Connection with friends,7.8,6,0,8,1,6,6,10,4,No,No,No,Good
33,Female,Student,Asia,Instagram,3,3.1,59,Sometimes,13,Content creation,6.6,12,6,6,5,7,5,1,3,No,No,No,Moderate
27,Female,Student,Asia,YouTube,3,5.1,43,Sometimes,15,Entertainment,6.5,9,0,7,7,6,6,7,3,Yes,"Yes, failed",No,Good
41,Male,Student,Europe,Snapchat,2,4.4,58,Often,45,News/information,6.1,12,4,9,8,5,8,4,5,No,No,Yes,Moderate
25,Female,Full-time employed,Asia,TikTok,5,2.3,92,Often,5,News/information,7.6,7,8,5,2,9,2,2,1,No,No,No,Good
24,Male,Full-time employed,Asia,Instagram,2,5.4,92,Never,49,Passing time/boredom,6.4,13,0,6,4,5,6,9,3,No,"Yes, failed",No,Moderate
20,Female,Student,Europe,Facebook,3,2.8,50,Never,2,Work/career,7.8,13,0,6,8,6,7,5,2,No,No,Yes,Moderate
54,Female,Self-employed,Europe,Reddit,2,5.1,62,Every night,15,Passing time/boredom,6.0,13,0,5,7,5,6,8,0,No,No,No,Moderate
31,Male,Full-time employed,Latin America,X/Twitter,5,2.7,21,Sometimes,1,News/information,7.5,13,0,6,10,5,1,5,4,No,"Yes, succeeded",No,Moderate
29,Male,Student,Asia,TikTok,3,2.6,70,Never,58,News/information,8.1,11,4,7,5,7,1,3,2,No,No,No,Moderate
43,Female,Student,Asia,TikTok,4,5.3,48,Sometimes,83,Work/career,7.3,18,0,4,7,6,6,10,4,No,No,No,At-risk
37,Non-binary,Full-time employed,Asia,TikTok,1,2.8,36,Often,36,Work/career,7.1,17,4,6,1,7,5,2,3,No,"Yes, succeeded",No,At-risk
31,Male,Student,North America,Instagram,2,1.9,43,Often,18,Content creation,6.9,9,8,8,5,5,2,3,1,No,"Yes, succeeded",Yes,Good
28,Female,Student,Europe,Instagram,3,2.4,52,Sometimes,14,Connection with friends,7.2,5,8,7,8,8,1,8,4,Yes,No,No,Good
45,Male,Student,Europe,TikTok,8,6.4,149,Often,38,Entertainment,5.9,9,0,9,2,6,9,7,1,Yes,No,No,Good
28,Female,Full-time employed,North America,YouTube,4,5.6,36,Sometimes,51,Connection with friends,7.1,7,2,6,3,6,1,8,5,Yes,No,No,Good
27,Prefer not to say,Student,Europe,Snapchat,5,1.9,38,Sometimes,49,Connection with friends,7.0,7,0,5,4,7,8,3,3,Yes,No,No,Good
35,Male,Unemployed,Europe,YouTube,3,2.7,45,Sometimes,33,Passing time/boredom,7.1,12,0,7,1,7,2,5,2,No,"Yes, failed",No,Moderate
13,Male,Student,North America,TikTok,4,0.6,15,Often,14,Entertainment,6.9,7,7,9,3,7,3,5,5,No,"Yes, failed",Considering it,Good
46,Female,Student,Europe,YouTube,4,2.0,37,Every night,7,Work/career,6.9,10,3,7,3,5,6,1,2,No,No,No,Moderate
26,Female,Student,Europe,X/Twitter,2,4.1,22,Never,44,Entertainment,8.5,0,0,4,6,5,7,6,1,Yes,"Yes, failed",No,Good
32,Female,Full-time employed,Asia,Reddit,3,3.7,142,Every night,27,Connection with friends,6.3,20,2,5,3,7,4,8,2,No,"Yes, succeeded",No,At-risk
17,Prefer not to say,Student,Europe,TikTok,2,2.7,40,Sometimes,5,Entertainment,6.7,10,4,7,6,6,6,4,3,No,"Yes, succeeded",No,Moderate
18,Male,Student,Asia,Reddit,1,2.9,76,Sometimes,21,Content creation,7.1,9,0,8,2,7,4,4,4,No,No,Yes,Good
29,Female,Self-employed,Asia,TikTok,4,5.5,51,Sometimes,59,News/information,6.7,11,5,3,3,5,3,5,4,No,No,No,Moderate
32,Non-binary,Student,Africa,YouTube,3,4.2,79,Every night,18,News/information,5.3,11,5,7,4,9,7,7,4,No,No,Yes,Moderate
18,Male,Student,North America,X/Twitter,3,2.2,55,Never,4,Work/career,7.9,15,0,6,6,5,7,5,0,No,No,No,Moderate
22,Male,Full-time employed,Asia,YouTube,3,2.5,62,Often,2,Content creation,7.5,8,4,7,5,8,4,7,4,Yes,"Yes, failed",Considering it,Good
31,Female,Student,Asia,Instagram,8,2.5,12,Every night,11,Entertainment,5.1,9,8,7,4,4,5,8,3,No,No,No,Good
29,Male,Full-time employed,Asia,Instagram,1,1.8,42,Often,23,Entertainment,7.2,12,8,9,3,6,1,5,4,No,"Yes, failed",No,Moderate
15,Female,Full-time employed,North America,TikTok,5,2.7,8,Every night,13,Work/career,6.7,14,0,4,6,5,4,9,3,No,"Yes, failed",No,Moderate
28,Female,Full-time employed,Asia,TikTok,5,3.4,99,Every night,14,Connection with friends,5.7,20,4,7,3,6,4,5,1,Yes,"Yes, failed",No,At-risk
35,Male,Full-time employed,Africa,TikTok,2,2.9,58,Sometimes,21,Connection with friends,6.2,6,10,8,6,4,6,3,1,No,"Yes, failed",No,Moderate
37,Female,Student,Asia,X/Twitter,4,2.0,39,Sometimes,14,Work/career,6.9,9,0,10,5,7,8,3,1,No,"Yes, succeeded",No,Good
44,Male,Student,North America,YouTube,4,3.9,49,Sometimes,42,Passing time/boredom,7.9,5,4,7,3,5,5,7,4,No,"Yes, failed",Considering it,Good
14,Non-binary,Student,North America,Reddit,4,2.7,13,Sometimes,23,Work/career,7.2,11,2,9,2,5,2,5,5,No,No,No,Moderate
24,Female,Full-time employed,Asia,X/Twitter,2,2.7,74,Never,5,News/information,7.2,10,7,6,3,6,3,3,4,No,No,Considering it,Moderate
20,Female,Unemployed,Latin America,YouTube,5,1.7,12,Sometimes,40,Passing time/boredom,7.9,7,5,9,6,7,3,6,2,No,"Yes, succeeded",Considering it,Good
31,Male,Full-time employed,Europe,Instagram,4,3.7,37,Often,34,Connection with friends,7.4,13,4,8,6,3,8,4,4,No,"Yes, failed",No,Moderate
51,Female,Student,Asia,Instagram,4,0.9,5,Sometimes,26,Entertainment,8.7,2,12,10,5,4,1,4,5,Yes,No,No,Moderate
28,Female,Full-time employed,Africa,Instagram,1,3.7,61,Sometimes,14,Passing time/boredom,7.5,10,12,8,7,5,5,6,4,Yes,"Yes, failed",No,Moderate
33,Male,Student,Asia,YouTube,4,3.0,85,Every night,61,Passing time/boredom,6.1,17,0,7,4,4,1,9,1,Yes,"Yes, failed",Considering it,At-risk
29,Female,Part-time employed,Latin America,TikTok,2,0.7,11,Often,4,News/information,7.7,4,0,10,1,9,4,2,2,No,"Yes, failed",Considering it,Good
25,Female,Student,Europe,Facebook,2,5.7,126,Sometimes,27,Passing time/boredom,7.8,23,0,7,7,3,5,6,1,No,No,Considering it,At-risk
29,Male,Full-time employed,Africa,TikTok,3,2.8,10,Often,22,Work/career,7.9,12,0,8,4,6,5,7,2,No,"Yes, failed",Considering it,Moderate
30,Prefer not to say,Full-time employed,North America,Instagram,2,6.1,99,Sometimes,6,Passing time/boredom,5.7,16,2,4,7,4,3,5,3,No,"Yes, failed",Yes,Moderate
25,Male,Student,North America,Reddit,2,2.2,18,Every night,34,Passing time/boredom,6.4,8,8,6,4,5,8,3,2,Yes,"Yes, failed",No,Good
14,Female,Unemployed,Latin America,Instagram,4,0.9,7,Often,11,Entertainment,6.7,8,17,8,6,7,3,3,3,Yes,No,No,At-risk
32,Male,Student,North America,Instagram,6,3.5,98,Sometimes,28,Entertainment,8.4,7,6,8,5,6,5,7,4,No,"Yes, failed",Considering it,Good
22,Female,Self-employed,Asia,TikTok,6,2.4,94,Every night,8,Entertainment,5.9,13,2,6,6,6,5,6,2,No,"Yes, failed",Yes,Moderate
13,Female,Full-time employed,North America,X/Twitter,3,4.0,29,Never,19,Passing time/boredom,8.3,17,6,8,4,5,5,4,4,Yes,"Yes, failed",No,At-risk
14,Female,Full-time employed,North America,Instagram,7,2.1,48,Never,20,Entertainment,7.5,2,5,8,5,7,6,6,4,No,No,No,Good
25,Male,Part-time employed,Europe,YouTube,3,4.2,66,Often,25,Entertainment,6.5,12,1,6,7,6,5,5,4,Yes,No,No,Moderate
22,Male,Full-time employed,Europe,Facebook,2,2.4,48,Often,21,Entertainment,6.0,6,6,6,7,8,4,7,6,Yes,"Yes, succeeded",No,Good
35,Male,Self-employed,Europe,Instagram,3,1.7,21,Sometimes,16,Connection with friends,7.8,13,9,5,6,4,7,6,4,No,No,No,Moderate
33,Male,Self-employed,Asia,Facebook,7,2.3,11,Sometimes,14,Connection with friends,6.9,2,10,7,3,6,3,2,2,No,"Yes, failed",No,Moderate
30,Female,Student,North America,Instagram,5,1.2,25,Never,17,Work/career,8.1,4,4,7,3,5,4,6,1,No,"Yes, failed",No,Good
13,Female,Full-time employed,Europe,TikTok,4,4.3,77,Never,4,Entertainment,6.9,16,6,6,6,7,5,7,2,No,No,No,Moderate
38,Female,Full-time employed,Oceania,Instagram,1,2.3,49,Sometimes,13,Content creation,7.8,6,1,7,7,5,3,7,2,No,No,No,Good
15,Male,Student,North America,Instagram,4,5.3,64,Sometimes,11,Entertainment,8.3,19,0,7,6,6,4,4,1,No,No,No,At-risk
42,Female,Student,Europe,TikTok,6,1.9,54,Sometimes,18,Entertainment,7.8,10,12,7,3,7,6,6,3,Yes,"Yes, succeeded",Considering it,Moderate
22,Female,Student,Asia,Instagram,4,3.8,47,Every night,21,Entertainment,6.5,19,5,6,7,7,3,5,3,Yes,"Yes, failed",Yes,At-risk
30,Female,Student,Europe,TikTok,3,6.6,131,Often,22,Connection with friends,6.7,17,8,5,7,4,6,6,4,Yes,No,No,At-risk
26,Female,Self-employed,North America,YouTube,6,3.8,94,Often,17,Work/career,7.3,3,0,8,2,5,5,2,5,No,"Yes, failed",Considering it,Good
17,Male,Student,Oceania,Instagram,4,1.6,118,Every night,28,Entertainment,5.3,4,3,8,4,7,5,2,3,No,"Yes, succeeded",Yes,Good
31,Non-binary,Student,Latin America,YouTube,1,1.2,10,Sometimes,15,Passing time/boredom,8.4,11,9,8,3,6,3,9,6,No,"Yes, failed",Yes,Moderate
31,Male,Self-employed,Asia,Facebook,4,2.9,59,Never,15,Connection with friends,8.4,14,1,6,6,7,8,3,3,No,No,No,Moderate
18,Female,Part-time employed,Oceania,YouTube,3,3.1,36,Sometimes,8,Work/career,6.4,8,2,6,3,7,1,9,3,No,"Yes, failed",Yes,Good
13,Male,Part-time employed,Asia,Facebook,3,3.7,35,Every night,18,Entertainment,6.4,18,3,5,3,7,3,5,3,No,No,Considering it,At-risk
32,Female,Unemployed,Asia,LinkedIn,3,1.1,18,Every night,10,Content creation,7.2,8,9,7,5,7,8,4,2,No,No,No,Good
31,Female,Full-time employed,Europe,Instagram,4,2.5,21,Often,4,News/information,6.6,10,5,8,2,9,4,9,3,No,No,Considering it,Moderate
37,Non-binary,Full-time employed,Asia,X/Twitter,3,4.1,120,Never,6,Work/career,7.7,10,4,5,6,2,3,8,4,No,"Yes, succeeded",Yes,Moderate
54,Female,Student,Asia,TikTok,1,3.6,47,Often,3,Connection with friends,7.6,8,4,6,4,7,3,5,3,No,"Yes, failed",No,Good
17,Female,Full-time employed,Europe,TikTok,1,5.7,91,Every night,21,Work/career,5.9,11,0,7,10,5,5,5,6,No,No,Yes,Moderate
40,Female,Full-time employed,Europe,TikTok,4,6.2,307,Never,28,News/information,6.3,16,4,5,5,4,6,4,3,No,No,Yes,Moderate
39,Female,Part-time employed,North America,YouTube,5,2.6,24,Never,17,Entertainment,5.8,7,0,6,4,6,5,3,3,Yes,No,No,Good
39,Male,Part-time employed,North America,TikTok,4,3.7,60,Sometimes,24,Entertainment,7.1,18,2,5,3,4,6,10,4,No,"Yes, failed",No,At-risk
18,Male,Full-time employed,Latin America,Instagram,2,2.1,54,Sometimes,3,News/information,7.3,8,8,8,6,8,5,5,3,No,"Yes, failed",No,Good
46,Male,Full-time employed,Europe,YouTube,1,6.0,129,Every night,15,Work/career,3.9,15,0,5,5,5,5,10,1,No,"Yes, failed",No,Moderate
29,Female,Unemployed,Europe,X/Twitter,3,1.5,16,Often,24,Entertainment,7.7,6,8,7,2,7,1,5,4,No,"Yes, failed",Yes,Good
21,Male,Student,Europe,Facebook,8,4.7,156,Often,10,News/information,6.3,16,3,7,5,7,7,7,3,Yes,No,No,Moderate
35,Female,Student,Europe,Snapchat,6,3.5,66,Never,9,Entertainment,7.1,11,0,9,1,6,4,1,3,No,"Yes, failed",No,Moderate
20,Female,Self-employed,North America,Instagram,3,4.1,51,Often,15,Connection with friends,6.2,0,4,7,6,6,6,4,2,No,"Yes, succeeded",No,Good
38,Female,Full-time employed,Europe,Instagram,2,1.4,26,Sometimes,27,Entertainment,6.8,8,3,7,6,4,3,4,1,Yes,No,No,Good
21,Non-binary,Full-time employed,Africa,X/Twitter,3,6.4,140,Sometimes,34,Entertainment,6.4,17,4,6,7,6,9,7,5,Yes,No,No,At-risk
46,Male,Student,Asia,Snapchat,2,4.6,141,Sometimes,14,Connection with friends,7.9,10,5,5,8,4,3,5,3,Yes,"Yes, failed",No,Moderate
16,Male,Full-time employed,Europe,LinkedIn,2,3.0,22,Sometimes,21,Connection with friends,7.0,13,12,8,5,7,4,2,2,Yes,No,No,Moderate
31,Female,Full-time employed,North America,YouTube,4,1.3,29,Sometimes,32,Connection with friends,6.9,6,7,8,4,8,1,1,3,Yes,No,No,Good
41,Male,Student,North America,LinkedIn,4,4.0,57,Every night,3,News/information,5.7,17,1,6,4,9,4,3,2,No,"Yes, failed",No,At-risk
26,Female,Student,Africa,Instagram,3,5.6,36,Every night,59,Entertainment,5.9,22,0,6,4,5,5,5,2,Yes,No,No,At-risk
28,Female,Student,North America,TikTok,6,5.3,228,Every night,34,Passing time/boredom,5.7,23,0,6,4,5,4,8,4,No,No,No,At-risk
30,Male,Retired,Europe,Snapchat,4,1.8,16,Sometimes,30,Connection with friends,8.0,11,18,8,6,7,1,6,4,No,"Yes, failed",No,At-risk
37,Female,Student,Europe,Instagram,5,3.7,90,Often,29,Entertainment,7.4,9,4,7,7,6,6,5,4,No,No,No,Good
32,Male,Unemployed,Africa,YouTube,1,5.4,57,Sometimes,23,Passing time/boredom,7.1,15,0,4,4,3,6,9,3,No,No,Yes,Moderate
23,Male,Student,Asia,Instagram,4,3.3,42,Often,30,Content creation,6.6,14,0,7,9,5,6,8,5,Yes,"Yes, failed",Considering it,Moderate
23,Male,Student,Europe,YouTube,6,3.5,59,Sometimes,15,Entertainment,7.7,14,4,5,3,9,1,5,4,Yes,No,No,Moderate
44,Male,Full-time employed,North America,LinkedIn,3,4.0,44,Never,28,Entertainment,8.2,15,10,7,2,7,4,4,4,No,"Yes, failed",No,Moderate
26,Female,Student,Asia,TikTok,4,4.9,41,Every night,32,Work/career,6.8,10,6,5,4,4,4,6,1,Yes,"Yes, succeeded",Considering it,Moderate
13,Female,Full-time employed,Asia,Snapchat,4,4.5,111,Often,25,Connection with friends,7.4,16,5,7,4,7,4,8,1,No,No,No,Moderate
23,Female,Student,North America,TikTok,5,2.2,42,Sometimes,14,Entertainment,7.8,9,5,8,4,6,5,5,3,No,No,Considering it,Good
32,Female,Student,Europe,Instagram,7,1.3,89,Often,21,News/information,7.4,5,4,7,3,6,5,4,3,No,No,Yes,Good
28,Male,Full-time employed,North America,TikTok,3,2.3,14,Often,13,News/information,7.3,10,3,7,3,3,4,6,2,Yes,No,Yes,Moderate
25,Female,Student,Oceania,YouTube,2,3.1,84,Often,19,Connection with friends,6.3,11,2,8,7,5,6,4,1,Yes,"Yes, failed",No,Moderate
23,Male,Unemployed,North America,TikTok,2,3.6,60,Every night,14,Connection with friends,6.2,21,4,5,6,7,2,7,2,No,"Yes, failed",No,At-risk
21,Male,Self-employed,Asia,Reddit,3,3.6,132,Sometimes,20,Entertainment,7.2,17,0,6,5,9,5,3,2,No,"Yes, succeeded",No,At-risk
17,Male,Student,Africa,Instagram,2,5.2,94,Every night,7,Entertainment,6.5,19,0,8,5,8,6,7,4,Yes,No,No,At-risk
27,Male,Student,North America,TikTok,2,7.3,187,Every night,23,Entertainment,4.7,13,0,5,6,6,7,7,2,Yes,"Yes, succeeded",No,Moderate
37,Female,Student,Asia,YouTube,3,0.8,21,Sometimes,14,Work/career,8.0,6,12,6,3,10,1,7,1,No,"Yes, failed",No,Moderate
32,Male,Full-time employed,Europe,Facebook,4,5.8,87,Often,18,News/information,6.7,8,10,7,5,7,4,7,4,No,"Yes, failed",Considering it,Moderate
32,Female,Self-employed,North America,YouTube,4,6.2,136,Every night,10,Passing time/boredom,6.2,13,1,8,9,4,5,6,2,No,No,No,Moderate
27,Female,Part-time employed,Asia,Instagram,4,3.2,90,Sometimes,12,Connection with friends,7.0,11,1,7,3,4,5,4,3,No,"Yes, succeeded",Considering it,Moderate
37,Male,Retired,Europe,X/Twitter,5,6.2,16,Sometimes,30,Work/career,7.0,19,4,7,7,5,6,9,1,No,No,No,At-risk
40,Male,Student,Europe,Reddit,5,4.8,139,Often,17,Connection with friends,7.2,12,0,6,4,6,4,3,6,Yes,"Yes, failed",No,Moderate
40,Female,Student,North America,TikTok,3,2.1,72,Sometimes,17,Passing time/boredom,6.8,11,4,5,4,8,3,3,2,No,No,Considering it,Moderate
25,Female,Student,Asia,Reddit,3,2.8,13,Often,15,Work/career,7.0,9,0,7,4,8,1,4,2,Yes,"Yes, failed",No,Good
40,Male,Full-time employed,Latin America,Facebook,2,3.9,18,Sometimes,10,Entertainment,6.5,17,9,7,6,8,5,6,2,No,"Yes, succeeded",No,At-risk
22,Female,Part-time employed,Asia,Instagram,1,4.1,83,Sometimes,14,Content creation,8.1,14,1,7,5,7,6,4,4,Yes,No,Considering it,Moderate
56,Female,Full-time employed,Asia,Facebook,7,4.4,113,Never,37,Entertainment,8.7,18,5,7,8,7,2,6,5,No,No,Considering it,At-risk
33,Female,Student,North America,YouTube,2,1.4,21,Often,24,Connection with friends,6.5,9,5,6,4,7,1,6,3,No,No,Yes,Good
24,Female,Student,Asia,TikTok,2,5.3,87,Every night,41,Passing time/boredom,6.2,10,0,4,10,6,7,4,4,No,No,No,Moderate
28,Female,Student,North America,TikTok,6,1.9,19,Sometimes,30,Connection with friends,7.9,8,2,8,4,8,7,4,2,No,No,Yes,Good
27,Male,Full-time employed,Asia,YouTube,1,3.6,15,Every night,31,Entertainment,6.7,15,11,9,6,5,5,2,3,No,No,Considering it,Moderate
29,Female,Full-time employed,Asia,TikTok,3,3.1,107,Often,23,Passing time/boredom,6.2,9,11,5,4,3,2,4,1,No,"Yes, failed",No,Moderate
43,Male,Retired,Europe,YouTube,1,3.9,28,Sometimes,42,Passing time/boredom,7.1,13,0,8,4,8,4,8,2,No,No,No,Moderate
40,Male,Full-time employed,North America,Instagram,6,3.1,102,Every night,6,Passing time/boredom,6.8,10,5,7,2,7,1,4,4,No,No,No,Moderate
13,Female,Student,Asia,Instagram,5,3.4,87,Every night,19,Entertainment,4.2,23,0,6,5,10,6,6,2,No,"Yes, failed",No,At-risk
35,Female,Full-time employed,Europe,TikTok,5,2.9,40,Sometimes,3,Entertainment,7.9,10,0,7,2,4,3,3,4,No,"Yes, failed",No,Moderate
40,Male,Full-time employed,Europe,Snapchat,2,2.3,55,Every night,14,Connection with friends,7.4,14,8,7,3,5,5,4,4,No,"Yes, succeeded",No,Moderate
27,Female,Full-time employed,Asia,Instagram,5,6.3,55,Sometimes,24,Connection with friends,5.0,20,2,2,8,5,4,7,2,No,No,Considering it,At-risk
20,Male,Self-employed,Latin America,X/Twitter,1,0.9,5,Often,45,Entertainment,7.1,5,0,7,2,7,6,5,4,No,No,Considering it,Good
37,Male,Student,North America,YouTube,6,1.0,19,Every night,26,Entertainment,8.0,11,2,10,3,5,1,3,4,No,"Yes, failed",Yes,Moderate
27,Male,Student,Europe,YouTube,2,1.8,90,Every night,20,Entertainment,4.8,13,0,5,4,9,3,6,3,Yes,No,No,Moderate
13,Male,Full-time employed,Europe,YouTube,5,6.2,84,Often,8,Work/career,6.7,21,3,8,7,4,9,6,2,No,"Yes, succeeded",No,At-risk
42,Female,Full-time employed,Latin America,LinkedIn,5,7.3,112,Sometimes,52,Entertainment,6.0,14,2,7,6,3,8,6,4,No,No,No,Moderate
32,Male,Retired,Asia,TikTok,4,2.4,66,Never,29,Connection with friends,7.6,6,12,9,5,7,5,7,5,No,No,No,Moderate
46,Female,Part-time employed,North America,Instagram,1,3.0,129,Often,26,Entertainment,6.4,13,1,7,4,5,1,3,4,Yes,No,No,Moderate
32,Female,Full-time employed,Asia,TikTok,1,2.4,23,Often,7,Entertainment,8.3,19,8,10,2,4,5,2,2,Yes,"Yes, failed",Considering it,At-risk
29,Male,Part-time employed,Latin America,Instagram,1,4.0,57,Sometimes,11,Connection with friends,7.0,21,1,10,4,9,10,5,5,Yes,No,No,At-risk
18,Male,Full-time employed,Europe,TikTok,6,2.1,5,Every night,38,Passing time/boredom,6.4,16,3,5,8,8,5,1,1,No,No,Considering it,Moderate
22,Male,Student,Europe,LinkedIn,3,1.1,12,Every night,50,Entertainment,7.4,10,0,9,5,7,7,1,2,No,"Yes, failed",No,Moderate
24,Male,Student,Asia,TikTok,2,1.9,121,Every night,15,Entertainment,6.3,14,0,5,6,7,3,4,4,Yes,"Yes, succeeded",Yes,Moderate
27,Male,Student,Africa,LinkedIn,3,1.7,33,Every night,12,Passing time/boredom,7.0,17,6,8,4,5,1,6,3,No,No,No,At-risk
18,Non-binary,Unemployed,Latin America,TikTok,3,1.1,19,Sometimes,25,Entertainment,8.8,9,8,7,1,6,4,7,4,No,No,Yes,Good
46,Female,Student,Europe,Instagram,4,2.0,82,Often,10,News/information,7.4,8,0,7,5,9,4,5,4,Yes,No,Considering it,Good
31,Male,Unemployed,Latin America,Facebook,7,3.8,32,Sometimes,7,Entertainment,6.8,15,10,4,2,7,4,7,3,No,No,No,Moderate
39,Male,Student,Asia,Instagram,1,3.4,66,Every night,15,News/information,6.1,11,6,9,4,3,5,4,1,No,No,No,Moderate
31,Female,Student,Europe,YouTube,6,6.5,133,Sometimes,8,Passing time/boredom,7.2,14,0,7,5,6,4,6,1,Yes,"Yes, failed",Yes,Moderate
26,Prefer not to say,Full-time employed,Europe,X/Twitter,5,4.2,95,Never,11,Entertainment,6.8,6,3,3,5,5,6,3,2,No,"Yes, failed",No,Good
20,Male,Student,Europe,TikTok,3,4.0,19,Often,27,News/information,7.0,8,0,5,6,5,2,5,1,No,No,No,Good
29,Male,Part-time employed,North America,YouTube,5,2.6,76,Often,28,Connection with friends,7.5,19,1,6,8,5,5,8,2,Yes,"Yes, failed",No,At-risk
24,Male,Unemployed,Africa,TikTok,6,0.8,18,Sometimes,14,Connection with friends,7.0,7,5,8,7,6,3,4,4,Yes,"Yes, succeeded",No,Good
45,Female,Student,North America,Facebook,5,1.6,66,Often,2,Work/career,6.7,9,5,7,5,10,5,4,1,Yes,No,Yes,Good
14,Male,Student,Asia,Instagram,2,4.6,60,Often,17,Passing time/boredom,6.0,14,0,7,5,7,5,8,2,Yes,"Yes, failed",No,Moderate
36,Female,Self-employed,North America,YouTube,2,6.0,205,Often,5,Entertainment,6.2,19,2,8,5,4,6,10,2,No,"Yes, failed",Yes,At-risk
51,Male,Full-time employed,Asia,Instagram,1,6.4,86,Often,18,Connection with friends,6.5,17,0,7,5,5,8,6,3,Yes,No,No,At-risk
23,Female,Self-employed,North America,YouTube,4,3.9,68,Every night,6,Entertainment,6.2,11,15,8,3,5,4,9,1,No,"Yes, failed",Considering it,Moderate
13,Male,Student,Asia,YouTube,7,3.6,57,Every night,6,Passing time/boredom,6.4,12,5,8,6,9,5,8,1,No,No,Considering it,Moderate
32,Male,Full-time employed,Asia,Instagram,3,2.1,52,Sometimes,15,Connection with friends,7.1,2,4,9,6,6,4,4,3,No,"Yes, succeeded",No,Good
41,Female,Full-time employed,Africa,TikTok,4,0.7,16,Sometimes,10,Connection with friends,8.5,7,10,8,4,9,5,2,1,Yes,"Yes, failed",No,Moderate
34,Male,Full-time employed,North America,TikTok,2,3.7,29,Often,19,Passing time/boredom,6.3,11,3,9,5,7,5,7,3,No,No,No,Moderate
15,Male,Full-time employed,North America,Facebook,7,4.3,110,Often,6,Passing time/boredom,6.0,8,0,7,1,7,2,5,4,No,"Yes, failed",Considering it,Good
36,Female,Student,Asia,TikTok,1,1.9,31,Sometimes,35,News/information,8.2,20,2,5,1,5,7,5,5,No,"Yes, succeeded",No,At-risk
36,Male,Student,Asia,TikTok,3,2.7,157,Sometimes,4,Passing time/boredom,6.3,6,0,7,7,9,5,9,4,Yes,No,No,Good
40,Female,Self-employed,Europe,Instagram,3,2.1,93,Sometimes,6,Work/career,8.4,6,5,7,1,6,3,9,4,No,"Yes, succeeded",No,Good
22,Female,Student,Europe,YouTube,1,3.9,71,Never,38,Entertainment,8.7,13,6,8,5,5,5,3,3,Yes,No,Yes,Moderate
25,Male,Part-time employed,Oceania,X/Twitter,6,0.7,36,Sometimes,22,Entertainment,7.1,10,1,6,1,5,2,6,3,Yes,No,Yes,Moderate
25,Female,Full-time employed,Asia,YouTube,8,6.3,72,Sometimes,18,Passing time/boredom,6.0,13,0,6,6,4,7,6,2,No,"Yes, failed",No,Moderate
27,Male,Student,North America,Instagram,3,4.9,86,Sometimes,24,Connection with friends,6.4,14,0,6,1,7,10,2,2,Yes,"Yes, failed",No,Moderate
46,Female,Student,Oceania,YouTube,2,1.1,33,Often,13,Content creation,7.3,10,4,8,6,10,4,4,2,Yes,No,Yes,Moderate
22,Male,Part-time employed,North America,Instagram,3,2.0,26,Often,33,News/information,7.3,10,8,3,7,10,4,6,1,Yes,No,No,Moderate
33,Prefer not to say,Self-employed,Europe,TikTok,6,3.7,76,Often,70,Entertainment,6.0,3,8,7,8,3,4,4,1,No,No,No,Good
17,Non-binary,Student,North America,X/Twitter,6,5.1,69,Often,4,Entertainment,6.6,16,2,7,4,5,5,9,2,Yes,"Yes, succeeded",No,Moderate
32,Male,Self-employed,North America,Reddit,2,2.4,31,Often,35,News/information,7.7,13,2,7,4,4,5,8,5,No,No,No,Moderate
22,Male,Student,Asia,Reddit,6,1.3,9,Every night,45,Entertainment,7.5,8,12,6,6,4,2,4,3,No,No,Yes,Moderate
13,Female,Retired,Europe,YouTube,4,2.3,34,Never,20,Entertainment,7.0,6,7,9,4,5,1,4,1,No,"Yes, failed",No,Good
27,Male,Student,Europe,YouTube,1,0.9,5,Every night,14,Entertainment,6.1,11,4,8,3,3,4,2,2,Yes,"Yes, succeeded",No,Moderate
30,Male,Unemployed,North America,TikTok,1,5.7,61,Every night,47,Entertainment,4.7,15,3,7,10,6,8,8,2,Yes,No,Yes,Moderate
27,Female,Full-time employed,North America,Instagram,3,0.7,6,Never,11,Work/career,6.6,16,6,7,5,6,1,5,4,No,"Yes, failed",Considering it,Moderate
13,Female,Self-employed,Asia,YouTube,4,3.3,32,Often,16,News/information,6.5,12,4,6,8,6,4,5,4,No,"Yes, failed",No,Moderate
20,Female,Student,Europe,YouTube,2,1.0,5,Every night,15,Entertainment,6.1,2,3,8,5,7,3,7,5,No,"Yes, failed",No,Good
14,Male,Full-time employed,Oceania,Instagram,2,2.7,106,Every night,82,News/information,6.6,9,2,8,4,7,3,7,4,No,"Yes, failed",No,Good
39,Male,Full-time employed,Latin America,Instagram,3,1.6,47,Sometimes,15,Entertainment,8.0,14,11,8,3,7,6,6,3,No,"Yes, failed",Considering it,Moderate
24,Male,Student,Europe,Reddit,1,4.9,83,Sometimes,14,Connection with friends,7.4,15,5,6,7,8,5,7,3,Yes,No,Yes,Moderate
38,Female,Unemployed,Europe,YouTube,2,3.8,73,Sometimes,25,News/information,7.1,8,7,8,4,4,6,4,0,No,No,Considering it,Good
40,Male,Student,North America,Snapchat,4,1.0,7,Often,28,News/information,6.3,7,4,9,4,5,5,4,3,No,No,Considering it,Good
19,Male,Unemployed,Europe,Instagram,3,1.6,7,Sometimes,36,Entertainment,6.6,12,6,7,3,8,6,8,3,No,"Yes, failed",Yes,Moderate
35,Female,Unemployed,Europe,Instagram,3,3.4,22,Sometimes,18,Connection with friends,7.4,8,5,8,5,6,3,6,3,No,"Yes, failed",No,Good
26,Male,Full-time employed,Europe,Instagram,5,0.8,18,Never,21,Entertainment,8.2,8,10,8,2,5,6,5,1,No,No,Considering it,Moderate
33,Female,Full-time employed,Asia,TikTok,7,1.1,10,Never,27,News/information,7.4,17,2,10,1,8,3,1,1,No,"Yes, failed",No,At-risk
34,Female,Student,Africa,YouTube,2,6.1,145,Often,18,Connection with friends,6.1,21,1,5,7,6,3,6,2,No,No,Considering it,At-risk
29,Female,Student,Africa,YouTube,3,2.8,105,Sometimes,22,Connection with friends,7.0,11,1,6,2,5,2,4,4,No,No,Yes,Moderate
13,Female,Student,North America,TikTok,2,3.6,80,Often,24,Connection with friends,7.7,11,4,8,5,4,4,9,3,Yes,No,Yes,Moderate
45,Male,Full-time employed,Africa,TikTok,7,5.7,16,Sometimes,11,News/information,7.0,10,0,5,7,4,5,4,2,Yes,No,No,Moderate
36,Male,Student,Oceania,TikTok,6,5.4,138,Often,4,Connection with friends,4.6,16,2,6,9,4,1,6,0,No,No,No,Moderate
17,Female,Full-time employed,Latin America,YouTube,5,1.3,50,Never,8,Content creation,8.4,4,1,8,4,6,3,5,2,No,No,Considering it,Good
25,Female,Student,Asia,Snapchat,5,2.7,39,Sometimes,5,Entertainment,8.2,7,8,8,2,6,3,3,2,No,No,Yes,Good
13,Female,Student,Africa,TikTok,6,4.3,72,Often,11,Connection with friends,6.7,7,0,6,6,5,2,9,4,Yes,"Yes, succeeded",No,Good
31,Male,Student,North America,YouTube,5,2.5,56,Every night,20,Work/career,6.2,8,0,7,4,6,2,7,4,No,"Yes, failed",Considering it,Good
49,Male,Student,North America,Facebook,4,7.4,113,Never,14,Passing time/boredom,6.9,13,2,7,8,4,8,7,2,No,"Yes, failed",No,Moderate
39,Female,Unemployed,Africa,TikTok,2,3.4,33,Every night,18,Entertainment,6.5,6,0,4,6,8,4,7,2,No,"Yes, failed",No,Good
40,Female,Full-time employed,Europe,Instagram,5,1.2,6,Often,10,News/information,7.4,11,6,9,3,7,2,6,3,No,No,Considering it,Moderate
40,Female,Unemployed,Latin America,Instagram,4,4.5,70,Every night,37,Entertainment,5.9,14,0,4,4,3,3,8,3,No,No,No,Moderate
31,Male,Student,Europe,Instagram,6,4.0,143,Sometimes,19,Passing time/boredom,6.3,8,5,6,2,4,4,6,4,Yes,"Yes, failed",Yes,Good
15,Female,Full-time employed,North America,Instagram,3,4.9,100,Every night,28,Entertainment,5.7,17,0,8,1,6,4,6,1,No,"Yes, failed",No,At-risk
28,Male,Student,Latin America,YouTube,4,2.5,46,Never,14,Work/career,8.4,14,0,8,5,8,6,7,3,No,No,Yes,Moderate
18,Male,Full-time employed,Asia,YouTube,6,3.8,45,Often,5,Passing time/boredom,6.9,20,2,4,4,5,9,4,3,No,No,No,At-risk
28,Female,Full-time employed,North America,Instagram,6,3.9,89,Every night,15,Entertainment,5.0,10,8,4,10,5,6,7,3,Yes,"Yes, failed",No,Moderate
26,Male,Student,Asia,TikTok,3,3.5,32,Never,40,Work/career,6.8,8,0,8,6,5,5,6,5,No,No,No,Good
31,Female,Student,Asia,Reddit,5,1.0,11,Often,28,News/information,8.1,12,0,6,4,8,3,4,2,No,No,No,Moderate
31,Female,Full-time employed,Europe,TikTok,1,1.5,22,Often,9,Connection with friends,7.0,19,7,9,5,3,4,5,2,No,No,Yes,At-risk
26,Male,Student,Latin America,YouTube,2,2.4,22,Sometimes,23,Connection with friends,7.4,5,1,9,6,4,6,5,4,Yes,"Yes, failed",No,Good
26,Female,Self-employed,North America,TikTok,1,2.4,24,Never,14,Work/career,7.4,5,11,7,4,6,6,8,2,No,No,Considering it,Moderate
21,Male,Student,Latin America,TikTok,2,4.0,81,Sometimes,49,Entertainment,7.5,11,0,8,10,8,10,4,4,No,No,No,Moderate
25,Female,Full-time employed,Asia,Instagram,3,2.6,67,Sometimes,42,Entertainment,8.0,13,0,7,5,6,4,2,3,Yes,No,No,Moderate
39,Female,Full-time employed,Europe,TikTok,3,5.1,54,Every night,21,Content creation,5.8,25,0,6,6,5,5,7,2,No,"Yes, failed",Yes,At-risk
23,Female,Full-time employed,Asia,Snapchat,5,0.8,14,Sometimes,11,Content creation,7.5,6,8,5,4,9,3,7,2,Yes,No,No,Good
34,Female,Self-employed,North America,TikTok,4,1.5,12,Every night,8,Entertainment,7.6,13,0,8,1,5,4,2,3,Yes,No,No,Moderate
35,Non-binary,Student,Asia,Instagram,2,5.8,46,Never,15,Connection with friends,6.9,9,3,5,7,5,10,5,3,No,No,Yes,Good
16,Female,Full-time employed,Europe,Facebook,2,3.3,82,Sometimes,7,News/information,6.8,7,4,6,2,6,8,8,3,Yes,No,No,Good
23,Male,Full-time employed,Asia,Snapchat,4,2.2,40,Never,33,Passing time/boredom,7.3,11,3,10,3,6,4,7,1,No,"Yes, failed",No,Moderate
39,Male,Student,Asia,YouTube,4,2.0,50,Sometimes,3,News/information,7.7,4,4,10,3,8,7,8,2,No,"Yes, failed",No,Good
30,Male,Full-time employed,Oceania,Instagram,3,3.0,30,Often,37,Connection with friends,7.5,12,1,7,5,7,6,6,1,No,No,No,Moderate
30,Female,Unemployed,Europe,TikTok,3,2.5,48,Never,5,Connection with friends,6.7,4,11,9,4,9,3,7,4,No,No,No,Moderate
19,Male,Student,North America,Instagram,7,2.4,42,Every night,34,Entertainment,6.4,12,4,6,4,3,6,2,6,No,No,No,Moderate
20,Male,Unemployed,Europe,TikTok,1,1.9,23,Sometimes,4,News/information,6.4,14,0,6,3,7,5,6,2,Yes,"Yes, failed",Considering it,Moderate
15,Male,Unemployed,Oceania,Facebook,4,2.9,58,Often,5,Passing time/boredom,5.9,15,1,7,3,4,5,5,5,Yes,"Yes, succeeded",No,Moderate
32,Male,Full-time employed,North America,TikTok,4,5.2,111,Often,35,Entertainment,6.9,13,9,8,7,7,7,6,2,No,No,Considering it,Moderate
13,Male,Student,North America,X/Twitter,6,3.5,92,Sometimes,1,Connection with friends,7.9,5,9,9,1,6,1,5,5,Yes,"Yes, failed",No,Good
38,Male,Student,North America,TikTok,3,1.4,24,Often,26,Entertainment,7.2,8,7,9,6,8,4,3,4,Yes,"Yes, succeeded",No,Good
23,Female,Full-time employed,Europe,Instagram,6,2.5,62,Sometimes,32,Work/career,7.0,13,6,6,5,10,6,9,1,No,No,Yes,Moderate
31,Female,Full-time employed,Asia,Instagram,6,7.1,304,Often,9,News/information,7.1,14,0,3,7,4,8,7,3,No,"Yes, failed",Yes,Moderate
33,Male,Student,Africa,YouTube,8,1.3,74,Never,58,Entertainment,7.6,11,0,8,1,7,3,4,2,No,"Yes, failed",No,Moderate
48,Female,Full-time employed,Africa,Snapchat,2,1.0,12,Sometimes,2,News/information,8.5,16,9,8,7,7,5,5,4,No,"Yes, failed",No,Moderate
35,Male,Student,North America,TikTok,4,3.1,63,Never,10,Entertainment,7.3,4,3,7,1,8,6,5,2,No,"Yes, succeeded",No,Good
40,Male,Student,Europe,Snapchat,2,3.8,13,Sometimes,36,News/information,7.1,17,8,9,7,6,6,7,2,No,"Yes, succeeded",No,At-risk
27,Female,Student,North America,LinkedIn,3,3.5,42,Never,24,Entertainment,7.7,6,8,7,5,5,8,3,1,Yes,No,Yes,Good
47,Male,Full-time employed,Latin America,Instagram,2,0.9,18,Often,7,Entertainment,6.2,6,8,8,5,5,7,3,2,No,No,No,Good
21,Female,Retired,Asia,TikTok,2,2.8,35,Sometimes,4,News/information,6.6,16,0,6,7,7,3,4,4,No,"Yes, failed",Considering it,Moderate
35,Male,Unemployed,Africa,TikTok,4,1.9,20,Sometimes,61,Work/career,8.8,5,9,9,4,5,5,8,5,Yes,"Yes, failed",No,Good
46,Male,Student,Asia,Facebook,3,1.1,18,Sometimes,44,Entertainment,6.8,2,1,6,5,7,3,6,3,No,"Yes, failed",Yes,Good
37,Female,Part-time employed,Asia,Snapchat,3,2.2,48,Every night,15,Connection with friends,7.6,17,0,7,4,6,3,3,1,No,No,No,At-risk
35,Male,Student,Oceania,YouTube,5,6.3,101,Sometimes,25,Entertainment,6.7,18,6,6,8,3,7,9,3,Yes,"Yes, failed",No,At-risk
35,Female,Student,North America,Instagram,5,7.2,209,Sometimes,19,Passing time/boredom,5.3,11,0,3,7,6,4,10,1,No,No,Yes,Moderate
37,Female,Student,Latin America,YouTube,2,0.5,21,Never,23,News/information,8.6,5,7,9,6,5,1,5,1,No,"Yes, failed",Yes,Good
40,Female,Full-time employed,North America,TikTok,2,2.5,38,Often,20,Work/career,7.1,6,9,7,4,4,2,1,1,No,No,No,Good
32,Female,Student,Asia,YouTube,4,2.0,34,Sometimes,22,Connection with friends,5.9,15,6,8,5,6,6,5,5,No,No,No,Moderate
41,Male,Full-time employed,Asia,TikTok,2,6.0,151,Every night,39,Passing time/boredom,5.9,14,2,2,7,7,4,6,4,No,No,Considering it,Moderate
15,Female,Student,Europe,Reddit,5,4.4,48,Every night,9,Entertainment,6.6,22,0,9,4,8,1,8,4,No,No,Considering it,At-risk
26,Female,Student,Asia,X/Twitter,3,3.8,44,Every night,9,Connection with friends,5.4,13,0,6,4,4,9,4,2,No,"Yes, failed",Considering it,Moderate
19,Female,Student,Europe,Instagram,5,4.1,79,Often,6,Entertainment,5.9,14,0,8,5,6,4,3,4,No,No,No,Moderate
28,Male,Student,Europe,TikTok,3,4.1,51,Often,17,Connection with friends,6.9,13,4,6,5,7,9,5,1,No,"Yes, failed",Considering it,Moderate
42,Female,Part-time employed,Latin America,YouTube,6,0.8,30,Sometimes,29,Entertainment,8.7,5,3,9,4,6,3,6,4,No,No,Considering it,Good
34,Non-binary,Part-time employed,Latin America,Facebook,2,1.7,40,Never,32,Connection with friends,7.8,8,4,5,2,4,4,6,3,No,"Yes, failed",Yes,Good
35,Male,Full-time employed,North America,YouTube,3,2.0,65,Sometimes,23,Connection with friends,8.2,7,10,8,4,7,2,2,1,No,"Yes, succeeded",No,Moderate
44,Non-binary,Full-time employed,North America,LinkedIn,4,1.5,67,Sometimes,25,Connection with friends,7.7,9,7,6,3,7,6,7,3,No,No,No,Good
36,Female,Full-time employed,Asia,Instagram,1,6.1,44,Often,12,Entertainment,6.0,10,2,6,6,6,7,9,5,Yes,"Yes, succeeded",No,Moderate
17,Male,Student,Europe,Instagram,3,3.4,117,Every night,8,Work/career,6.8,20,10,5,5,5,4,7,1,No,"Yes, failed",No,At-risk
14,Male,Full-time employed,North America,TikTok,3,1.6,15,Every night,11,Connection with friends,6.8,13,0,7,3,6,2,4,4,No,No,Yes,Moderate
16,Male,Full-time employed,Europe,TikTok,2,2.3,45,Often,7,Work/career,6.8,9,1,8,6,5,5,6,3,Yes,"Yes, failed",No,Good
23,Female,Student,Asia,YouTube,2,5.1,218,Every night,17,Content creation,5.9,11,3,8,8,5,8,10,4,Yes,No,Considering it,Moderate
54,Female,Full-time employed,Asia,Snapchat,4,3.0,68,Sometimes,5,Connection with friends,7.6,11,0,6,5,6,2,4,3,No,"Yes, failed",No,Moderate
23,Male,Student,Europe,YouTube,2,4.6,27,Often,21,Connection with friends,6.7,5,2,7,5,7,6,7,2,Yes,"Yes, failed",No,Good
39,Female,Part-time employed,Asia,Instagram,5,5.5,98,Never,8,Passing time/boredom,7.0,11,1,5,4,6,5,8,5,Yes,No,No,Moderate
17,Male,Full-time employed,Asia,Snapchat,3,2.6,7,Sometimes,54,Entertainment,6.6,7,5,10,3,6,5,6,2,Yes,No,No,Good
38,Male,Part-time employed,Asia,TikTok,4,7.7,162,Never,11,Connection with friends,6.4,17,6,7,7,8,8,7,3,Yes,"Yes, succeeded",No,At-risk
18,Male,Full-time employed,Asia,Facebook,3,4.0,53,Often,6,Entertainment,7.1,12,0,7,4,6,5,5,3,No,"Yes, failed",No,Moderate
18,Female,Part-time employed,North America,Facebook,5,1.3,10,Sometimes,13,Connection with friends,6.5,12,2,10,2,7,4,7,3,No,"Yes, failed",No,Moderate
25,Female,Part-time employed,Europe,Snapchat,2,1.8,16,Every night,10,Entertainment,5.8,5,2,5,5,4,3,7,2,Yes,No,No,Good
22,Male,Full-time employed,Asia,Snapchat,4,2.2,108,Often,55,News/information,6.5,4,7,8,2,3,2,6,1,No,"Yes, failed",Yes,Good
13,Male,Part-time employed,Europe,TikTok,5,2.3,64,Sometimes,19,Connection with friends,6.9,11,6,5,5,5,6,6,4,No,No,No,Moderate
13,Male,Self-employed,Asia,TikTok,1,2.2,22,Every night,14,Connection with friends,5.8,9,8,4,6,8,7,6,2,No,No,No,Good
31,Male,Student,Africa,YouTube,3,1.2,5,Every night,42,Entertainment,6.3,9,8,7,1,6,2,9,3,Yes,"Yes, failed",Yes,Good
26,Male,Full-time employed,Asia,LinkedIn,2,3.2,109,Never,25,Entertainment,8.0,3,1,7,6,4,3,7,3,No,"Yes, failed",No,Good
38,Female,Full-time employed,North America,LinkedIn,6,3.6,131,Sometimes,25,Connection with friends,6.8,8,0,7,3,5,5,2,1,Yes,No,Yes,Good
17,Female,Part-time employed,Europe,TikTok,6,2.4,57,Sometimes,19,News/information,7.0,8,5,4,4,4,3,6,3,Yes,No,No,Good
16,Female,Unemployed,Europe,Instagram,1,3.4,152,Sometimes,17,Passing time/boredom,7.0,13,7,8,2,6,1,2,4,No,No,No,Moderate
30,Male,Self-employed,Africa,LinkedIn,5,3.0,80,Often,13,Work/career,6.9,16,1,6,4,9,6,6,3,No,"Yes, failed",No,Moderate
27,Male,Unemployed,Europe,TikTok,5,2.0,69,Never,22,Entertainment,7.2,9,5,10,6,7,5,4,1,No,"Yes, succeeded",No,Good
31,Female,Unemployed,North America,TikTok,3,5.8,103,Sometimes,25,Work/career,6.1,11,3,6,6,7,6,6,2,No,No,No,Moderate
36,Male,Student,North America,TikTok,6,1.1,24,Often,36,Passing time/boredom,7.9,12,11,9,6,7,3,2,1,No,No,No,Moderate
21,Female,Full-time employed,Europe,YouTube,1,1.0,18,Often,26,Work/career,7.6,7,7,8,7,5,5,1,3,No,No,Considering it,Good
38,Female,Full-time employed,Asia,YouTube,5,5.4,279,Every night,17,News/information,6.5,9,4,5,3,5,7,5,0,Yes,"Yes, failed",Considering it,Good
40,Female,Part-time employed,Latin America,Instagram,5,2.2,18,Often,5,Connection with friends,7.0,9,3,9,5,6,3,7,1,No,No,Considering it,Good
13,Female,Student,Asia,Snapchat,3,5.0,85,Never,9,Passing time/boredom,8.4,10,5,6,4,5,4,6,2,No,"Yes, failed",No,Moderate
21,Female,Student,Europe,Instagram,2,1.8,9,Often,7,Connection with friends,6.2,7,6,6,1,9,6,3,4,No,"Yes, failed",No,Good
39,Male,Student,North America,TikTok,2,2.9,105,Often,20,Work/career,7.1,9,9,6,4,8,1,6,5,No,No,No,Good
48,Male,Student,Asia,TikTok,3,4.4,98,Sometimes,32,Entertainment,7.8,14,5,6,10,5,2,5,3,Yes,No,No,Moderate
16,Female,Student,Asia,Instagram,5,5.8,121,Often,30,Work/career,4.9,16,5,6,8,5,6,3,4,No,"Yes, failed",Considering it,Moderate
36,Female,Student,Latin America,YouTube,5,2.4,142,Every night,26,Passing time/boredom,5.8,8,4,7,2,7,3,6,3,Yes,No,No,Good
32,Female,Student,North America,Instagram,2,5.8,179,Often,15,Connection with friends,6.7,17,0,6,6,6,6,2,1,Yes,"Yes, failed",Yes,At-risk
32,Female,Student,Latin America,YouTube,3,6.4,97,Sometimes,37,News/information,7.1,20,0,8,8,3,8,8,4,No,"Yes, failed",Considering it,At-risk
43,Male,Full-time employed,North America,TikTok,2,1.4,21,Never,23,Content creation,7.0,13,12,8,2,9,6,4,5,No,"Yes, succeeded",No,Moderate
32,Male,Part-time employed,Oceania,X/Twitter,5,1.1,17,Often,27,Passing time/boredom,8.2,11,0,9,4,8,5,8,5,No,"Yes, succeeded",Considering it,Moderate
46,Female,Full-time employed,Latin America,Snapchat,5,2.7,92,Often,25,Passing time/boredom,6.4,10,1,7,4,5,6,6,2,Yes,"Yes, failed",No,Moderate
38,Male,Student,Latin America,YouTube,4,2.8,28,Sometimes,18,Content creation,7.3,12,4,7,6,6,3,4,2,No,"Yes, succeeded",Considering it,Moderate
30,Female,Student,Europe,Facebook,2,1.8,14,Often,10,Entertainment,7.2,13,8,7,1,5,3,3,1,No,"Yes, failed",Considering it,Moderate
27,Female,Full-time employed,Latin America,Instagram,3,1.1,21,Often,4,Passing time/boredom,6.2,14,7,7,5,9,1,7,2,No,"Yes, failed",Considering it,Moderate
40,Male,Student,North America,Reddit,3,4.3,166,Never,19,Entertainment,8.3,11,1,7,5,4,5,7,3,Yes,"Yes, failed",No,Moderate
26,Male,Self-employed,Europe,TikTok,5,2.3,90,Sometimes,30,Connection with friends,7.1,12,4,9,6,5,1,3,4,Yes,"Yes, failed",No,Moderate
30,Female,Student,Asia,YouTube,3,4.5,121,Never,30,Passing time/boredom,7.2,12,4,8,4,7,7,6,3,No,"Yes, failed",No,Moderate
25,Prefer not to say,Student,Europe,TikTok,1,1.4,18,Every night,8,Content creation,6.2,3,0,7,7,7,1,1,3,No,"Yes, failed",No,Good
30,Male,Student,Oceania,Instagram,2,0.9,16,Never,11,Entertainment,8.8,6,5,10,4,6,5,2,3,Yes,No,No,Good
27,Male,Part-time employed,Asia,YouTube,1,2.1,20,Sometimes,9,Content creation,8.1,15,2,8,5,6,3,4,1,Yes,No,No,Moderate
37,Male,Part-time employed,Latin America,TikTok,5,7.3,162,Sometimes,26,Entertainment,7.9,14,4,6,8,3,8,10,4,No,"Yes, failed",No,Moderate
31,Female,Student,Asia,Snapchat,4,6.4,107,Never,16,Connection with friends,6.8,13,3,6,7,9,7,7,3,No,No,No,Moderate
44,Female,Student,North America,TikTok,2,5.2,116,Sometimes,12,Entertainment,6.6,10,3,6,5,5,5,5,4,No,"Yes, failed",No,Moderate
26,Male,Unemployed,Oceania,TikTok,3,1.7,22,Sometimes,8,Work/career,7.2,4,0,6,5,6,2,6,1,No,No,Considering it,Good
32,Female,Full-time employed,North America,LinkedIn,3,3.0,44,Every night,18,Content creation,5.8,13,1,7,4,5,7,3,3,No,No,Yes,Moderate
45,Male,Part-time employed,Asia,Facebook,2,1.0,14,Every night,97,Entertainment,6.8,7,10,7,2,10,4,5,2,No,No,No,Moderate
21,Male,Student,Asia,Instagram,1,2.1,36,Sometimes,9,Entertainment,7.1,19,1,9,3,9,3,5,4,No,No,No,At-risk
33,Male,Student,Asia,Instagram,5,3.9,26,Sometimes,35,Passing time/boredom,6.0,15,10,8,5,7,5,5,3,Yes,No,No,Moderate
36,Female,Part-time employed,Asia,Facebook,3,1.2,11,Sometimes,25,Work/career,7.2,7,17,9,4,5,2,6,2,No,"Yes, failed",No,At-risk
45,Female,Retired,Latin America,YouTube,1,5.5,306,Sometimes,19,Entertainment,6.3,9,3,6,4,6,6,8,3,No,"Yes, failed",Yes,Good
35,Male,Student,North America,Reddit,3,8.6,135,Sometimes,17,Work/career,6.9,19,0,4,6,5,7,10,4,No,"Yes, failed",Yes,At-risk
46,Male,Student,Africa,TikTok,1,2.7,19,Sometimes,37,Entertainment,6.8,11,6,4,7,7,5,4,3,No,No,No,Moderate
27,Female,Student,Africa,Snapchat,3,1.5,28,Often,2,Entertainment,8.2,4,9,9,5,10,4,3,2,No,"Yes, failed",No,Good
13,Female,Full-time employed,Asia,TikTok,2,1.9,11,Every night,22,Entertainment,6.2,14,0,8,5,5,3,5,5,Yes,"Yes, failed",No,Moderate
17,Female,Full-time employed,Oceania,YouTube,1,2.2,21,Sometimes,32,Entertainment,6.4,6,10,7,8,6,1,1,5,No,No,Yes,Moderate
15,Male,Full-time employed,North America,Reddit,4,4.0,25,Sometimes,14,Connection with friends,8.0,17,1,6,7,3,3,3,4,No,No,No,At-risk
35,Male,Student,Oceania,Instagram,4,4.1,117,Every night,22,Entertainment,7.3,9,1,7,7,4,5,3,1,No,No,No,Good
38,Male,Part-time employed,Europe,Instagram,2,5.3,34,Sometimes,32,Content creation,6.7,15,6,8,7,7,5,7,3,Yes,No,No,Moderate
24,Male,Student,Latin America,Instagram,3,0.4,11,Sometimes,30,Passing time/boredom,8.5,9,10,8,2,9,5,4,3,No,"Yes, failed",Considering it,Moderate
23,Male,Full-time employed,Europe,TikTok,4,4.6,34,Every night,20,News/information,4.6,10,0,2,7,4,3,1,2,Yes,No,Considering it,Moderate
26,Male,Student,Africa,YouTube,1,5.5,161,Every night,42,Connection with friends,7.0,21,2,6,3,5,4,6,2,Yes,No,Considering it,At-risk
27,Female,Unemployed,North America,TikTok,2,3.4,43,Never,2,Connection with friends,6.2,9,0,3,3,5,7,7,5,No,No,No,Good
27,Male,Student,Africa,Reddit,5,2.9,55,Sometimes,15,Entertainment,7.2,11,1,8,5,8,5,3,3,Yes,"Yes, failed",Considering it,Moderate
13,Male,Part-time employed,Africa,Facebook,5,2.6,40,Sometimes,23,News/information,6.2,12,1,3,5,8,2,6,3,No,"Yes, failed",No,Moderate
31,Female,Part-time employed,Europe,YouTube,5,0.6,5,Every night,52,Entertainment,7.0,8,7,5,4,8,4,5,2,No,No,No,Good
20,Female,Student,North America,Facebook,5,5.2,46,Never,24,Content creation,7.0,14,5,6,5,5,3,6,2,No,"Yes, failed",No,Moderate
39,Female,Student,Europe,LinkedIn,3,2.7,20,Often,46,Entertainment,5.9,17,0,7,1,6,5,4,6,Yes,No,No,At-risk
26,Male,Full-time employed,North America,Reddit,1,4.2,64,Sometimes,19,Connection with friends,6.8,17,6,8,2,7,5,3,4,Yes,No,No,At-risk
42,Male,Unemployed,Asia,Instagram,2,2.9,78,Sometimes,44,News/information,6.5,6,0,8,5,5,5,4,5,No,"Yes, failed",Considering it,Good
36,Female,Self-employed,Africa,TikTok,5,4.0,64,Often,2,Entertainment,5.9,16,2,4,7,6,3,8,2,Yes,No,No,Moderate
21,Female,Retired,North America,LinkedIn,1,2.2,21,Never,21,News/information,8.6,7,4,8,3,5,7,4,4,No,"Yes, succeeded",No,Good
20,Male,Part-time employed,Europe,X/Twitter,4,2.3,10,Often,18,News/information,6.7,15,2,10,4,6,2,1,1,No,No,No,Moderate
19,Female,Student,Asia,TikTok,5,0.9,28,Often,39,Work/career,6.5,9,10,8,5,6,2,6,3,No,"Yes, failed",Yes,Moderate
26,Male,Self-employed,Europe,TikTok,4,2.2,62,Often,27,News/information,6.4,11,7,7,7,6,1,3,4,Yes,"Yes, succeeded",No,Moderate
22,Female,Full-time employed,Europe,TikTok,2,3.8,33,Sometimes,11,Passing time/boredom,7.4,11,5,7,7,6,5,5,4,Yes,No,No,Moderate
22,Female,Part-time employed,Europe,TikTok,5,1.4,15,Never,56,Entertainment,7.3,9,10,5,4,7,1,2,3,Yes,"Yes, failed",Considering it,Moderate
13,Male,Self-employed,Europe,TikTok,3,5.9,49,Often,11,Passing time/boredom,7.4,17,10,7,4,4,6,4,3,Yes,"Yes, succeeded",No,At-risk
36,Male,Student,Europe,Instagram,4,3.4,109,Sometimes,28,Connection with friends,6.1,24,3,8,5,4,5,2,5,No,No,Considering it,At-risk
33,Prefer not to say,Full-time employed,Europe,Instagram,3,1.9,15,Often,11,Connection with friends,7.8,8,8,6,3,8,3,5,2,No,"Yes, failed",No,Good
20,Prefer not to say,Unemployed,Latin America,Facebook,5,5.5,67,Sometimes,12,Work/career,7.0,12,0,6,5,5,8,5,2,No,"Yes, failed",No,Moderate
37,Female,Part-time employed,North America,Instagram,3,4.1,32,Sometimes,9,Content creation,8.2,13,3,8,7,1,1,7,1,No,"Yes, failed",No,Moderate
27,Female,Student,North America,Instagram,3,4.4,9,Often,39,Connection with friends,5.8,14,11,6,7,1,3,9,4,No,No,Considering it,Moderate
30,Female,Student,Europe,X/Twitter,2,3.1,61,Sometimes,5,News/information,7.5,15,3,8,5,7,4,5,4,No,"Yes, succeeded",No,Moderate
39,Male,Student,Asia,Instagram,4,6.5,114,Never,4,Connection with friends,7.2,20,0,8,8,6,8,4,3,No,No,No,At-risk
34,Male,Full-time employed,North America,TikTok,7,1.1,36,Often,7,Entertainment,6.7,6,1,6,2,8,3,4,3,No,No,No,Good
32,Female,Student,North America,Instagram,7,3.3,49,Sometimes,19,Entertainment,7.0,12,0,6,1,7,5,5,3,No,"Yes, failed",No,Moderate
51,Non-binary,Student,Asia,TikTok,1,6.1,162,Sometimes,9,Connection with friends,7.1,6,0,6,5,2,3,6,3,Yes,"Yes, failed",No,Good
13,Male,Full-time employed,Latin America,TikTok,5,0.9,25,Often,9,Connection with friends,7.8,6,5,8,2,10,3,2,3,Yes,No,No,Good
29,Female,Full-time employed,Europe,Instagram,2,0.8,8,Often,6,Passing time/boredom,6.7,11,6,10,2,6,5,4,1,No,"Yes, failed",No,Moderate
24,Male,Full-time employed,Latin America,TikTok,1,4.7,90,Never,27,News/information,8.4,7,0,7,4,3,9,9,5,No,"Yes, succeeded",Considering it,Good
41,Male,Full-time employed,Europe,Instagram,6,1.1,31,Every night,14,Passing time/boredom,7.8,6,4,8,2,8,2,6,1,No,No,Yes,Good
21,Female,Student,Latin America,TikTok,5,2.5,23,Sometimes,37,Entertainment,8.1,13,6,6,2,8,3,7,3,Yes,No,Considering it,Moderate
30,Female,Full-time employed,Asia,Facebook,2,1.1,6,Never,11,News/information,8.8,15,10,9,5,4,4,6,1,No,No,No,Moderate
31,Female,Full-time employed,Asia,TikTok,6,3.5,82,Every night,34,Entertainment,6.4,7,4,7,3,5,1,8,1,Yes,No,No,Good
52,Male,Retired,Oceania,TikTok,1,4.4,111,Sometimes,4,Content creation,5.9,18,4,7,6,7,4,6,1,Yes,"Yes, failed",No,At-risk
37,Male,Student,North America,YouTube,4,2.6,129,Often,16,News/information,6.6,13,2,5,8,9,2,1,4,Yes,No,No,Moderate
14,Female,Full-time employed,Asia,Instagram,4,1.8,22,Often,59,Work/career,6.7,4,0,8,1,4,3,6,2,No,"Yes, failed",No,Good
18,Male,Full-time employed,Asia,X/Twitter,1,1.4,16,Every night,13,News/information,6.0,1,11,7,3,10,2,8,4,No,"Yes, succeeded",No,Moderate
17,Female,Student,Asia,TikTok,4,1.0,7,Never,16,Connection with friends,7.3,10,10,9,2,4,2,3,2,No,No,No,Moderate
32,Male,Full-time employed,Asia,TikTok,5,2.0,7,Never,48,Entertainment,7.1,10,4,9,5,6,5,3,5,No,"Yes, failed",Yes,Moderate
51,Male,Full-time employed,Asia,YouTube,5,2.7,17,Often,17,Entertainment,7.3,5,6,6,1,6,5,1,2,Yes,No,No,Good
37,Female,Unemployed,North America,LinkedIn,1,3.7,41,Every night,15,News/information,6.0,11,0,7,4,7,5,2,2,No,"Yes, failed",Considering it,Moderate
31,Female,Student,North America,TikTok,4,3.3,45,Sometimes,18,Entertainment,8.0,10,0,6,4,7,5,7,2,No,"Yes, succeeded",No,Moderate
21,Male,Self-employed,Europe,Facebook,4,5.8,44,Every night,24,Connection with friends,5.0,15,0,7,7,5,3,5,3,No,"Yes, failed",No,Moderate
37,Male,Student,North America,TikTok,6,2.2,90,Often,22,News/information,6.9,12,1,9,7,6,6,3,3,No,"Yes, succeeded",No,Moderate
23,Female,Student,Europe,Reddit,3,3.0,45,Never,7,Entertainment,7.9,9,7,5,7,5,4,6,1,No,No,Yes,Good
40,Male,Full-time employed,North America,YouTube,2,3.9,24,Often,12,Connection with friends,7.4,11,3,9,5,3,5,7,4,No,No,No,Moderate
26,Female,Student,Europe,YouTube,1,2.2,70,Often,12,Entertainment,7.1,7,0,6,4,7,4,8,3,No,"Yes, succeeded",Considering it,Good
15,Male,Student,Asia,YouTube,3,2.9,93,Often,11,Connection with friends,7.0,14,4,8,2,4,2,6,3,No,"Yes, failed",Yes,Moderate
37,Female,Student,Asia,Facebook,4,7.7,304,Every night,26,Content creation,5.6,14,0,3,5,4,9,9,2,Yes,No,No,Moderate
15,Male,Retired,Europe,X/Twitter,4,0.9,16,Every night,4,Content creation,7.6,14,1,7,4,6,3,7,3,No,No,No,Moderate
21,Male,Student,Europe,Reddit,1,4.0,19,Sometimes,31,Entertainment,8.0,12,1,6,6,8,4,5,2,Yes,"Yes, succeeded",No,Moderate
26,Male,Student,Asia,LinkedIn,6,2.2,15,Sometimes,18,Passing time/boredom,7.1,5,5,7,3,4,1,5,1,No,No,No,Good
45,Female,Part-time employed,Europe,TikTok,6,2.5,50,Never,49,Passing time/boredom,8.7,14,4,8,6,8,5,4,2,No,"Yes, succeeded",No,Moderate
13,Non-binary,Student,North America,TikTok,1,2.9,20,Sometimes,49,Connection with friends,6.2,13,5,5,6,4,2,5,1,No,"Yes, succeeded",No,Moderate
33,Male,Full-time employed,Latin America,Facebook,5,4.1,227,Every night,27,Connection with friends,6.8,15,7,5,5,3,8,8,2,Yes,No,No,Moderate
29,Male,Unemployed,North America,Instagram,4,0.7,5,Often,5,News/information,8.1,5,0,8,3,7,6,3,3,No,"Yes, failed",Considering it,Good
23,Female,Student,North America,Instagram,1,1.0,26,Often,46,Entertainment,7.6,8,0,5,6,10,1,3,3,No,"Yes, failed",No,Good
36,Female,Student,North America,Facebook,8,4.4,40,Sometimes,17,News/information,7.2,17,2,7,4,5,2,7,2,Yes,No,No,At-risk
26,Male,Full-time employed,Africa,Instagram,5,4.4,117,Often,9,Content creation,6.7,16,3,7,5,7,2,7,6,Yes,"Yes, succeeded",Yes,Moderate
22,Male,Student,Asia,Instagram,1,3.3,51,Often,7,News/information,7.4,9,4,9,4,9,2,7,2,No,No,Yes,Good
29,Male,Full-time employed,Europe,Reddit,3,1.8,13,Never,23,Entertainment,7.0,9,4,8,8,6,2,5,3,No,"Yes, failed",Considering it,Good
28,Male,Full-time employed,North America,Snapchat,5,1.0,16,Sometimes,21,Connection with friends,7.4,8,6,8,5,6,5,1,3,No,No,No,Good
19,Male,Full-time employed,Asia,Snapchat,2,3.8,53,Never,5,Passing time/boredom,7.7,15,2,8,4,6,6,2,1,Yes,"Yes, failed",Considering it,Moderate
27,Female,Student,Asia,TikTok,3,4.3,88,Sometimes,30,Work/career,6.1,17,0,7,1,5,4,5,2,No,"Yes, failed",No,At-risk
42,Female,Student,North America,Instagram,2,7.9,104,Often,14,Passing time/boredom,5.6,18,0,6,5,1,4,6,2,No,"Yes, failed",No,At-risk
24,Male,Student,Asia,Instagram,2,2.3,23,Often,14,Content creation,7.8,7,0,8,5,8,6,9,3,No,"Yes, failed",Yes,Good
27,Male,Student,Latin America,Facebook,1,4.0,134,Every night,15,Content creation,6.3,12,3,6,6,9,5,4,3,No,"Yes, failed",No,Moderate
39,Male,Student,North America,Facebook,3,5.9,27,Often,14,Entertainment,5.6,16,2,5,8,6,3,5,3,No,No,No,Moderate
26,Female,Student,Oceania,TikTok,6,0.7,7,Never,11,News/information,7.8,5,4,6,1,6,7,6,2,Yes,"Yes, failed",No,Good
29,Male,Full-time employed,Asia,Instagram,3,2.3,49,Sometimes,10,Entertainment,7.1,10,3,7,3,4,3,1,2,Yes,"Yes, failed",Considering it,Moderate
44,Female,Student,Asia,Reddit,2,5.2,45,Sometimes,60,Connection with friends,6.9,16,0,5,5,2,7,7,4,Yes,No,Yes,Moderate
13,Female,Self-employed,Europe,Instagram,1,2.6,11,Sometimes,44,Entertainment,7.6,14,7,7,7,6,5,7,3,No,"Yes, failed",Considering it,Moderate
23,Female,Student,Europe,X/Twitter,5,2.6,90,Every night,54,Entertainment,5.7,8,1,9,5,3,4,8,2,No,"Yes, failed",No,Good
27,Male,Self-employed,Europe,X/Twitter,2,2.3,24,Often,14,Passing time/boredom,8.2,9,4,8,5,4,6,4,1,Yes,"Yes, succeeded",No,Good
41,Female,Student,Latin America,YouTube,5,1.8,38,Sometimes,30,Entertainment,7.2,4,0,8,1,6,3,3,7,No,No,No,Good
29,Male,Student,Europe,Instagram,5,2.9,22,Never,13,Passing time/boredom,7.4,14,1,7,5,6,6,6,4,No,"Yes, failed",Yes,Moderate
44,Female,Self-employed,Africa,TikTok,1,2.3,23,Sometimes,12,Connection with friends,6.7,11,4,6,4,6,7,7,4,No,"Yes, failed",No,Moderate
29,Male,Student,North America,Instagram,3,6.0,172,Sometimes,7,Entertainment,6.2,17,0,8,5,6,4,5,4,No,No,No,At-risk
16,Female,Full-time employed,Asia,TikTok,2,2.8,28,Often,28,Entertainment,7.0,11,3,6,6,9,3,7,5,No,"Yes, succeeded",Considering it,Moderate
28,Non-binary,Full-time employed,Europe,Facebook,1,9.4,55,Never,37,Passing time/boredom,8.0,22,0,3,7,5,10,3,4,No,No,No,At-risk
36,Male,Part-time employed,Europe,Instagram,4,1.4,21,Sometimes,6,Passing time/boredom,7.4,9,0,7,3,7,6,2,3,No,No,Considering it,Good
40,Male,Full-time employed,Europe,TikTok,1,6.5,80,Often,40,Entertainment,5.7,20,0,5,3,8,6,7,1,No,"Yes, failed",Yes,At-risk
13,Female,Student,Asia,Instagram,1,2.8,37,Often,17,Connection with friends,6.1,8,8,7,4,5,7,3,5,No,No,No,Good
29,Male,Self-employed,Europe,Instagram,1,1.7,47,Sometimes,5,Content creation,7.9,8,7,8,3,5,5,6,5,Yes,"Yes, failed",Yes,Good
33,Male,Full-time employed,Europe,Instagram,1,1.4,39,Sometimes,60,Entertainment,7.1,15,8,6,5,6,5,10,3,Yes,No,No,Moderate
40,Female,Part-time employed,Africa,YouTube,2,2.2,54,Sometimes,30,Connection with friends,7.9,13,0,7,5,5,5,5,2,No,"Yes, failed",Yes,Moderate
30,Male,Full-time employed,Africa,TikTok,4,2.3,32,Every night,32,Entertainment,6.4,12,9,7,6,8,7,4,2,No,No,No,Moderate
32,Male,Student,Asia,Instagram,4,4.3,28,Sometimes,10,Work/career,6.9,16,5,7,4,3,6,7,2,Yes,No,No,Moderate
27,Female,Student,North America,YouTube,2,0.6,14,Every night,16,Passing time/boredom,8.1,13,6,8,3,6,4,6,2,No,No,Yes,Moderate
36,Female,Full-time employed,Europe,Reddit,4,1.9,19,Sometimes,39,News/information,8.3,9,8,10,2,9,5,4,2,No,No,Yes,Good
37,Female,Student,Asia,YouTube,8,3.1,82,Every night,12,Entertainment,6.8,8,6,6,5,5,7,4,5,Yes,"Yes, failed",No,Good
30,Male,Unemployed,North America,YouTube,1,1.8,10,Often,31,Entertainment,6.6,0,8,7,3,7,5,5,3,No,"Yes, succeeded",Considering it,Good
29,Male,Full-time employed,Asia,Snapchat,6,0.8,9,Sometimes,30,Entertainment,6.3,10,1,5,2,8,5,3,4,No,"Yes, failed",Considering it,Moderate
42,Female,Unemployed,North America,Instagram,4,5.7,102,Often,50,Entertainment,5.6,15,0,4,6,3,4,8,3,No,"Yes, failed",No,Moderate
13,Male,Self-employed,Europe,Snapchat,4,3.1,15,Sometimes,47,Entertainment,7.3,18,9,4,1,6,5,5,3,No,"Yes, failed",No,At-risk
20,Male,Student,Europe,TikTok,3,3.0,55,Every night,18,News/information,6.6,16,4,6,6,6,8,7,4,No,No,Considering it,Moderate
27,Male,Student,Asia,Facebook,3,1.1,18,Never,11,Connection with friends,8.6,5,12,10,7,5,5,7,4,Yes,"Yes, failed",Yes,Moderate
37,Female,Part-time employed,Europe,TikTok,2,1.8,27,Often,16,Connection with friends,7.6,5,0,6,3,4,8,8,3,No,No,No,Good
28,Female,Student,Europe,YouTube,1,1.9,46,Never,18,Entertainment,8.5,5,4,10,5,5,3,3,3,Yes,"Yes, failed",No,Good
32,Non-binary,Full-time employed,North America,Instagram,5,6.6,46,Often,6,Entertainment,5.6,15,0,4,4,5,6,6,4,No,No,No,Moderate
22,Female,Full-time employed,North America,TikTok,6,0.9,15,Never,8,Passing time/boredom,8.0,8,5,9,4,7,3,5,3,No,No,No,Good
40,Female,Student,North America,YouTube,3,2.4,51,Sometimes,3,Connection with friends,6.9,10,11,9,1,4,3,5,2,No,No,Considering it,Moderate
29,Male,Part-time employed,North America,TikTok,3,4.8,55,Sometimes,12,Connection with friends,7.3,11,0,8,4,6,4,6,2,No,No,No,Moderate
29,Female,Student,Asia,YouTube,5,3.7,117,Every night,6,News/information,6.3,15,0,5,4,2,7,7,3,No,No,No,Moderate
54,Female,Full-time employed,North America,TikTok,2,0.7,11,Never,6,Connection with friends,8.3,9,5,8,3,4,2,3,3,Yes,"Yes, succeeded",No,Good
46,Male,Full-time employed,Asia,Snapchat,2,2.2,60,Every night,12,News/information,6.2,10,1,7,3,6,4,6,3,No,"Yes, failed",No,Moderate
39,Non-binary,Student,Asia,Instagram,5,4.1,82,Never,33,Connection with friends,6.2,10,1,4,4,7,3,3,1,No,No,No,Moderate
14,Female,Student,Europe,Instagram,4,0.5,5,Sometimes,2,Work/career,7.8,0,5,7,2,6,4,5,0,No,"Yes, failed",No,Good
20,Male,Student,North America,YouTube,1,6.4,303,Often,13,Passing time/boredom,6.0,12,0,7,6,4,3,8,3,No,No,No,Moderate
28,Male,Full-time employed,Latin America,TikTok,3,2.5,40,Often,22,Content creation,6.4,2,0,5,6,7,4,4,1,No,No,Considering it,Good
29,Male,Student,North America,TikTok,4,5.6,132,Every night,49,Entertainment,7.2,18,3,7,6,4,6,5,3,Yes,No,Yes,At-risk
41,Female,Full-time employed,Asia,TikTok,1,3.0,32,Never,10,Connection with friends,6.8,16,4,9,4,5,5,5,3,No,No,No,Moderate
31,Female,Student,Africa,Instagram,3,3.1,45,Every night,15,News/information,5.8,12,10,7,4,9,1,5,4,No,"Yes, succeeded",No,Moderate
35,Female,Student,Africa,Instagram,2,1.4,17,Every night,23,Connection with friends,6.5,14,13,5,3,9,1,3,4,Yes,"Yes, failed",Considering it,Moderate
15,Female,Part-time employed,North America,Instagram,4,1.2,5,Sometimes,40,Connection with friends,8.5,11,0,8,5,8,2,7,3,Yes,No,No,Moderate
24,Female,Full-time employed,North America,TikTok,2,2.6,9,Never,23,Connection with friends,7.2,11,0,7,4,7,5,5,4,Yes,No,Considering it,Moderate
36,Female,Student,Asia,YouTube,4,1.4,25,Often,21,News/information,7.3,12,0,9,4,7,2,2,3,Yes,"Yes, failed",No,Moderate
36,Male,Student,North America,LinkedIn,2,1.9,24,Sometimes,12,News/information,7.9,10,8,8,5,8,5,1,3,Yes,No,No,Moderate
53,Male,Student,Europe,YouTube,1,3.4,92,Never,12,Entertainment,7.2,11,6,9,4,6,3,4,1,No,No,No,Moderate
18,Male,Student,Europe,Reddit,1,0.5,10,Every night,21,Connection with friends,6.2,15,1,10,2,7,1,3,2,No,No,No,Moderate
38,Male,Student,Europe,X/Twitter,1,2.0,81,Often,11,Entertainment,7.1,6,7,8,6,6,6,8,2,No,"Yes, succeeded",No,Good
46,Male,Student,Europe,TikTok,4,4.3,42,Often,27,Passing time/boredom,6.0,10,3,9,7,5,4,5,3,Yes,"Yes, succeeded",Yes,Moderate
13,Male,Full-time employed,North America,Instagram,3,3.2,132,Every night,37,Entertainment,6.8,7,0,7,4,4,2,8,2,No,"Yes, succeeded",No,Good
42,Male,Student,Asia,TikTok,5,4.1,10,Every night,40,Entertainment,5.7,10,0,6,4,5,3,4,1,Yes,"Yes, succeeded",No,Moderate
28,Male,Unemployed,Africa,Snapchat,3,3.4,30,Often,23,Content creation,7.0,13,4,6,9,7,7,7,4,No,"Yes, succeeded",No,Moderate
34,Female,Part-time employed,North America,YouTube,6,1.8,8,Sometimes,16,Entertainment,7.2,13,0,7,3,3,3,7,5,No,"Yes, failed",No,Moderate
29,Male,Student,North America,YouTube,5,1.2,32,Never,7,Connection with friends,6.7,11,8,9,4,5,2,5,3,Yes,No,No,Moderate
47,Female,Student,Asia,X/Twitter,5,2.2,36,Sometimes,2,Entertainment,8.0,11,3,7,7,6,4,6,1,No,No,No,Moderate
35,Male,Self-employed,Latin America,Facebook,1,5.3,102,Never,47,Entertainment,7.7,16,7,6,6,7,6,3,5,No,No,No,Moderate
38,Female,Self-employed,North America,Snapchat,4,6.2,52,Never,10,Passing time/boredom,6.8,9,0,4,6,6,3,7,3,No,"Yes, failed",Considering it,Good
32,Male,Student,Europe,TikTok,6,2.8,47,Often,24,News/information,7.5,13,3,9,8,5,2,3,6,No,No,Yes,Moderate
23,Male,Unemployed,Asia,TikTok,4,2.1,51,Never,12,Entertainment,8.0,4,6,8,5,5,6,1,3,No,"Yes, succeeded",Yes,Good
47,Male,Student,Europe,YouTube,4,1.0,17,Every night,3,Connection with friends,6.1,14,11,9,4,8,5,5,5,No,"Yes, failed",No,Moderate
41,Female,Student,Latin America,Instagram,6,0.9,5,Often,33,Passing time/boredom,7.9,4,7,9,4,1,1,6,3,Yes,No,Yes,Good
22,Female,Student,North America,Instagram,4,2.5,54,Often,27,Entertainment,6.7,11,8,8,1,5,3,5,1,Yes,"Yes, succeeded",Considering it,Moderate
31,Male,Full-time employed,North America,YouTube,3,1.9,16,Every night,12,Entertainment,8.2,14,5,7,2,5,7,8,3,Yes,"Yes, failed",No,Moderate
34,Male,Full-time employed,Africa,X/Twitter,4,0.9,10,Never,12,Connection with friends,7.0,9,8,8,4,9,4,6,1,Yes,No,No,Good
21,Male,Student,Asia,TikTok,4,1.9,8,Often,10,Connection with friends,7.0,12,7,8,4,8,5,5,6,No,No,No,Moderate
36,Male,Student,North America,TikTok,4,4.0,27,Sometimes,41,Work/career,7.2,13,13,6,4,8,6,5,2,Yes,"Yes, failed",No,Moderate
32,Male,Full-time employed,Europe,TikTok,5,4.2,34,Sometimes,15,Connection with friends,7.5,12,1,7,5,4,3,8,4,Yes,No,Yes,Moderate
16,Male,Part-time employed,Asia,YouTube,6,0.8,11,Often,37,Content creation,7.6,8,5,9,1,6,5,4,2,No,"Yes, failed",No,Good
25,Female,Full-time employed,North America,YouTube,5,1.9,53,Sometimes,25,News/information,7.4,7,6,10,10,9,2,3,4,No,"Yes, failed",Yes,Good
25,Male,Self-employed,Asia,TikTok,2,0.7,5,Sometimes,16,Work/career,7.8,2,16,6,8,3,7,1,4,No,"Yes, failed",No,Moderate
26,Female,Full-time employed,Latin America,LinkedIn,1,6.6,26,Every night,21,Entertainment,5.7,19,2,4,10,3,6,6,2,No,No,Considering it,At-risk
40,Female,Full-time employed,Asia,TikTok,4,1.1,28,Often,17,News/information,6.0,10,12,8,1,8,9,6,3,Yes,No,Yes,Moderate
43,Male,Student,Asia,Facebook,1,3.2,131,Often,6,Connection with friends,6.5,16,1,6,8,6,3,4,3,No,"Yes, failed",No,Moderate
13,Male,Full-time employed,Asia,TikTok,1,0.6,16,Sometimes,42,Entertainment,6.8,8,6,8,2,5,5,4,4,No,No,No,Good
38,Male,Student,Europe,X/Twitter,2,4.8,15,Sometimes,18,Passing time/boredom,6.2,5,10,6,6,5,4,7,3,Yes,"Yes, failed",Yes,Moderate
41,Male,Full-time employed,Europe,YouTube,2,1.4,48,Sometimes,18,Connection with friends,8.3,12,5,6,4,7,5,1,2,No,No,No,Moderate
21,Female,Part-time employed,North America,TikTok,5,1.4,32,Often,26,Entertainment,7.2,7,14,5,1,5,6,5,2,Yes,No,No,Moderate
38,Male,Self-employed,Asia,Instagram,1,5.8,35,Every night,16,News/information,6.7,20,4,7,5,7,5,7,2,No,"Yes, failed",No,At-risk
30,Female,Student,Latin America,TikTok,8,5.0,81,Every night,16,Entertainment,6.6,15,0,5,5,7,7,9,1,No,"Yes, succeeded",No,Moderate
16,Female,Full-time employed,Africa,YouTube,2,2.5,119,Sometimes,15,Entertainment,6.6,11,2,10,2,8,3,8,1,Yes,No,Considering it,Moderate
43,Male,Retired,Latin America,TikTok,1,1.6,8,Sometimes,10,News/information,7.8,4,9,9,7,3,8,4,4,No,No,No,Good
15,Male,Part-time employed,North America,TikTok,2,1.1,21,Never,19,News/information,7.5,4,12,7,4,5,3,4,1,No,"Yes, failed",No,Moderate
28,Male,Student,Africa,Instagram,5,3.1,28,Sometimes,1,News/information,7.1,7,2,10,2,7,4,4,3,No,No,No,Good
30,Female,Self-employed,Europe,Instagram,3,1.3,19,Every night,23,Connection with friends,7.7,10,5,8,5,3,2,1,3,No,No,No,Moderate
13,Male,Student,Latin America,YouTube,4,6.9,92,Often,35,Entertainment,6.4,15,6,8,8,6,10,8,1,Yes,"Yes, failed",No,Moderate
36,Female,Self-employed,Africa,Instagram,2,5.4,52,Every night,11,Content creation,5.6,14,4,6,6,3,3,8,3,Yes,No,Yes,Moderate
13,Male,Full-time employed,Europe,Snapchat,4,3.8,95,Sometimes,6,Passing time/boredom,8.1,14,7,8,5,8,3,6,3,No,"Yes, succeeded",No,Moderate
13,Female,Full-time employed,Asia,YouTube,5,6.3,121,Sometimes,20,Work/career,7.2,21,0,6,7,6,4,4,4,No,No,Considering it,At-risk
35,Female,Part-time employed,Asia,YouTube,4,3.0,13,Every night,17,Entertainment,6.8,11,0,7,7,6,3,3,4,No,"Yes, failed",No,Moderate
36,Male,Full-time employed,North America,Instagram,4,1.2,40,Sometimes,12,Passing time/boredom,8.4,9,5,9,3,4,2,4,3,No,No,No,Good
30,Male,Full-time employed,Oceania,Facebook,4,1.8,78,Sometimes,17,Entertainment,5.7,2,7,8,2,5,6,7,1,Yes,"Yes, succeeded",Yes,Good
38,Female,Student,North America,YouTube,4,1.8,15,Often,11,Entertainment,6.5,5,8,8,4,6,5,4,1,No,"Yes, failed",No,Good
22,Male,Part-time employed,North America,Instagram,4,3.8,49,Often,29,Connection with friends,6.5,7,3,6,5,6,7,8,3,No,"Yes, failed",Yes,Good
16,Male,Student,Europe,Instagram,4,8.0,95,Every night,18,Entertainment,5.5,21,0,6,7,6,8,5,3,Yes,"Yes, failed",Considering it,At-risk
13,Female,Student,Europe,Reddit,4,3.7,70,Sometimes,13,Passing time/boredom,7.4,9,2,10,6,6,8,6,3,No,No,No,Good
21,Male,Student,Asia,YouTube,7,3.3,72,Sometimes,5,Entertainment,6.4,15,6,6,3,4,5,5,3,Yes,No,No,Moderate
26,Male,Full-time employed,Europe,Instagram,3,5.6,205,Often,49,Entertainment,7.2,7,0,6,3,8,5,7,5,No,"Yes, failed",No,Good
23,Female,Full-time employed,Latin America,X/Twitter,1,1.2,16,Often,5,Connection with friends,7.3,13,10,7,4,6,5,3,2,Yes,"Yes, succeeded",No,Moderate
39,Male,Student,Asia,YouTube,4,2.9,59,Sometimes,15,Entertainment,7.8,12,3,7,5,3,2,5,3,No,No,Yes,Moderate
21,Male,Full-time employed,Asia,Snapchat,2,4.9,194,Every night,9,Entertainment,6.4,15,0,8,3,4,9,5,3,No,"Yes, succeeded",No,Moderate
36,Female,Self-employed,Europe,LinkedIn,3,1.5,30,Sometimes,9,Passing time/boredom,7.2,7,4,8,2,5,2,5,4,Yes,"Yes, succeeded",No,Good
13,Female,Part-time employed,North America,Reddit,3,5.1,73,Never,10,Connection with friends,7.4,16,6,9,4,4,5,8,3,No,"Yes, failed",No,Moderate
19,Male,Full-time employed,Europe,YouTube,1,0.6,10,Every night,12,Entertainment,6.9,12,5,9,2,5,4,3,0,No,"Yes, failed",No,Moderate
37,Female,Full-time employed,Europe,YouTube,4,2.8,10,Sometimes,6,Passing time/boredom,6.3,9,10,7,4,7,3,3,1,No,No,No,Moderate
39,Male,Student,North America,YouTube,2,2.3,34,Sometimes,29,Passing time/boredom,7.5,9,3,7,5,7,5,5,3,No,"Yes, failed",No,Good
29,Male,Self-employed,Asia,Reddit,2,3.1,13,Never,10,Work/career,7.8,14,2,7,7,4,6,3,3,Yes,"Yes, failed",Considering it,Moderate
29,Female,Retired,Asia,Reddit,4,2.6,51,Often,27,Connection with friends,7.5,24,3,8,1,5,1,3,3,Yes,No,Considering it,At-risk
28,Male,Part-time employed,Europe,Instagram,8,2.8,25,Sometimes,14,Content creation,7.8,14,6,8,6,8,6,7,4,Yes,No,No,Moderate
18,Female,Student,Europe,Snapchat,8,2.0,64,Sometimes,9,Entertainment,8.6,12,3,9,1,9,2,4,5,No,No,No,Moderate
16,Male,Part-time employed,Asia,Reddit,1,1.8,23,Sometimes,22,Entertainment,7.7,1,10,6,6,10,3,6,4,No,"Yes, succeeded",No,Moderate
38,Female,Student,Europe,TikTok,2,4.7,23,Every night,41,Entertainment,6.3,16,0,6,7,10,5,5,3,Yes,No,Considering it,Moderate
20,Male,Student,Europe,Reddit,4,2.2,18,Often,24,Connection with friends,7.2,10,1,10,3,9,5,8,3,No,"Yes, failed",No,Moderate
26,Male,Student,Europe,TikTok,2,1.9,10,Every night,25,Passing time/boredom,7.7,14,4,7,8,9,2,6,2,No,"Yes, failed",No,Moderate
29,Male,Student,Europe,TikTok,6,1.8,49,Never,4,Entertainment,8.1,6,7,7,5,6,5,3,3,Yes,No,No,Good
13,Female,Student,North America,X/Twitter,2,1.1,5,Sometimes,20,Connection with friends,7.2,4,3,9,2,8,4,9,3,No,No,Considering it,Good
22,Female,Unemployed,North America,TikTok,1,4.2,127,Sometimes,20,Passing time/boredom,6.6,16,0,5,5,1,2,6,4,No,"Yes, failed",No,Moderate
62,Male,Full-time employed,North America,Instagram,1,2.3,24,Sometimes,24,Connection with friends,6.1,15,2,7,5,7,1,6,1,No,No,No,Moderate
30,Male,Self-employed,Europe,TikTok,1,4.8,45,Sometimes,3,News/information,7.9,12,0,7,5,7,6,4,3,No,No,No,Moderate
35,Male,Full-time employed,North America,Instagram,2,4.5,25,Sometimes,17,Entertainment,7.5,16,2,8,9,4,7,6,2,No,"Yes, failed",No,Moderate
19,Female,Retired,North America,YouTube,7,4.5,204,Sometimes,5,Entertainment,6.7,11,3,6,3,7,4,7,3,No,No,No,Moderate
19,Male,Full-time employed,Asia,TikTok,2,1.4,36,Sometimes,25,Work/career,7.8,10,6,7,3,6,5,5,4,No,No,No,Moderate
29,Female,Part-time employed,Asia,Facebook,2,4.4,48,Sometimes,13,Passing time/boredom,7.4,16,2,6,5,6,4,7,5,Yes,No,Yes,Moderate
20,Male,Full-time employed,Europe,YouTube,3,2.1,44,Often,31,Entertainment,6.4,10,3,8,5,6,4,8,3,No,No,No,Moderate
25,Male,Student,Europe,TikTok,4,3.7,68,Often,32,Passing time/boredom,6.7,13,1,8,3,7,7,4,4,No,"Yes, succeeded",Considering it,Moderate
30,Female,Full-time employed,North America,TikTok,8,4.1,18,Sometimes,26,Work/career,7.8,8,1,4,2,8,7,7,2,No,"Yes, failed",No,Good
20,Male,Student,Latin America,Instagram,3,2.4,35,Every night,6,Entertainment,6.7,9,3,9,6,5,3,4,3,No,No,Yes,Good
17,Male,Part-time employed,Asia,TikTok,5,0.3,9,Every night,30,Passing time/boredom,6.1,11,4,8,4,10,5,8,2,No,"Yes, failed",No,Moderate
20,Female,Full-time employed,Europe,TikTok,6,1.7,42,Sometimes,5,Work/career,6.9,6,4,6,5,6,2,6,2,No,"Yes, succeeded",No,Good
20,Female,Retired,North America,Instagram,3,1.5,20,Every night,15,Connection with friends,5.2,14,5,7,2,8,2,2,4,No,No,No,Moderate
39,Male,Unemployed,North America,YouTube,7,4.3,41,Sometimes,27,Entertainment,5.9,24,12,5,3,6,2,8,3,Yes,"Yes, succeeded",Yes,At-risk
39,Male,Self-employed,Asia,Snapchat,3,5.8,162,Sometimes,51,Entertainment,6.2,8,4,9,7,8,8,1,3,No,No,No,Good
30,Male,Student,Latin America,Reddit,1,1.7,11,Every night,5,News/information,7.6,19,6,9,5,8,3,5,3,No,No,Yes,At-risk
25,Male,Student,North America,YouTube,3,0.9,5,Often,16,Connection with friends,6.1,7,0,6,2,2,1,5,4,Yes,No,No,Good
29,Male,Student,Europe,TikTok,6,4.8,34,Often,21,Entertainment,6.0,14,0,4,6,8,7,7,4,Yes,No,Yes,Moderate
29,Female,Full-time employed,Europe,Instagram,6,3.7,62,Every night,9,Entertainment,5.4,19,4,5,2,8,5,7,3,Yes,No,No,At-risk
19,Male,Student,North America,YouTube,3,9.2,240,Sometimes,31,News/information,5.3,23,0,7,9,3,8,8,4,No,No,Considering it,At-risk
18,Female,Full-time employed,Europe,TikTok,5,3.4,26,Sometimes,37,Content creation,7.4,10,8,8,4,7,4,3,3,Yes,"Yes, succeeded",No,Moderate
17,Female,Student,Asia,Instagram,7,2.8,83,Sometimes,41,News/information,8.2,12,7,7,2,10,2,7,4,No,No,No,Moderate
17,Male,Part-time employed,Asia,TikTok,4,2.0,11,Often,9,Connection with friends,7.1,15,4,8,2,8,7,5,3,Yes,"Yes, failed",No,Moderate
35,Male,Unemployed,Asia,X/Twitter,6,4.7,33,Often,27,Entertainment,7.0,6,7,6,5,7,3,7,1,No,"Yes, failed",No,Good
33,Female,Student,Europe,Reddit,2,3.6,24,Never,21,Passing time/boredom,7.7,8,1,6,1,7,7,7,1,No,No,Considering it,Good
45,Male,Part-time employed,Europe,TikTok,3,5.4,57,Never,21,Passing time/boredom,7.3,21,0,7,4,3,6,4,4,No,"Yes, failed",No,At-risk
19,Female,Full-time employed,Europe,Reddit,1,2.2,44,Every night,31,Entertainment,7.0,6,9,6,4,4,4,9,5,No,"Yes, failed",Considering it,Good
38,Female,Part-time employed,Europe,X/Twitter,6,1.9,23,Often,33,Connection with friends,7.4,12,6,6,3,8,3,2,0,No,"Yes, succeeded",No,Moderate
56,Male,Student,Latin America,LinkedIn,7,3.6,12,Sometimes,21,Entertainment,7.1,15,6,8,1,4,5,4,3,Yes,No,Yes,Moderate
22,Female,Student,Asia,Instagram,2,1.4,37,Sometimes,9,Connection with friends,9.1,3,0,9,3,3,8,3,4,No,No,Considering it,Good
24,Female,Unemployed,Europe,YouTube,5,3.4,15,Never,5,Passing time/boredom,8.8,13,8,7,7,5,2,5,7,No,"Yes, failed",No,Moderate
13,Male,Student,Asia,Instagram,1,1.2,13,Sometimes,7,Passing time/boredom,6.7,12,0,9,2,8,7,6,4,No,No,No,Moderate
24,Female,Unemployed,North America,X/Twitter,2,3.0,118,Sometimes,17,Connection with friends,5.9,10,4,7,6,7,3,10,5,No,No,Yes,Moderate
29,Male,Student,Latin America,LinkedIn,1,2.8,50,Every night,54,News/information,7.5,7,3,7,7,6,8,7,2,No,"Yes, succeeded",No,Good
23,Female,Full-time employed,Oceania,Facebook,5,1.2,23,Sometimes,23,Entertainment,7.0,10,6,6,3,8,1,5,3,No,"Yes, succeeded",No,Moderate
21,Female,Full-time employed,North America,TikTok,3,6.0,20,Often,7,Passing time/boredom,5.6,18,0,6,5,5,5,9,3,Yes,"Yes, succeeded",Yes,At-risk
13,Female,Self-employed,Latin America,YouTube,1,1.1,20,Sometimes,25,Passing time/boredom,6.8,7,4,8,4,9,4,4,1,Yes,"Yes, failed",Considering it,Good
25,Female,Student,Africa,TikTok,4,4.6,95,Sometimes,3,Passing time/boredom,6.4,20,8,5,3,3,2,4,3,No,No,No,At-risk
44,Female,Full-time employed,Europe,Snapchat,2,3.1,27,Sometimes,10,Entertainment,7.5,6,1,4,4,4,5,4,1,No,No,Yes,Good
31,Male,Unemployed,Oceania,Reddit,4,6.3,23,Sometimes,21,Passing time/boredom,7.9,12,4,5,8,6,3,6,3,No,No,No,Moderate
24,Female,Full-time employed,Asia,X/Twitter,3,1.1,7,Every night,14,Entertainment,5.3,0,9,9,3,10,6,7,1,No,No,Considering it,Good
13,Male,Student,North America,Snapchat,1,2.3,72,Often,22,Entertainment,7.7,13,1,9,2,6,1,3,3,Yes,"Yes, failed",No,Moderate
33,Male,Student,Asia,YouTube,3,2.7,42,Sometimes,21,Entertainment,8.5,6,0,7,6,6,7,1,3,No,No,No,Good
27,Female,Full-time employed,Latin America,Instagram,5,5.7,165,Often,49,Entertainment,6.1,13,4,5,3,4,10,4,2,No,No,No,Moderate
43,Female,Student,Europe,TikTok,3,2.1,27,Often,30,News/information,6.1,8,5,6,9,7,7,4,1,Yes,No,No,Good
38,Male,Student,Asia,Instagram,2,2.2,61,Every night,27,Entertainment,6.7,6,2,7,7,7,4,4,3,Yes,"Yes, failed",No,Good
33,Male,Part-time employed,Oceania,Instagram,6,3.2,26,Sometimes,46,Entertainment,7.1,9,0,7,5,4,7,4,5,Yes,"Yes, failed",No,Good
32,Male,Part-time employed,North America,Snapchat,2,1.4,30,Sometimes,5,Entertainment,8.4,6,1,9,3,9,6,1,2,No,"Yes, failed",Considering it,Good
28,Male,Student,Europe,TikTok,5,4.2,92,Sometimes,11,Connection with friends,7.0,12,3,5,2,4,1,8,1,No,"Yes, failed",No,Moderate
13,Male,Student,North America,Instagram,2,1.7,36,Sometimes,14,News/information,8.1,7,6,7,4,6,6,5,3,Yes,No,No,Good
25,Female,Student,Asia,Instagram,4,3.3,131,Every night,18,News/information,5.7,14,3,6,5,5,2,6,3,No,"Yes, failed",No,Moderate
22,Female,Full-time employed,Oceania,Facebook,1,3.4,17,Sometimes,7,Work/career,7.5,0,5,9,6,6,5,7,1,Yes,"Yes, failed",No,Good
26,Female,Full-time employed,North America,TikTok,2,6.2,143,Often,5,Entertainment,5.6,16,0,4,6,4,6,8,2,No,No,No,Moderate
22,Male,Full-time employed,Africa,Reddit,3,6.0,20,Sometimes,26,News/information,6.6,14,2,7,6,7,5,8,2,No,"Yes, succeeded",No,Moderate
20,Male,Unemployed,Europe,Snapchat,2,2.7,47,Sometimes,69,News/information,7.6,9,10,6,2,6,7,5,1,No,"Yes, failed",No,Moderate
30,Female,Student,Europe,Facebook,2,3.3,115,Every night,17,Passing time/boredom,7.6,11,4,6,6,7,6,3,3,Yes,No,No,Moderate
57,Non-binary,Student,North America,TikTok,1,2.6,41,Sometimes,21,Entertainment,6.4,3,0,10,8,10,4,5,3,Yes,"Yes, failed",No,Good
30,Female,Student,Latin America,Reddit,3,6.1,93,Often,14,News/information,5.9,15,0,6,7,6,6,3,3,No,"Yes, failed",No,Moderate
30,Female,Full-time employed,Africa,YouTube,3,1.9,91,Never,5,Entertainment,7.3,7,8,8,6,9,2,3,2,No,No,Yes,Good
36,Female,Retired,Oceania,Instagram,1,3.5,129,Sometimes,23,Entertainment,7.2,10,6,7,4,7,3,7,2,No,No,Yes,Moderate
42,Male,Student,Latin America,TikTok,6,1.5,29,Often,14,Entertainment,7.4,6,9,8,5,8,8,4,4,No,No,Yes,Good
34,Female,Self-employed,Asia,YouTube,2,7.2,177,Sometimes,21,Connection with friends,5.5,13,0,4,7,5,6,7,2,No,No,Considering it,Moderate
34,Female,Self-employed,Asia,YouTube,4,4.0,36,Every night,27,Work/career,6.3,14,0,6,7,5,8,4,3,No,"Yes, failed",Yes,Moderate
32,Female,Full-time employed,Europe,Instagram,3,5.4,32,Never,11,News/information,7.1,20,0,9,8,4,6,6,2,No,"Yes, failed",No,At-risk
33,Female,Student,Europe,YouTube,4,2.2,36,Every night,19,Passing time/boredom,6.2,9,4,8,5,10,3,7,1,Yes,No,Considering it,Good
27,Male,Full-time employed,Asia,TikTok,5,10.7,184,Never,22,Connection with friends,6.0,22,0,3,5,4,5,9,2,No,No,No,At-risk
13,Female,Part-time employed,Europe,Instagram,2,4.0,90,Every night,15,Entertainment,5.9,12,0,7,2,5,5,8,2,No,"Yes, failed",Yes,Moderate
38,Male,Student,North America,Instagram,4,2.3,79,Never,15,News/information,7.7,12,5,9,7,5,4,6,2,No,No,Yes,Moderate
36,Male,Full-time employed,Asia,Instagram,2,3.6,40,Often,13,News/information,6.3,14,9,7,2,4,1,6,3,No,No,Considering it,Moderate
22,Male,Full-time employed,Latin America,YouTube,1,3.6,44,Sometimes,18,Connection with friends,7.2,11,7,8,6,3,5,8,4,No,No,Considering it,Moderate
40,Female,Student,Africa,TikTok,1,6.0,221,Often,20,Entertainment,6.4,14,0,6,7,5,8,8,0,Yes,"Yes, succeeded",No,Moderate
34,Male,Full-time employed,Asia,TikTok,1,5.7,61,Sometimes,14,Passing time/boredom,5.0,12,0,7,7,4,4,6,3,No,"Yes, succeeded",Yes,Moderate
16,Male,Self-employed,Latin America,TikTok,2,2.7,63,Sometimes,24,Entertainment,6.5,8,6,7,4,7,5,2,3,No,No,Yes,Good
40,Male,Part-time employed,Europe,Facebook,3,1.1,29,Sometimes,0,Entertainment,8.5,1,1,9,4,6,4,1,3,No,"Yes, succeeded",No,Good
40,Female,Student,North America,Instagram,3,3.9,71,Sometimes,23,Passing time/boredom,6.7,12,6,8,2,5,8,6,2,No,No,No,Moderate
33,Non-binary,Student,Latin America,TikTok,6,3.2,74,Every night,16,Passing time/boredom,6.1,12,7,8,6,6,6,3,1,No,No,No,Moderate
23,Male,Full-time employed,Latin America,Snapchat,5,3.6,294,Often,8,Content creation,8.3,21,10,9,4,6,6,5,2,No,No,No,At-risk
25,Male,Self-employed,Europe,YouTube,7,1.7,42,Every night,25,Connection with friends,7.2,9,11,8,3,7,5,5,2,No,"Yes, failed",Yes,Moderate
20,Male,Full-time employed,Latin America,TikTok,8,1.0,20,Often,31,Entertainment,7.3,3,6,5,2,9,6,3,2,Yes,No,No,Good
28,Female,Full-time employed,North America,TikTok,3,5.7,193,Often,55,Work/career,6.3,21,0,6,6,5,8,8,1,No,No,Yes,At-risk
26,Male,Student,Latin America,TikTok,2,5.8,46,Sometimes,27,Passing time/boredom,7.6,14,4,10,7,8,7,4,5,Yes,"Yes, failed",Considering it,Moderate
37,Male,Self-employed,Oceania,Facebook,7,4.0,74,Sometimes,19,News/information,6.8,8,10,7,5,7,2,8,1,Yes,No,Yes,Moderate
18,Male,Student,Latin America,LinkedIn,4,3.5,194,Sometimes,21,News/information,7.1,21,0,8,5,8,6,6,1,No,No,No,At-risk
24,Female,Full-time employed,Europe,LinkedIn,4,4.8,16,Often,22,Connection with friends,5.3,17,0,6,1,5,6,4,4,No,"Yes, succeeded",No,At-risk
30,Female,Student,Oceania,TikTok,5,4.2,158,Every night,38,Content creation,6.0,19,0,4,5,5,1,6,3,Yes,No,No,At-risk
34,Male,Self-employed,Latin America,TikTok,1,4.3,99,Sometimes,29,News/information,7.3,13,2,7,4,7,7,9,3,Yes,No,Yes,Moderate
43,Male,Retired,Asia,TikTok,2,2.6,105,Sometimes,22,Work/career,7.3,12,7,7,6,8,4,5,4,Yes,"Yes, succeeded",No,Moderate
13,Female,Part-time employed,Asia,Instagram,2,2.4,18,Never,10,Entertainment,7.6,11,8,6,8,5,1,4,0,No,No,Yes,Moderate
29,Male,Retired,Latin America,LinkedIn,6,1.0,9,Often,39,Passing time/boredom,7.1,5,6,6,2,7,3,7,4,No,"Yes, failed",No,Good
41,Female,Unemployed,Asia,YouTube,3,3.9,85,Every night,21,News/information,7.1,17,1,8,6,3,3,3,2,No,No,Yes,At-risk
22,Male,Student,Latin America,Facebook,2,2.2,39,Often,35,Connection with friends,6.1,7,2,7,5,4,3,9,2,No,No,No,Good
22,Female,Unemployed,Europe,X/Twitter,1,4.1,83,Never,30,News/information,8.3,15,7,9,7,6,1,8,4,Yes,No,No,Moderate
13,Male,Student,North America,YouTube,3,2.9,83,Sometimes,18,Entertainment,7.6,17,6,7,8,8,7,6,4,No,"Yes, failed",No,At-risk
37,Female,Self-employed,North America,TikTok,3,4.4,119,Sometimes,25,Entertainment,7.2,16,0,8,1,2,1,7,3,No,"Yes, succeeded",No,Moderate
32,Female,Student,Oceania,TikTok,1,1.1,30,Sometimes,31,Work/career,7.0,3,0,10,5,5,6,5,0,No,"Yes, failed",No,Good
13,Male,Full-time employed,Latin America,YouTube,6,2.2,42,Never,6,Entertainment,6.7,11,3,8,1,6,1,7,4,Yes,No,No,Moderate
25,Male,Part-time employed,Europe,Instagram,1,6.3,125,Never,20,Entertainment,6.6,10,4,7,4,7,10,3,3,No,"Yes, failed",Considering it,Moderate
32,Female,Part-time employed,North America,TikTok,1,1.2,17,Never,11,Connection with friends,8.1,7,5,7,4,8,4,7,4,No,"Yes, failed",Yes,Good
32,Male,Student,Europe,YouTube,7,3.2,74,Sometimes,15,Content creation,7.3,11,0,8,6,7,6,8,2,No,"Yes, failed",Yes,Moderate
16,Male,Full-time employed,Europe,Facebook,4,3.1,47,Sometimes,31,Entertainment,8.0,7,0,10,5,7,1,6,2,No,"Yes, succeeded",No,Good
17,Female,Part-time employed,Europe,TikTok,4,1.7,13,Sometimes,9,Entertainment,7.9,7,3,8,2,6,1,6,3,No,No,Considering it,Good
38,Female,Student,Europe,TikTok,4,3.0,44,Sometimes,31,Passing time/boredom,7.1,12,0,7,7,4,1,5,2,Yes,"Yes, failed",No,Moderate
29,Male,Student,Asia,X/Twitter,4,4.5,10,Sometimes,21,Passing time/boredom,6.5,17,0,6,7,4,4,4,2,No,"Yes, failed",No,At-risk
17,Male,Full-time employed,Europe,X/Twitter,4,6.2,48,Every night,19,Passing time/boredom,4.8,14,0,6,5,6,3,10,3,Yes,"Yes, failed",Yes,Moderate
13,Prefer not to say,Retired,Africa,TikTok,1,1.7,25,Sometimes,12,Entertainment,7.2,7,3,5,6,7,5,8,1,Yes,"Yes, failed",No,Good
19,Female,Student,North America,YouTube,3,2.2,62,Sometimes,13,Entertainment,8.2,7,0,5,1,10,5,3,4,Yes,No,No,Good
27,Female,Full-time employed,Latin America,Instagram,2,2.9,5,Often,31,Entertainment,6.8,10,11,6,5,3,4,5,3,No,No,No,Moderate
19,Female,Full-time employed,Latin America,Instagram,3,0.6,10,Often,29,Connection with friends,7.2,4,15,5,2,6,5,4,3,No,"Yes, failed",Yes,Moderate
41,Male,Student,Asia,X/Twitter,1,2.1,23,Often,14,Connection with friends,6.7,16,6,7,1,6,6,5,4,No,No,Yes,Moderate
37,Female,Part-time employed,North America,Reddit,2,3.5,98,Sometimes,3,News/information,7.0,6,0,8,3,8,6,7,2,No,"Yes, succeeded",Considering it,Good
36,Male,Full-time employed,Asia,Instagram,5,1.2,18,Often,1,Entertainment,6.2,10,0,6,4,10,4,3,4,No,"Yes, failed",No,Moderate
31,Female,Student,Latin America,TikTok,3,1.3,13,Sometimes,10,Entertainment,6.5,9,6,6,1,5,3,4,2,No,"Yes, succeeded",Yes,Good
23,Male,Full-time employed,North America,Snapchat,5,3.1,25,Often,22,Passing time/boredom,5.7,8,6,7,1,7,4,3,4,Yes,No,Yes,Good
25,Female,Unemployed,Europe,Instagram,5,2.7,40,Sometimes,23,Entertainment,6.3,14,9,8,6,7,8,6,5,No,"Yes, failed",Yes,Moderate
35,Female,Full-time employed,Europe,Instagram,4,1.5,15,Never,17,Work/career,8.0,7,8,5,4,8,6,4,2,No,No,Yes,Good
27,Female,Student,Latin America,TikTok,3,4.3,113,Never,11,Connection with friends,8.3,6,3,9,4,4,4,7,5,No,No,No,Good
15,Female,Student,Asia,Snapchat,2,2.5,5,Never,12,Content creation,7.1,10,6,8,5,7,1,5,4,Yes,"Yes, failed",No,Moderate
23,Female,Retired,Europe,Snapchat,3,6.3,167,Often,36,Passing time/boredom,6.0,12,1,7,6,3,5,9,4,No,No,No,Moderate
34,Female,Self-employed,North America,Snapchat,2,2.8,45,Sometimes,17,Entertainment,8.8,18,4,6,4,7,2,6,4,Yes,"Yes, failed",No,At-risk
31,Female,Student,Europe,Instagram,2,3.2,33,Never,11,Entertainment,7.1,11,0,6,6,8,1,8,4,Yes,"Yes, succeeded",No,Moderate
30,Female,Full-time employed,North America,Instagram,3,1.9,67,Often,15,Entertainment,7.9,8,5,7,8,6,4,6,3,No,"Yes, failed",No,Good
20,Female,Full-time employed,Europe,Snapchat,2,0.8,5,Often,29,News/information,7.9,14,15,8,4,7,4,6,3,No,No,No,Moderate
45,Prefer not to say,Full-time employed,Latin America,LinkedIn,3,5.4,177,Every night,28,Entertainment,5.1,14,0,7,4,3,5,5,2,No,"Yes, succeeded",Yes,Moderate
13,Male,Student,North America,YouTube,2,4.4,56,Every night,21,Content creation,5.3,21,0,6,1,4,7,6,4,No,No,No,At-risk
15,Female,Unemployed,Latin America,TikTok,1,3.1,138,Every night,27,Entertainment,6.6,11,6,5,2,6,6,4,5,No,"Yes, failed",No,Moderate
26,Male,Self-employed,Europe,YouTube,1,2.3,78,Often,20,News/information,6.3,16,5,9,3,6,6,5,3,No,"Yes, failed",Yes,Moderate
14,Male,Self-employed,Oceania,Facebook,3,2.5,20,Sometimes,14,Connection with friends,7.0,21,8,6,1,5,6,5,3,Yes,"Yes, succeeded",No,At-risk
20,Male,Student,Asia,TikTok,5,4.7,101,Sometimes,63,Work/career,7.3,9,0,8,5,6,6,7,3,No,"Yes, failed",No,Good
32,Female,Student,Europe,TikTok,2,3.3,29,Sometimes,17,Entertainment,6.8,9,0,9,2,9,3,8,3,Yes,"Yes, failed",Considering it,Good
15,Male,Student,Latin America,TikTok,3,3.0,13,Often,9,Connection with friends,6.2,10,4,9,4,5,8,6,2,Yes,No,No,Moderate
42,Female,Self-employed,Europe,X/Twitter,4,3.9,67,Sometimes,20,Passing time/boredom,6.8,14,2,8,4,8,2,4,2,No,"Yes, failed",No,Moderate
31,Female,Unemployed,Asia,Snapchat,2,2.5,156,Sometimes,42,Entertainment,6.9,5,0,6,8,6,3,7,2,No,"Yes, succeeded",No,Good
24,Male,Full-time employed,Asia,Instagram,4,7.9,168,Often,7,Connection with friends,6.0,21,0,6,4,6,4,9,2,Yes,No,No,At-risk
29,Female,Full-time employed,North America,Facebook,3,0.9,10,Often,9,Connection with friends,7.0,12,4,6,4,5,7,4,2,Yes,"Yes, succeeded",No,Moderate
33,Female,Full-time employed,North America,TikTok,4,3.0,93,Every night,15,Connection with friends,5.4,15,0,8,5,4,4,6,3,No,No,No,Moderate
39,Male,Full-time employed,Asia,TikTok,3,2.0,57,Sometimes,15,Connection with friends,7.1,12,1,7,6,5,7,5,2,No,No,No,Moderate
17,Male,Student,North America,TikTok,4,0.4,5,Every night,6,Passing time/boredom,5.3,7,2,6,5,7,4,4,4,No,No,No,Good
20,Male,Student,Asia,YouTube,7,3.9,60,Sometimes,8,Connection with friends,7.5,9,1,8,3,5,3,4,1,Yes,No,No,Good
37,Female,Student,Asia,Instagram,1,3.6,37,Every night,11,Passing time/boredom,5.1,16,4,7,6,10,3,6,3,No,"Yes, failed",No,Moderate
33,Female,Full-time employed,Europe,Instagram,6,5.2,45,Often,21,News/information,6.8,13,2,6,6,6,7,8,2,No,"Yes, failed",No,Moderate
21,Male,Self-employed,Oceania,YouTube,5,1.2,52,Often,26,Entertainment,6.8,13,12,7,4,7,4,7,4,No,"Yes, failed",Considering it,Moderate
20,Non-binary,Student,North America,Instagram,2,3.1,51,Often,20,Passing time/boredom,6.9,17,0,7,6,5,5,6,2,No,No,Considering it,At-risk
27,Male,Student,Africa,TikTok,2,3.8,9,Never,14,Work/career,7.6,14,0,6,6,4,1,10,2,No,"Yes, failed",Yes,Moderate
32,Male,Student,Europe,Reddit,4,1.4,5,Every night,21,Entertainment,7.0,5,2,6,2,10,4,4,2,No,"Yes, succeeded",Yes,Good
37,Female,Self-employed,Latin America,TikTok,3,1.8,100,Every night,6,News/information,6.5,8,3,7,6,5,4,5,3,No,No,No,Good
34,Male,Student,Oceania,Instagram,4,1.1,10,Often,4,Content creation,7.6,15,9,7,3,10,3,7,4,No,No,No,Moderate
38,Male,Full-time employed,Europe,TikTok,3,8.2,80,Never,34,Connection with friends,7.2,18,0,7,9,1,10,9,1,No,No,Considering it,At-risk
13,Male,Full-time employed,Asia,YouTube,2,3.4,50,Often,21,News/information,7.2,15,6,7,8,8,5,6,4,No,No,No,Moderate
29,Female,Full-time employed,Europe,Instagram,2,2.9,68,Every night,18,Connection with friends,6.9,13,0,9,6,9,4,5,4,No,No,No,Moderate
33,Male,Full-time employed,Europe,Snapchat,2,3.0,126,Never,30,Entertainment,7.1,7,2,7,3,7,2,3,4,No,No,No,Good
23,Male,Full-time employed,Europe,YouTube,2,5.0,48,Sometimes,10,Connection with friends,7.9,15,3,7,7,9,6,4,4,No,"Yes, failed",No,Moderate
37,Male,Full-time employed,Europe,TikTok,4,1.5,12,Sometimes,33,Content creation,8.4,9,1,8,1,8,3,4,3,No,No,No,Good
32,Male,Student,Europe,X/Twitter,5,4.6,66,Every night,25,Entertainment,5.1,8,5,5,5,4,5,4,3,No,No,Yes,Good
30,Male,Self-employed,Asia,Instagram,2,3.5,53,Every night,21,Passing time/boredom,5.6,9,0,5,5,7,4,8,5,No,"Yes, failed",Considering it,Good
21,Male,Full-time employed,Europe,Instagram,6,4.9,103,Sometimes,8,News/information,6.8,12,0,7,8,5,3,8,3,No,"Yes, failed",Yes,Moderate
13,Female,Part-time employed,Europe,Snapchat,2,2.3,21,Often,22,Connection with friends,6.0,13,0,7,3,6,2,8,0,No,No,No,Moderate
35,Female,Student,Asia,X/Twitter,5,3.0,50,Never,53,News/information,8.4,7,0,7,5,7,3,4,3,No,"Yes, failed",No,Good
30,Female,Full-time employed,North America,Instagram,4,1.7,37,Often,5,Passing time/boredom,7.6,15,1,5,2,6,1,7,6,No,No,Yes,Moderate
25,Female,Full-time employed,Asia,Instagram,6,6.1,53,Every night,28,Passing time/boredom,4.8,12,5,5,3,4,5,8,2,No,"Yes, failed",No,Moderate
13,Female,Student,Europe,Facebook,4,3.0,17,Often,8,Entertainment,6.5,10,2,7,3,5,6,4,6,No,"Yes, failed",Considering it,Moderate
22,Male,Unemployed,Latin America,Instagram,2,0.7,34,Never,9,Connection with friends,8.0,9,12,6,5,6,1,3,2,Yes,No,Considering it,Moderate
21,Female,Unemployed,Europe,Instagram,3,1.7,40,Often,19,Passing time/boredom,6.6,9,6,6,4,5,4,5,2,No,No,Considering it,Good
23,Male,Full-time employed,Europe,TikTok,3,5.9,55,Every night,13,Content creation,5.8,16,8,4,8,6,7,4,4,Yes,"Yes, succeeded",No,Moderate
41,Male,Student,North America,X/Twitter,4,3.1,47,Every night,36,Passing time/boredom,7.3,3,0,8,4,5,3,2,3,No,"Yes, succeeded",No,Good
34,Female,Student,North America,TikTok,6,2.4,79,Every night,18,Passing time/boredom,6.6,11,10,7,4,9,1,5,1,Yes,No,Yes,Moderate
14,Male,Full-time employed,North America,YouTube,7,1.9,25,Never,21,Entertainment,8.9,9,8,9,1,8,5,5,1,No,No,Considering it,Good
24,Non-binary,Student,Africa,Instagram,4,0.5,5,Never,10,Connection with friends,8.6,8,9,6,3,7,4,1,1,No,"Yes, failed",No,Good
22,Female,Full-time employed,North America,Snapchat,7,2.8,24,Never,26,News/information,9.6,9,2,9,8,5,4,7,2,No,No,No,Good
33,Female,Full-time employed,Africa,Instagram,7,3.5,57,Often,5,News/information,6.6,7,8,7,5,6,4,6,1,No,No,Considering it,Good
61,Male,Student,North America,TikTok,1,1.4,33,Often,6,Passing time/boredom,6.6,11,2,6,3,10,3,4,1,Yes,No,No,Moderate
29,Male,Part-time employed,North America,TikTok,2,3.5,122,Every night,9,News/information,6.6,21,4,4,1,6,4,6,3,No,"Yes, succeeded",No,At-risk
40,Male,Student,North America,Instagram,4,2.9,68,Sometimes,23,Connection with friends,7.4,11,2,6,6,5,4,5,2,No,No,Considering it,Moderate
43,Male,Retired,Asia,X/Twitter,5,3.4,58,Sometimes,10,Content creation,8.5,24,4,8,4,5,6,7,2,Yes,"Yes, failed",Considering it,At-risk
43,Female,Part-time employed,Latin America,Instagram,7,0.5,15,Every night,33,Entertainment,7.1,4,3,8,2,6,1,3,4,No,No,No,Good
33,Male,Part-time employed,Latin America,YouTube,4,2.1,50,Never,11,News/information,6.8,2,5,8,7,5,5,1,5,No,"Yes, succeeded",Yes,Good
36,Male,Full-time employed,North America,YouTube,1,0.5,11,Every night,4,News/information,8.2,11,0,9,4,10,3,5,3,No,No,No,Moderate
29,Male,Full-time employed,North America,Instagram,3,3.2,43,Every night,9,Entertainment,6.3,15,0,7,4,8,6,5,3,Yes,"Yes, succeeded",No,Moderate
13,Male,Student,Asia,YouTube,1,0.6,13,Never,8,Passing time/boredom,9.3,9,8,8,4,9,7,3,2,Yes,No,Considering it,Good
35,Female,Student,Europe,Instagram,1,7.1,97,Every night,9,Connection with friends,4.7,18,3,7,7,8,6,7,5,No,No,No,At-risk
31,Female,Full-time employed,Europe,Instagram,2,2.7,103,Sometimes,10,Connection with friends,6.5,9,4,7,4,9,5,4,2,No,No,No,Good
39,Male,Full-time employed,Europe,Instagram,2,2.0,13,Often,11,Entertainment,7.7,11,1,9,6,9,2,5,3,No,No,No,Moderate
23,Male,Part-time employed,North America,Snapchat,3,2.7,35,Every night,37,Passing time/boredom,5.3,15,10,5,5,3,7,7,3,Yes,"Yes, failed",No,Moderate
28,Female,Student,North America,TikTok,3,4.0,130,Every night,16,Entertainment,5.2,12,6,7,3,5,3,4,3,No,No,Yes,Moderate
29,Male,Unemployed,North America,Reddit,5,2.0,48,Often,12,Content creation,6.8,9,3,8,4,5,1,7,1,Yes,"Yes, succeeded",No,Good
39,Female,Student,Asia,Reddit,1,2.6,118,Sometimes,40,Entertainment,8.0,18,0,8,6,7,6,3,3,No,No,No,At-risk
19,Female,Student,North America,Snapchat,1,5.9,52,Often,41,Passing time/boredom,7.0,16,2,5,6,5,6,6,1,No,"Yes, failed",No,Moderate
29,Male,Student,Asia,Instagram,3,3.2,37,Every night,7,Work/career,7.6,12,0,9,6,6,6,4,3,Yes,"Yes, failed",No,Moderate
34,Male,Student,Europe,X/Twitter,6,6.0,41,Sometimes,22,Content creation,6.9,13,5,4,7,10,5,6,3,Yes,No,Yes,Moderate
24,Female,Full-time employed,Europe,YouTube,2,5.8,123,Sometimes,8,News/information,6.8,15,0,7,6,6,5,3,3,No,"Yes, failed",No,Moderate
39,Male,Full-time employed,Asia,YouTube,5,3.3,19,Often,13,Work/career,7.1,7,3,8,1,9,7,6,2,No,No,Considering it,Good
27,Male,Part-time employed,North America,Snapchat,2,3.0,57,Often,29,Work/career,6.6,14,1,8,6,3,5,1,3,No,"Yes, failed",Considering it,Moderate
33,Female,Full-time employed,North America,Instagram,5,6.5,57,Sometimes,7,Entertainment,8.0,14,4,6,7,5,5,9,3,No,"Yes, failed",No,Moderate
40,Male,Student,North America,Instagram,3,4.6,50,Sometimes,11,Entertainment,6.1,14,12,6,7,5,10,4,3,No,No,No,Moderate
28,Female,Full-time employed,Asia,Instagram,4,6.4,231,Often,9,Entertainment,5.7,13,0,5,5,5,5,7,3,No,"Yes, failed",Considering it,Moderate
32,Female,Full-time employed,Europe,Snapchat,4,4.6,27,Often,14,Connection with friends,7.2,11,5,5,7,4,7,4,3,Yes,"Yes, succeeded",No,Moderate
42,Male,Student,Asia,YouTube,2,3.2,31,Never,16,News/information,7.0,16,5,6,2,6,6,5,2,Yes,No,No,Moderate
29,Male,Full-time employed,Africa,Instagram,2,4.0,126,Often,22,Content creation,6.3,10,0,5,10,6,8,5,4,No,No,Yes,Moderate
35,Male,Full-time employed,Asia,YouTube,5,5.2,74,Often,15,Entertainment,5.6,19,3,5,3,6,6,7,3,Yes,No,No,At-risk
24,Male,Self-employed,Asia,YouTube,1,2.9,67,Often,33,News/information,7.7,8,0,8,4,8,4,2,4,No,"Yes, failed",Yes,Good
40,Prefer not to say,Self-employed,Africa,Reddit,4,1.6,29,Every night,18,News/information,7.5,8,0,5,7,6,5,1,2,No,No,No,Good
21,Female,Student,Asia,Reddit,2,2.1,122,Sometimes,13,Connection with friends,8.3,13,5,7,6,8,8,3,5,Yes,"Yes, succeeded",Considering it,Moderate
22,Female,Part-time employed,North America,Instagram,2,7.4,108,Sometimes,26,Entertainment,6.9,14,0,9,9,4,7,5,3,Yes,No,No,Moderate
36,Female,Part-time employed,Asia,TikTok,4,1.3,23,Sometimes,10,Connection with friends,7.9,6,7,8,2,6,1,4,2,No,No,No,Good
20,Male,Student,North America,Instagram,3,4.7,37,Every night,11,Entertainment,5.5,17,0,5,5,6,3,5,3,No,"Yes, failed",No,At-risk
25,Prefer not to say,Student,North America,Facebook,1,4.9,46,Sometimes,24,Work/career,6.1,8,3,7,6,5,5,6,4,No,"Yes, succeeded",Considering it,Good
29,Female,Student,Europe,YouTube,8,5.6,65,Sometimes,7,Passing time/boredom,6.5,12,2,6,3,3,4,3,3,Yes,"Yes, failed",No,Moderate
24,Male,Student,Africa,Instagram,7,1.0,14,Often,18,Passing time/boredom,7.6,6,1,5,6,4,7,2,3,Yes,No,No,Good
22,Non-binary,Full-time employed,Asia,TikTok,2,3.3,46,Sometimes,3,Connection with friends,6.5,12,6,7,1,5,2,5,3,No,No,Considering it,Moderate
15,Female,Full-time employed,North America,Instagram,2,2.8,68,Often,32,Passing time/boredom,7.1,12,5,5,4,6,3,6,2,No,"Yes, succeeded",No,Moderate
31,Female,Student,Europe,Snapchat,4,2.5,18,Often,37,Connection with friends,8.2,14,1,6,5,9,10,4,1,No,"Yes, succeeded",Considering it,Moderate
33,Male,Student,Europe,TikTok,2,2.4,11,Every night,2,Entertainment,7.5,6,6,6,5,8,1,7,5,No,No,No,Good
39,Male,Full-time employed,Europe,Reddit,5,3.8,99,Never,10,Entertainment,7.8,13,7,9,4,2,4,4,1,No,No,Considering it,Moderate
30,Female,Full-time employed,Europe,Snapchat,3,2.9,13,Sometimes,34,Entertainment,8.0,1,5,7,4,5,5,3,5,No,"Yes, failed",No,Good
13,Male,Full-time employed,Europe,X/Twitter,4,3.2,48,Every night,11,Work/career,7.0,15,0,7,6,10,6,6,2,No,No,No,Moderate
21,Female,Student,Europe,YouTube,5,3.4,176,Sometimes,15,Connection with friends,6.7,10,1,6,1,6,1,8,2,No,"Yes, failed",No,Moderate
23,Male,Student,Europe,Snapchat,2,3.9,26,Every night,35,Work/career,6.0,13,9,7,5,10,2,7,2,No,No,No,Moderate
25,Male,Part-time employed,Asia,TikTok,5,2.7,41,Every night,29,Entertainment,6.2,10,0,6,5,6,6,7,2,No,"Yes, succeeded",Yes,Moderate
23,Male,Unemployed,North America,YouTube,3,1.6,28,Sometimes,11,News/information,7.1,6,4,8,5,4,1,5,3,No,No,Considering it,Good
33,Male,Full-time employed,North America,Reddit,3,1.6,36,Often,4,Work/career,6.8,11,0,9,3,5,4,4,3,No,"Yes, failed",Yes,Moderate
21,Female,Student,Asia,X/Twitter,1,2.5,25,Often,58,Connection with friends,6.5,9,0,7,5,7,1,4,1,Yes,No,No,Good
32,Male,Unemployed,Asia,Facebook,3,2.6,22,Never,3,News/information,6.9,6,0,9,4,8,8,5,3,Yes,"Yes, failed",No,Good
32,Male,Student,Europe,Instagram,1,4.5,82,Sometimes,37,Passing time/boredom,6.6,6,1,5,10,5,9,7,3,No,No,No,Good
34,Male,Self-employed,North America,YouTube,6,3.9,52,Sometimes,36,Entertainment,8.3,15,3,8,5,6,5,6,3,No,No,No,Moderate
18,Female,Full-time employed,Asia,Instagram,2,2.9,92,Every night,15,Entertainment,5.9,8,3,10,6,7,1,4,2,No,No,No,Good
31,Female,Unemployed,Asia,X/Twitter,4,3.3,56,Often,56,Entertainment,6.5,12,0,7,6,7,7,6,2,No,No,Yes,Moderate
39,Female,Full-time employed,Europe,TikTok,6,3.4,98,Never,18,News/information,7.4,8,2,5,7,8,6,6,4,No,No,No,Good
23,Male,Student,Latin America,Snapchat,1,0.9,5,Often,38,Connection with friends,7.5,8,4,8,5,8,2,4,2,Yes,"Yes, succeeded",No,Good
33,Female,Student,North America,TikTok,3,1.9,25,Sometimes,27,News/information,7.3,10,7,10,6,7,4,5,4,Yes,"Yes, succeeded",No,Moderate
15,Male,Self-employed,Asia,YouTube,3,2.5,31,Sometimes,17,News/information,7.6,14,10,9,5,3,4,3,2,No,No,Considering it,Moderate
21,Male,Part-time employed,North America,Snapchat,4,1.7,14,Sometimes,31,Connection with friends,7.0,10,7,7,7,5,6,8,2,No,"Yes, failed",No,Moderate
49,Male,Student,North America,YouTube,2,1.9,98,Every night,41,Entertainment,7.0,9,5,10,4,8,4,3,4,Yes,"Yes, succeeded",No,Good
41,Female,Student,Europe,YouTube,1,5.4,100,Never,5,Content creation,6.4,14,0,7,4,8,6,4,3,No,No,Yes,Moderate
38,Female,Student,North America,Snapchat,6,2.0,51,Every night,4,Entertainment,7.7,13,10,6,2,6,1,4,3,No,"Yes, failed",No,Moderate
37,Female,Full-time employed,Asia,X/Twitter,6,3.0,9,Sometimes,27,News/information,6.5,8,7,5,5,6,8,5,2,No,No,No,Good
31,Male,Student,Asia,Instagram,2,4.3,15,Every night,13,Entertainment,6.0,20,3,5,3,9,7,5,3,No,"Yes, failed",No,At-risk
23,Male,Student,North America,TikTok,2,1.5,7,Every night,4,Entertainment,6.3,17,0,7,3,9,5,4,3,Yes,No,Yes,At-risk
21,Female,Student,Latin America,Snapchat,3,7.0,148,Often,3,Work/career,7.6,19,2,7,3,3,5,10,3,Yes,No,Considering it,At-risk
13,Male,Full-time employed,Oceania,Instagram,5,4.2,26,Every night,28,Entertainment,6.2,20,1,5,4,7,6,5,6,Yes,"Yes, succeeded",Considering it,At-risk
28,Male,Full-time employed,Latin America,X/Twitter,8,4.7,92,Never,28,News/information,5.2,13,0,5,4,7,6,6,5,No,No,Considering it,Moderate
34,Male,Student,Asia,Snapchat,3,3.0,114,Sometimes,49,Entertainment,8.4,8,7,6,8,6,5,3,5,Yes,"Yes, failed",No,Good
19,Female,Student,Asia,YouTube,6,7.9,400,Every night,14,News/information,4.5,25,0,2,7,1,2,5,2,Yes,"Yes, succeeded",Yes,At-risk
32,Female,Student,Europe,TikTok,6,2.3,29,Every night,7,Entertainment,6.4,5,1,4,3,4,6,3,1,Yes,No,No,Good
29,Female,Full-time employed,Europe,Instagram,1,4.5,180,Often,1,Content creation,5.9,22,0,3,2,8,6,8,5,No,No,No,At-risk
13,Female,Part-time employed,Europe,Snapchat,2,3.0,20,Never,15,Connection with friends,6.9,9,0,6,7,5,3,3,2,Yes,"Yes, failed",No,Good
34,Non-binary,Full-time employed,Oceania,X/Twitter,4,3.3,87,Every night,16,Connection with friends,6.1,11,0,6,5,7,6,3,4,No,No,Considering it,Moderate
25,Female,Full-time employed,Asia,YouTube,8,1.8,12,Sometimes,23,Entertainment,7.1,4,6,6,3,7,1,7,3,Yes,"Yes, succeeded",No,Good
30,Female,Student,Europe,LinkedIn,4,3.8,55,Never,23,Entertainment,7.0,14,8,9,7,6,5,8,4,No,No,No,Moderate
39,Female,Student,Africa,Instagram,1,4.7,29,Often,4,Passing time/boredom,5.9,11,2,5,6,4,5,2,4,No,"Yes, failed",No,Moderate
50,Female,Student,North America,YouTube,3,2.3,23,Sometimes,10,Passing time/boredom,7.9,13,4,7,5,4,5,7,4,No,"Yes, succeeded",Yes,Moderate
57,Male,Student,North America,Instagram,2,3.8,37,Sometimes,9,Content creation,6.9,12,1,5,2,8,8,2,3,No,No,No,Moderate
33,Male,Student,North America,TikTok,5,1.9,14,Often,28,Entertainment,7.4,16,6,6,3,9,4,2,3,No,"Yes, succeeded",Yes,Moderate
35,Male,Full-time employed,Asia,TikTok,5,2.6,75,Every night,15,Passing time/boredom,6.7,8,0,7,10,7,6,5,3,No,"Yes, failed",No,Good
29,Male,Full-time employed,North America,YouTube,5,2.6,21,Sometimes,36,Work/career,7.7,16,1,8,5,5,3,4,5,No,"Yes, failed",Considering it,Moderate
45,Male,Full-time employed,Asia,TikTok,6,3.7,71,Sometimes,14,Work/career,6.5,14,5,8,2,5,9,5,4,No,"Yes, failed",No,Moderate
27,Female,Student,Latin America,Instagram,4,1.0,12,Sometimes,15,News/information,7.9,9,4,8,5,5,4,5,3,No,"Yes, failed",Yes,Good
15,Female,Retired,North America,Instagram,2,1.9,35,Sometimes,36,Passing time/boredom,7.4,11,0,6,3,8,3,5,4,No,"Yes, failed",Yes,Moderate
19,Male,Full-time employed,Europe,Reddit,5,1.1,18,Often,11,Content creation,6.0,11,6,7,4,6,3,4,3,No,No,Yes,Moderate
33,Female,Full-time employed,North America,Snapchat,8,3.3,33,Sometimes,57,Entertainment,6.5,10,8,8,3,3,4,9,4,No,No,No,Moderate
32,Female,Student,Europe,Instagram,5,3.8,132,Every night,52,Work/career,7.4,12,0,7,4,7,7,7,2,No,No,Yes,Moderate
38,Female,Self-employed,Europe,Instagram,1,2.7,117,Sometimes,35,Entertainment,8.3,3,0,8,9,4,3,4,3,No,No,Yes,Good
27,Male,Student,North America,YouTube,5,3.8,29,Sometimes,12,Entertainment,7.7,9,6,8,5,5,6,6,2,Yes,"Yes, failed",No,Good
13,Male,Part-time employed,North America,YouTube,5,2.6,89,Sometimes,29,News/information,8.7,17,6,6,7,6,7,4,5,No,No,No,At-risk
24,Female,Full-time employed,North America,Instagram,5,6.9,83,Often,17,Content creation,6.9,15,0,6,7,4,6,7,3,Yes,No,No,Moderate
37,Female,Full-time employed,Europe,Instagram,1,3.0,47,Often,31,Passing time/boredom,7.3,8,3,6,8,6,1,6,0,No,"Yes, failed",No,Good
32,Female,Student,Europe,Instagram,2,3.6,23,Often,6,Content creation,7.0,15,1,5,5,6,5,4,2,No,No,No,Moderate
17,Female,Full-time employed,Europe,YouTube,6,1.3,21,Often,9,Entertainment,8.6,5,0,8,4,8,5,5,2,No,No,Yes,Good
33,Non-binary,Student,Asia,Instagram,3,1.1,32,Sometimes,7,Work/career,7.1,6,5,9,5,6,3,6,2,Yes,"Yes, succeeded",No,Good
18,Male,Full-time employed,Europe,Facebook,2,6.3,132,Every night,7,Entertainment,5.4,15,0,5,5,5,8,7,5,No,No,No,Moderate
30,Female,Student,Oceania,YouTube,1,5.9,229,Often,2,News/information,6.8,21,3,7,6,6,1,5,2,No,"Yes, succeeded",No,At-risk
28,Female,Part-time employed,Asia,Facebook,4,1.2,21,Sometimes,15,Passing time/boredom,8.3,9,3,9,1,6,1,2,3,No,No,No,Good
40,Male,Full-time employed,Asia,TikTok,5,2.8,37,Every night,16,Content creation,5.5,18,2,6,6,9,6,9,3,Yes,"Yes, failed",No,At-risk
38,Female,Student,Asia,TikTok,1,6.3,93,Often,8,Connection with friends,5.4,21,0,8,5,5,7,4,4,No,No,Considering it,At-risk
19,Male,Student,Europe,Instagram,1,4.3,126,Often,11,Connection with friends,7.4,7,0,9,6,5,9,4,3,No,"Yes, failed",No,Good
32,Female,Full-time employed,Europe,TikTok,3,1.2,13,Sometimes,24,Connection with friends,7.7,9,15,6,3,6,2,7,2,No,"Yes, failed",No,Moderate
52,Female,Full-time employed,Asia,Facebook,3,3.0,68,Never,36,Connection with friends,7.5,10,2,7,2,5,3,6,3,Yes,"Yes, failed",Yes,Moderate
35,Male,Part-time employed,Africa,YouTube,3,2.5,28,Often,28,Content creation,6.3,12,2,8,4,5,6,3,1,No,No,No,Moderate
18,Female,Student,North America,YouTube,3,2.3,22,Sometimes,5,Entertainment,7.9,1,7,7,5,8,5,8,2,No,No,No,Good
40,Male,Student,North America,TikTok,4,2.6,5,Sometimes,2,Entertainment,6.9,15,3,7,6,8,6,3,4,No,"Yes, failed",No,Moderate
30,Male,Full-time employed,North America,X/Twitter,1,1.7,44,Every night,30,Connection with friends,5.3,18,3,9,7,2,4,6,2,No,No,No,At-risk
22,Prefer not to say,Student,Africa,YouTube,4,5.5,159,Every night,29,Content creation,5.5,26,9,5,8,10,8,8,3,Yes,"Yes, succeeded",Yes,At-risk
27,Female,Student,Asia,Snapchat,4,0.3,5,Often,6,Entertainment,7.1,6,7,9,1,6,3,4,1,Yes,No,No,Good
31,Male,Student,Asia,TikTok,5,3.0,42,Every night,20,Connection with friends,6.2,8,6,6,3,2,2,2,1,No,"Yes, succeeded",No,Good
42,Female,Unemployed,North America,TikTok,5,5.8,50,Often,45,Entertainment,6.4,17,6,8,6,7,3,5,3,Yes,No,No,At-risk
47,Female,Unemployed,North America,Instagram,5,7.1,60,Sometimes,19,Passing time/boredom,6.7,13,2,4,7,5,8,3,1,No,"Yes, failed",No,Moderate
33,Male,Full-time employed,Africa,TikTok,5,1.1,5,Sometimes,28,Passing time/boredom,7.3,8,5,8,8,8,1,5,3,No,"Yes, failed",Considering it,Good
13,Female,Unemployed,North America,Instagram,1,0.8,29,Sometimes,11,Content creation,8.6,5,8,9,7,6,2,2,4,No,"Yes, failed",No,Good
34,Female,Retired,Africa,Instagram,2,0.9,7,Often,22,Entertainment,7.7,9,4,9,1,7,3,2,3,Yes,No,Yes,Good
37,Male,Unemployed,Oceania,Instagram,1,4.0,47,Every night,3,News/information,6.1,16,8,9,4,1,7,7,4,No,No,No,Moderate
13,Male,Retired,North America,LinkedIn,3,3.3,48,Sometimes,17,Connection with friends,8.7,3,7,10,3,5,5,4,4,No,"Yes, succeeded",No,Good
40,Female,Student,Oceania,Instagram,3,9.3,115,Sometimes,15,Entertainment,7.7,23,0,5,9,5,4,7,4,No,No,No,At-risk
55,Male,Full-time employed,Oceania,Instagram,1,1.7,19,Often,21,Entertainment,7.9,5,4,7,4,5,5,7,3,No,No,No,Good
40,Female,Student,Asia,Facebook,2,2.7,7,Sometimes,21,News/information,7.6,9,5,7,3,8,5,7,2,No,No,Considering it,Good
37,Female,Full-time employed,North America,Instagram,8,1.7,49,Sometimes,15,Work/career,7.2,8,6,8,2,9,3,2,3,No,No,No,Good
23,Male,Full-time employed,North America,Snapchat,1,3.5,44,Often,11,Content creation,6.8,8,8,8,8,5,2,3,2,No,"Yes, failed",No,Good
20,Female,Part-time employed,Europe,TikTok,5,2.8,37,Never,19,Entertainment,7.3,1,7,9,6,6,2,3,0,No,"Yes, failed",Considering it,Good
21,Female,Self-employed,Europe,Snapchat,2,5.2,109,Often,31,News/information,5.6,22,0,5,5,4,7,3,5,Yes,"Yes, failed",Considering it,At-risk
40,Non-binary,Student,Europe,X/Twitter,1,2.0,19,Sometimes,10,News/information,6.7,4,0,10,2,6,1,4,2,Yes,No,No,Good
18,Male,Full-time employed,North America,Facebook,4,4.7,44,Every night,12,News/information,7.0,20,0,5,7,8,6,9,3,No,No,Yes,At-risk
19,Male,Full-time employed,North America,Facebook,1,3.2,111,Often,7,Connection with friends,6.6,12,0,6,9,5,6,2,4,No,"Yes, failed",No,Moderate
28,Female,Full-time employed,North America,TikTok,3,2.1,38,Sometimes,31,Entertainment,7.3,3,12,9,5,5,4,8,4,Yes,"Yes, failed",Considering it,Moderate
24,Male,Student,Asia,LinkedIn,2,1.7,21,Never,31,Connection with friends,8.7,7,0,8,5,7,2,6,3,Yes,No,Considering it,Good
52,Female,Part-time employed,Asia,TikTok,1,9.0,183,Sometimes,14,Entertainment,6.0,21,0,8,5,6,10,5,3,No,No,No,At-risk
21,Male,Full-time employed,Europe,Instagram,3,2.3,25,Sometimes,8,Entertainment,6.9,8,6,8,3,6,4,4,3,No,No,No,Good
45,Male,Self-employed,North America,LinkedIn,1,2.7,49,Often,11,Connection with friends,6.4,11,2,7,8,10,8,1,1,No,"Yes, failed",Yes,Moderate
20,Non-binary,Full-time employed,Asia,TikTok,3,4.7,177,Often,6,Connection with friends,6.5,16,3,5,5,3,4,8,2,No,"Yes, failed",No,Moderate
21,Male,Student,Asia,Instagram,4,4.5,20,Often,55,News/information,7.3,17,1,6,10,3,4,8,1,No,"Yes, failed",No,At-risk
46,Female,Full-time employed,North America,YouTube,6,3.3,98,Sometimes,9,Work/career,7.6,20,0,7,1,7,9,8,2,No,No,No,At-risk
24,Male,Student,Europe,YouTube,1,2.1,40,Often,8,News/information,7.5,14,2,8,6,7,3,7,2,No,"Yes, failed",Considering it,Moderate
32,Female,Student,Asia,X/Twitter,3,2.5,49,Never,13,Connection with friends,6.5,5,5,5,3,9,4,4,3,Yes,"Yes, succeeded",Yes,Good
25,Female,Student,Asia,YouTube,4,3.6,60,Often,4,Passing time/boredom,6.7,10,7,3,4,7,2,3,3,Yes,No,Considering it,Moderate
21,Male,Self-employed,Oceania,Instagram,2,1.0,30,Sometimes,32,Content creation,8.0,8,8,10,4,4,1,6,2,No,"Yes, succeeded",No,Good
21,Female,Self-employed,Asia,X/Twitter,3,6.1,21,Never,13,Connection with friends,5.6,14,0,4,5,6,6,6,3,No,"Yes, succeeded",No,Moderate
26,Female,Full-time employed,Latin America,TikTok,3,4.0,50,Sometimes,56,News/information,5.4,12,7,7,6,6,6,4,4,No,"Yes, succeeded",No,Moderate
33,Male,Full-time employed,Asia,Instagram,7,1.6,44,Every night,14,News/information,5.5,8,0,7,6,6,1,4,1,Yes,"Yes, failed",Considering it,Good
39,Male,Student,North America,Instagram,3,4.9,101,Sometimes,6,Work/career,7.2,13,3,5,5,6,6,9,1,No,No,Considering it,Moderate
47,Male,Full-time employed,Europe,TikTok,5,2.3,46,Sometimes,33,Entertainment,5.8,8,1,6,5,6,4,4,1,No,No,No,Good
22,Female,Full-time employed,Asia,TikTok,1,4.6,29,Every night,18,Content creation,6.0,9,0,7,10,6,3,6,4,No,No,Considering it,Good
42,Male,Unemployed,Europe,Reddit,4,1.8,37,Never,5,Entertainment,7.6,9,4,7,2,5,3,4,3,No,No,Yes,Good
41,Male,Student,Asia,Instagram,2,1.7,89,Sometimes,17,Entertainment,7.9,10,5,7,2,6,5,5,1,No,No,No,Moderate
49,Female,Part-time employed,Europe,Instagram,4,5.2,162,Sometimes,7,Entertainment,6.8,10,1,9,2,5,6,1,4,No,"Yes, succeeded",Yes,Moderate
13,Female,Part-time employed,Europe,TikTok,3,8.0,139,Every night,18,Work/career,4.8,20,0,4,10,5,7,6,1,No,No,Considering it,At-risk
23,Non-binary,Unemployed,North America,Instagram,5,10.9,252,Never,45,Entertainment,6.0,18,0,4,9,4,7,10,3,No,No,No,At-risk
13,Male,Part-time employed,North America,TikTok,7,2.7,65,Often,6,Passing time/boredom,6.9,14,4,5,5,8,5,5,1,No,No,No,Moderate
27,Female,Student,Europe,Instagram,5,1.9,17,Often,5,Passing time/boredom,7.3,13,6,9,5,7,2,5,3,No,"Yes, failed",Considering it,Moderate
45,Female,Student,Europe,Instagram,2,4.2,122,Sometimes,25,Connection with friends,7.2,7,2,7,6,6,2,9,3,No,"Yes, failed",Yes,Good
29,Prefer not to say,Full-time employed,Europe,TikTok,2,5.9,67,Sometimes,57,Work/career,7.2,22,0,7,5,5,9,7,3,No,No,No,At-risk
19,Female,Unemployed,North America,Instagram,3,1.9,37,Often,33,News/information,6.5,12,9,7,1,9,4,2,1,No,"Yes, failed",No,Moderate
28,Prefer not to say,Student,Asia,Instagram,4,2.0,5,Often,27,Connection with friends,7.3,8,5,9,3,8,1,6,3,No,"Yes, succeeded",No,Good
35,Female,Full-time employed,Asia,YouTube,3,2.6,23,Sometimes,20,Entertainment,6.6,8,4,8,3,4,3,3,5,Yes,"Yes, failed",No,Good
13,Female,Full-time employed,Africa,Reddit,3,3.3,32,Often,24,Content creation,6.8,12,7,6,2,5,4,9,5,Yes,"Yes, succeeded",Considering it,Moderate
15,Male,Retired,Europe,Snapchat,1,2.0,42,Sometimes,2,News/information,8.3,9,10,10,6,6,1,3,3,No,"Yes, failed",No,Moderate
21,Male,Student,Latin America,Snapchat,3,4.6,95,Often,12,Entertainment,7.2,13,0,5,4,6,6,5,3,No,"Yes, failed",No,Moderate
42,Male,Self-employed,Asia,TikTok,1,0.8,12,Often,10,Connection with friends,8.1,4,5,8,4,10,1,4,3,Yes,"Yes, failed",No,Good
26,Male,Full-time employed,Asia,Snapchat,3,6.8,23,Every night,40,Connection with friends,4.2,16,0,3,5,5,4,6,1,Yes,"Yes, succeeded",No,Moderate
18,Male,Student,North America,Instagram,4,4.8,64,Every night,35,Entertainment,5.9,10,0,8,7,6,9,6,2,No,"Yes, failed",No,Moderate
33,Prefer not to say,Student,Europe,YouTube,4,3.9,66,Every night,24,Passing time/boredom,6.0,17,0,8,6,4,5,4,1,No,"Yes, failed",Yes,At-risk
13,Male,Full-time employed,Europe,TikTok,4,2.3,37,Often,18,Entertainment,6.5,2,6,5,2,7,2,4,0,No,No,No,Good
13,Female,Part-time employed,Asia,Instagram,3,3.1,51,Often,6,Connection with friends,7.0,10,7,5,1,8,7,7,1,No,No,No,Moderate
13,Male,Full-time employed,North America,Reddit,5,0.9,10,Often,63,News/information,7.2,10,4,7,3,10,3,4,2,Yes,No,Yes,Moderate
22,Female,Student,Europe,YouTube,4,2.1,21,Every night,23,Content creation,7.5,10,0,8,2,7,3,4,5,No,"Yes, succeeded",Yes,Moderate
30,Female,Full-time employed,Europe,X/Twitter,3,3.9,108,Often,11,Connection with friends,6.3,9,12,10,2,4,4,5,2,No,"Yes, failed",Yes,Moderate
31,Female,Student,Europe,YouTube,5,5.9,73,Sometimes,47,News/information,5.3,17,0,7,9,9,6,3,2,No,No,Considering it,At-risk
38,Male,Unemployed,Oceania,Reddit,1,6.7,174,Sometimes,9,Content creation,7.1,8,0,6,8,3,7,8,4,No,"Yes, succeeded",Yes,Good
28,Female,Student,Europe,Facebook,7,3.8,57,Sometimes,51,Connection with friends,6.4,13,0,5,2,5,6,6,3,No,No,Yes,Moderate
41,Female,Unemployed,North America,Instagram,1,0.5,5,Often,11,News/information,7.1,6,10,7,2,6,2,3,3,No,"Yes, succeeded",No,Moderate
31,Male,Student,North America,YouTube,1,5.1,78,Sometimes,10,News/information,6.0,14,0,8,8,7,8,6,1,No,No,No,Moderate
27,Male,Self-employed,North America,Instagram,3,3.5,68,Every night,12,News/information,7.2,3,0,10,5,6,4,6,3,No,No,No,Good
21,Female,Student,North America,Instagram,6,5.4,169,Never,30,Work/career,7.4,8,0,6,9,6,6,6,2,No,No,Considering it,Good
16,Male,Student,Europe,X/Twitter,2,4.6,15,Sometimes,15,Entertainment,7.0,10,1,7,6,6,9,4,4,No,No,No,Moderate
48,Prefer not to say,Retired,Europe,Instagram,3,1.3,13,Often,18,Entertainment,6.6,8,1,7,1,7,3,6,2,No,"Yes, succeeded",Considering it,Good
34,Male,Full-time employed,Europe,YouTube,5,3.3,34,Sometimes,23,Work/career,7.1,16,6,6,4,4,2,7,3,No,No,No,Moderate
24,Female,Full-time employed,North America,TikTok,1,2.7,99,Never,35,Passing time/boredom,6.7,12,3,8,2,8,5,6,2,No,"Yes, failed",No,Moderate
17,Male,Unemployed,Europe,Instagram,2,4.8,5,Sometimes,33,Content creation,7.3,17,0,8,5,4,7,5,3,No,"Yes, failed",No,At-risk
56,Non-binary,Part-time employed,Europe,Instagram,6,0.8,14,Sometimes,3,Entertainment,8.3,6,5,7,3,7,6,4,5,No,No,No,Good
29,Female,Student,Latin America,YouTube,1,2.4,7,Never,47,Connection with friends,7.4,17,13,7,3,5,3,3,4,Yes,"Yes, succeeded",No,At-risk
32,Male,Student,Africa,TikTok,2,2.4,44,Sometimes,26,Connection with friends,7.9,6,4,9,2,1,2,7,1,No,"Yes, failed",No,Good
13,Male,Student,Africa,Facebook,2,2.6,76,Sometimes,12,Content creation,6.6,9,4,7,4,5,4,4,1,No,"Yes, succeeded",Yes,Good
28,Prefer not to say,Full-time employed,Europe,TikTok,2,2.3,49,Often,20,Entertainment,6.8,16,9,5,4,5,3,6,4,No,"Yes, failed",Considering it,Moderate
38,Male,Student,Asia,TikTok,3,2.3,7,Never,5,Work/career,7.3,10,7,9,5,4,9,8,3,Yes,"Yes, succeeded",Yes,Moderate
36,Male,Full-time employed,Europe,TikTok,4,0.7,5,Sometimes,33,Entertainment,7.9,6,6,10,3,7,6,6,4,Yes,"Yes, failed",Considering it,Good
29,Female,Full-time employed,North America,TikTok,8,2.4,50,Sometimes,8,Connection with friends,6.8,13,1,6,6,6,4,7,2,No,"Yes, failed",No,Moderate
39,Female,Part-time employed,Asia,YouTube,3,3.4,148,Often,24,Passing time/boredom,6.3,5,9,7,9,7,6,8,2,No,No,No,Good
28,Male,Unemployed,North America,Snapchat,8,2.4,121,Never,15,Connection with friends,7.7,10,2,5,6,6,3,8,1,No,"Yes, succeeded",No,Moderate
34,Male,Full-time employed,Africa,Facebook,4,3.9,48,Never,17,Passing time/boredom,8.2,12,5,8,5,7,7,7,4,Yes,"Yes, failed",No,Moderate
29,Female,Student,Asia,X/Twitter,6,2.5,29,Often,22,Passing time/boredom,6.5,14,0,8,5,7,9,4,0,Yes,"Yes, failed",No,Moderate
25,Male,Unemployed,Europe,Instagram,3,1.7,16,Sometimes,30,Passing time/boredom,7.0,7,3,9,3,8,5,5,4,No,"Yes, succeeded",No,Good
33,Male,Student,Asia,X/Twitter,3,4.4,91,Every night,18,News/information,5.2,15,0,7,10,5,4,1,4,Yes,"Yes, failed",Considering it,Moderate
21,Female,Full-time employed,Europe,X/Twitter,4,2.3,16,Every night,5,Work/career,6.9,13,0,7,5,6,3,4,2,No,"Yes, succeeded",No,Moderate
26,Male,Student,Europe,Instagram,5,6.1,87,Sometimes,29,News/information,5.9,11,0,4,2,9,7,3,4,No,"Yes, failed",No,Moderate
30,Female,Student,North America,Instagram,3,2.7,8,Sometimes,6,Work/career,7.1,17,3,9,7,8,7,6,5,No,"Yes, failed",No,At-risk
29,Female,Full-time employed,Europe,Instagram,1,1.9,56,Sometimes,26,News/information,7.3,12,4,8,7,6,1,2,2,Yes,"Yes, failed",No,Moderate
28,Female,Full-time employed,Latin America,X/Twitter,3,5.3,62,Sometimes,15,Entertainment,7.0,9,3,8,6,3,8,5,2,Yes,No,No,Good
34,Male,Part-time employed,North America,Instagram,6,2.3,34,Often,8,Work/career,6.1,6,17,6,3,9,1,5,2,No,"Yes, failed",No,At-risk
30,Male,Part-time employed,North America,X/Twitter,1,1.7,23,Never,22,Entertainment,7.4,17,5,7,4,7,3,7,1,Yes,"Yes, succeeded",Yes,At-risk
35,Female,Student,Asia,X/Twitter,6,4.3,97,Sometimes,17,Entertainment,8.4,12,3,5,4,5,5,7,2,Yes,"Yes, failed",Considering it,Moderate
18,Prefer not to say,Part-time employed,North America,Snapchat,8,3.3,95,Sometimes,10,Work/career,6.9,14,1,6,5,3,8,6,4,No,"Yes, failed",No,Moderate
25,Female,Student,Asia,Reddit,4,1.1,7,Every night,27,Connection with friends,7.1,6,7,8,8,6,2,8,2,Yes,"Yes, succeeded",Yes,Good
38,Male,Full-time employed,Europe,Instagram,2,3.1,31,Often,28,Connection with friends,6.5,7,7,3,6,8,6,7,4,No,No,No,Good
17,Male,Part-time employed,Asia,Reddit,5,1.3,43,Sometimes,14,Entertainment,7.6,5,6,5,2,4,1,2,3,Yes,"Yes, failed",No,Good
39,Male,Student,Asia,Instagram,5,6.0,75,Sometimes,32,Entertainment,6.8,12,0,8,6,6,6,5,3,Yes,"Yes, failed",Considering it,Moderate
24,Male,Full-time employed,Africa,Snapchat,4,1.1,5,Often,3,Connection with friends,8.4,5,4,9,4,7,5,6,3,No,No,Considering it,Good
25,Female,Student,Europe,TikTok,5,3.5,59,Often,39,Work/career,7.0,9,2,9,4,7,1,8,3,No,No,No,Good
20,Non-binary,Full-time employed,North America,TikTok,3,3.7,95,Sometimes,46,Passing time/boredom,6.5,11,5,5,4,6,5,2,1,Yes,No,Yes,Moderate
28,Female,Student,Europe,TikTok,6,3.8,68,Sometimes,7,Entertainment,7.2,9,4,5,6,7,5,3,2,No,No,Considering it,Good
37,Male,Full-time employed,Europe,YouTube,2,3.5,38,Sometimes,15,Passing time/boredom,6.7,10,7,7,5,7,6,7,4,Yes,No,No,Moderate
38,Non-binary,Student,North America,TikTok,4,4.7,86,Often,27,Entertainment,8.0,18,0,6,5,10,8,6,1,Yes,No,Yes,At-risk
52,Male,Full-time employed,Oceania,Instagram,4,2.7,33,Sometimes,29,Entertainment,8.1,14,0,5,1,6,4,3,3,Yes,"Yes, succeeded",No,Moderate
29,Female,Full-time employed,Asia,YouTube,5,3.7,24,Every night,21,Work/career,6.1,13,0,8,1,4,3,7,2,No,"Yes, succeeded",Yes,Moderate
32,Female,Student,Oceania,X/Twitter,7,5.8,17,Every night,48,Passing time/boredom,6.3,13,1,6,6,7,6,6,1,Yes,"Yes, failed",No,Moderate
17,Female,Student,Africa,LinkedIn,3,1.8,10,Never,38,Entertainment,7.7,16,12,9,6,5,4,6,0,No,No,No,Moderate
46,Female,Student,Latin America,Facebook,6,14.0,280,Often,24,Connection with friends,4.9,26,0,5,9,2,10,10,4,Yes,"Yes, failed",No,At-risk
31,Male,Full-time employed,Latin America,TikTok,2,2.4,23,Sometimes,36,Connection with friends,7.1,12,1,7,3,6,5,3,2,No,"Yes, failed",No,Moderate
23,Female,Student,Asia,YouTube,3,2.4,55,Every night,12,Passing time/boredom,6.9,9,1,8,4,3,5,3,3,No,No,Considering it,Good
13,Female,Part-time employed,North America,YouTube,3,1.8,53,Sometimes,34,Connection with friends,7.0,11,5,6,1,10,5,2,4,No,"Yes, failed",No,Moderate
35,Male,Student,North America,Reddit,6,4.8,63,Often,14,Entertainment,7.4,15,0,7,3,5,6,5,3,Yes,"Yes, succeeded",Yes,Moderate
28,Female,Full-time employed,Asia,TikTok,5,3.0,66,Sometimes,52,Entertainment,7.5,8,0,7,4,3,1,7,5,Yes,"Yes, failed",No,Good
37,Female,Student,Asia,Facebook,4,2.0,44,Never,27,Connection with friends,7.9,11,8,9,5,7,5,6,1,No,"Yes, succeeded",Yes,Moderate
30,Male,Student,Europe,LinkedIn,2,2.7,16,Never,19,News/information,6.9,21,17,8,5,7,7,4,3,No,No,No,At-risk
27,Male,Student,Asia,Facebook,4,4.2,39,Sometimes,6,Connection with friends,7.0,9,3,7,4,3,3,7,3,Yes,No,Considering it,Good
13,Male,Part-time employed,Asia,YouTube,3,2.0,47,Never,16,Passing time/boredom,7.7,8,8,7,6,7,3,6,3,No,No,Considering it,Good
34,Non-binary,Full-time employed,Asia,YouTube,4,1.4,14,Every night,10,News/information,6.2,7,4,7,4,5,8,5,4,Yes,"Yes, succeeded",No,Good
23,Female,Unemployed,Asia,X/Twitter,2,1.8,10,Every night,34,Connection with friends,6.0,9,8,7,4,8,3,5,3,Yes,No,Yes,Good
30,Female,Retired,Asia,Instagram,5,2.1,12,Sometimes,19,Work/career,6.6,19,0,4,4,4,7,7,1,No,"Yes, failed",No,At-risk
23,Female,Full-time employed,Europe,TikTok,3,5.9,109,Every night,22,Entertainment,5.6,18,1,6,6,4,6,7,6,No,No,No,At-risk
27,Male,Unemployed,Latin America,YouTube,1,1.9,12,Sometimes,13,Entertainment,8.3,10,3,8,5,7,3,9,3,No,No,Considering it,Moderate
46,Female,Student,Europe,YouTube,4,5.2,100,Never,5,Entertainment,7.3,9,1,6,8,5,4,7,3,Yes,"Yes, succeeded",No,Good
37,Male,Student,Latin America,X/Twitter,4,4.8,144,Often,9,Passing time/boredom,6.1,13,3,8,6,7,4,8,4,No,No,No,Moderate
30,Male,Student,Latin America,Instagram,1,2.2,19,Sometimes,1,News/information,6.9,14,4,4,5,6,5,2,3,Yes,No,Considering it,Moderate
13,Female,Full-time employed,Asia,Reddit,3,5.3,72,Sometimes,4,Content creation,6.7,13,0,6,4,6,7,4,5,Yes,"Yes, succeeded",No,Moderate
28,Male,Student,Asia,TikTok,1,3.8,162,Often,27,Entertainment,8.0,9,0,10,5,7,4,8,1,No,No,Considering it,Good
47,Male,Student,Europe,LinkedIn,1,1.7,39,Sometimes,23,Connection with friends,7.2,4,6,9,6,9,2,6,3,No,"Yes, failed",Considering it,Good
13,Male,Student,Latin America,TikTok,3,2.9,57,Every night,7,Entertainment,4.7,12,0,8,5,6,4,5,6,Yes,"Yes, failed",Yes,Moderate
33,Female,Part-time employed,Oceania,YouTube,4,1.6,59,Sometimes,19,Entertainment,8.0,3,2,7,5,3,4,5,3,Yes,"Yes, failed",No,Good
31,Female,Student,North America,LinkedIn,5,1.9,39,Every night,15,Entertainment,7.0,8,0,7,6,7,2,5,4,No,"Yes, failed",Considering it,Good
36,Female,Student,North America,Instagram,1,2.9,29,Often,14,Connection with friends,6.6,11,8,7,5,9,5,7,0,Yes,No,No,Moderate
25,Male,Student,Africa,TikTok,2,0.9,7,Often,36,Entertainment,7.2,9,10,8,3,5,6,7,3,No,"Yes, succeeded",No,Moderate
26,Male,Full-time employed,Oceania,Reddit,7,1.6,34,Sometimes,5,Passing time/boredom,6.9,2,11,5,6,6,1,2,5,No,"Yes, failed",No,Moderate
30,Female,Full-time employed,Asia,YouTube,5,2.9,44,Often,44,News/information,8.4,13,6,6,4,7,3,5,2,No,No,Yes,Moderate
30,Female,Self-employed,Europe,Facebook,3,5.1,29,Sometimes,38,Entertainment,6.6,17,0,7,5,6,6,2,3,Yes,"Yes, failed",No,At-risk
14,Male,Full-time employed,Europe,Instagram,7,1.0,10,Every night,17,Work/career,7.8,13,0,8,1,8,2,4,6,No,No,Yes,Moderate
19,Male,Self-employed,Asia,Instagram,2,1.4,14,Often,17,Passing time/boredom,7.1,13,0,7,5,6,4,3,5,No,No,Considering it,Moderate
33,Female,Part-time employed,Latin America,Reddit,8,1.7,33,Sometimes,4,Connection with friends,7.3,16,3,8,2,10,2,3,3,Yes,No,Considering it,Moderate
29,Male,Full-time employed,Europe,TikTok,1,5.9,179,Sometimes,58,Entertainment,6.5,15,0,5,7,6,8,7,3,No,No,No,Moderate
22,Non-binary,Student,Europe,Reddit,1,6.9,109,Often,23,Entertainment,4.8,21,6,4,3,1,8,2,2,No,"Yes, failed",Considering it,At-risk
14,Female,Full-time employed,Europe,TikTok,4,1.5,13,Sometimes,13,News/information,6.8,4,7,9,2,9,4,5,5,Yes,"Yes, failed",No,Good
31,Male,Student,Asia,TikTok,6,1.5,14,Often,26,Work/career,7.3,2,10,8,4,6,1,4,2,No,"Yes, failed",No,Moderate
29,Female,Full-time employed,Europe,X/Twitter,4,5.6,214,Every night,6,Entertainment,6.0,20,0,5,4,3,10,8,4,Yes,"Yes, succeeded",No,At-risk
22,Female,Full-time employed,North America,TikTok,4,4.2,7,Often,28,Passing time/boredom,6.5,5,0,7,6,5,6,4,1,No,No,No,Good
28,Male,Full-time employed,Asia,X/Twitter,3,2.1,77,Sometimes,14,Connection with friends,7.4,6,8,8,6,10,5,4,5,No,"Yes, failed",No,Good
23,Female,Full-time employed,Latin America,X/Twitter,4,3.6,97,Sometimes,18,Connection with friends,7.0,5,3,9,5,5,2,7,4,Yes,No,No,Good
17,Male,Part-time employed,North America,TikTok,3,10.3,138,Never,42,Content creation,5.7,15,2,4,9,1,8,4,3,Yes,"Yes, succeeded",No,Moderate
37,Male,Full-time employed,North America,YouTube,4,0.9,10,Sometimes,49,Entertainment,7.1,5,5,7,3,6,3,6,4,No,No,Yes,Good
33,Male,Student,Asia,Instagram,1,3.8,103,Often,17,News/information,5.2,11,5,8,3,4,4,4,4,Yes,"Yes, failed",No,Moderate
30,Male,Student,Europe,Instagram,3,4.1,44,Sometimes,28,Passing time/boredom,8.3,12,4,6,6,4,6,5,3,No,No,No,Moderate
30,Female,Part-time employed,Africa,Snapchat,5,3.0,21,Every night,15,Connection with friends,5.7,8,3,7,3,6,3,4,5,No,"Yes, failed",Considering it,Good
17,Female,Self-employed,Europe,YouTube,2,3.2,57,Sometimes,26,News/information,8.5,14,4,6,6,8,2,8,4,Yes,"Yes, failed",Considering it,Moderate
30,Female,Student,Asia,Instagram,6,2.9,24,Never,7,Content creation,6.9,16,4,5,4,4,6,6,3,Yes,"Yes, failed",No,Moderate
30,Female,Full-time employed,Asia,TikTok,3,2.5,31,Every night,55,Entertainment,6.0,14,5,6,5,4,4,7,3,Yes,"Yes, failed",No,Moderate
14,Female,Unemployed,Europe,YouTube,4,2.0,36,Sometimes,31,Work/career,6.3,6,5,7,3,5,5,3,3,Yes,"Yes, succeeded",No,Good
29,Male,Part-time employed,Europe,TikTok,3,1.9,22,Never,33,Passing time/boredom,8.5,8,5,6,6,8,6,3,2,No,"Yes, succeeded",No,Good
41,Male,Full-time employed,North America,Instagram,7,2.4,16,Often,17,Passing time/boredom,7.0,9,7,6,4,9,4,8,3,No,No,Yes,Good
13,Female,Student,Asia,YouTube,4,9.4,94,Never,21,News/information,6.2,20,1,4,8,3,8,10,4,No,No,No,At-risk
17,Female,Student,North America,X/Twitter,4,2.4,46,Every night,40,News/information,6.7,11,0,7,5,5,5,3,4,No,"Yes, failed",Yes,Moderate
32,Female,Full-time employed,Oceania,TikTok,3,1.9,33,Sometimes,6,Connection with friends,6.2,12,3,9,1,6,3,3,2,No,"Yes, failed",Yes,Moderate
23,Male,Student,Europe,YouTube,5,2.1,40,Sometimes,29,Connection with friends,8.0,7,8,6,5,9,3,1,2,No,No,No,Good
24,Female,Full-time employed,North America,TikTok,1,1.8,7,Never,47,Entertainment,8.2,10,6,4,5,8,8,1,1,No,No,Yes,Moderate
30,Prefer not to say,Student,Oceania,Snapchat,3,5.6,54,Often,30,Entertainment,6.0,14,0,10,6,8,7,5,2,No,No,No,Moderate
26,Male,Full-time employed,North America,X/Twitter,3,3.8,16,Sometimes,7,Entertainment,7.3,9,6,9,5,9,1,5,4,Yes,"Yes, succeeded",Considering it,Good
35,Female,Self-employed,Europe,Facebook,3,3.0,5,Sometimes,16,Content creation,7.1,6,1,8,2,10,2,4,1,No,"Yes, failed",No,Good
43,Male,Full-time employed,Europe,YouTube,4,1.6,19,Sometimes,17,Work/career,7.9,3,2,5,6,5,3,6,3,No,No,No,Good
31,Female,Student,Asia,YouTube,1,5.0,37,Every night,9,Content creation,7.2,11,3,7,7,5,9,7,4,No,No,No,Moderate
29,Female,Student,Oceania,TikTok,3,5.0,147,Sometimes,41,News/information,6.9,13,2,6,6,2,3,3,1,Yes,No,Considering it,Moderate
25,Male,Student,Asia,Instagram,4,3.7,39,Often,13,Entertainment,7.4,11,0,5,7,8,1,4,4,No,"Yes, succeeded",No,Moderate
13,Female,Student,Europe,YouTube,3,3.8,132,Sometimes,11,Content creation,7.0,10,3,4,6,5,6,7,0,Yes,No,No,Moderate
18,Male,Student,Asia,Facebook,6,4.3,79,Often,3,Connection with friends,6.7,14,0,8,4,3,7,5,1,No,"Yes, failed",No,Moderate
25,Male,Part-time employed,Asia,Instagram,5,5.0,105,Sometimes,27,Work/career,5.8,15,3,5,10,6,2,8,4,No,No,No,Moderate
34,Female,Self-employed,Europe,TikTok,2,4.5,60,Sometimes,34,Entertainment,7.8,12,9,7,3,2,3,4,2,No,No,No,Moderate
16,Female,Full-time employed,North America,YouTube,1,4.3,32,Often,16,Work/career,6.2,16,1,7,3,5,10,6,3,No,No,Yes,Moderate
33,Female,Student,Asia,YouTube,2,1.0,25,Never,63,Work/career,7.7,6,11,8,7,4,5,4,3,Yes,"Yes, succeeded",No,Moderate
30,Female,Full-time employed,Asia,Instagram,3,2.1,61,Sometimes,22,Work/career,8.9,13,6,9,4,5,1,4,3,No,No,No,Moderate
53,Male,Self-employed,North America,X/Twitter,4,4.8,53,Often,37,News/information,7.1,17,7,6,5,8,10,7,4,No,No,No,At-risk
41,Male,Student,Latin America,Instagram,2,1.7,5,Every night,62,Entertainment,5.8,15,5,7,2,6,4,6,2,Yes,No,Considering it,Moderate
25,Female,Student,Europe,YouTube,7,3.8,38,Often,14,Entertainment,6.9,11,3,4,4,9,8,8,4,Yes,No,Considering it,Moderate
34,Male,Student,North America,Instagram,5,3.0,28,Often,9,Connection with friends,7.4,9,2,8,5,6,5,5,2,No,"Yes, failed",Considering it,Good
30,Female,Part-time employed,North America,Reddit,2,4.9,173,Every night,23,Connection with friends,6.9,20,0,5,8,4,6,8,5,Yes,No,Considering it,At-risk
34,Male,Full-time employed,North America,TikTok,4,5.5,75,Every night,14,Connection with friends,6.0,15,0,5,5,3,7,4,1,No,"Yes, failed",Considering it,Moderate
33,Male,Full-time employed,Europe,YouTube,3,2.2,29,Often,15,Connection with friends,7.0,9,2,5,6,7,9,5,3,No,No,No,Good
26,Female,Full-time employed,North America,YouTube,2,8.5,143,Sometimes,24,Connection with friends,6.4,16,0,4,3,5,10,7,2,Yes,"Yes, failed",Yes,Moderate
24,Male,Student,Asia,Instagram,5,2.5,14,Every night,9,Entertainment,7.5,13,3,8,2,9,4,5,4,No,"Yes, failed",Considering it,Moderate
22,Female,Student,Europe,X/Twitter,2,1.7,41,Sometimes,12,News/information,7.6,4,0,8,4,6,6,5,2,Yes,No,No,Good
25,Female,Part-time employed,Africa,Instagram,7,1.3,18,Sometimes,18,Connection with friends,7.0,4,3,9,1,8,1,2,1,Yes,No,No,Good
43,Female,Full-time employed,Africa,Instagram,6,3.9,60,Sometimes,49,Connection with friends,6.6,10,0,5,5,6,5,6,2,No,No,No,Moderate
43,Female,Full-time employed,North America,Instagram,1,1.5,15,Sometimes,34,Entertainment,6.7,6,12,7,4,4,2,3,1,Yes,"Yes, succeeded",Considering it,Moderate
41,Female,Unemployed,Asia,TikTok,7,2.7,15,Often,25,Entertainment,5.3,13,0,7,2,7,4,6,2,No,No,No,Moderate
13,Male,Full-time employed,Europe,TikTok,3,1.6,12,Every night,14,Entertainment,7.5,11,5,8,1,8,7,7,2,No,No,No,Moderate
41,Female,Part-time employed,Europe,LinkedIn,5,6.3,71,Sometimes,30,Connection with friends,6.2,16,3,7,3,6,6,8,3,Yes,No,No,Moderate
45,Female,Self-employed,North America,Facebook,3,4.5,48,Every night,8,News/information,6.1,10,4,4,7,7,1,7,4,No,"Yes, succeeded",No,Moderate
22,Male,Unemployed,Asia,Instagram,2,3.2,47,Sometimes,10,Connection with friends,7.0,11,4,9,4,6,5,7,4,No,"Yes, failed",No,Moderate
25,Male,Part-time employed,Europe,X/Twitter,2,1.6,108,Never,23,News/information,7.8,10,11,7,7,2,3,6,1,No,No,No,Moderate
59,Male,Student,North America,Facebook,1,3.2,26,Sometimes,14,Entertainment,6.9,8,6,8,5,4,6,4,3,No,No,No,Good
14,Female,Self-employed,North America,TikTok,1,4.3,16,Every night,37,Work/career,6.1,12,0,7,5,8,4,4,1,No,No,No,Moderate
28,Female,Full-time employed,North America,Instagram,2,1.4,35,Often,13,Content creation,7.7,7,7,7,4,5,4,2,1,No,"Yes, failed",No,Good
29,Male,Student,Asia,Reddit,5,4.1,8,Sometimes,35,Entertainment,6.7,16,1,9,9,6,6,9,4,Yes,"Yes, failed",No,Moderate
19,Male,Unemployed,North America,TikTok,4,3.9,87,Sometimes,61,Passing time/boredom,7.0,15,0,8,4,5,6,5,3,No,No,Yes,Moderate
18,Female,Student,Asia,TikTok,5,6.3,89,Never,67,Passing time/boredom,7.0,15,1,8,5,8,7,8,2,No,"Yes, succeeded",No,Moderate
30,Male,Student,Asia,Snapchat,4,0.5,7,Sometimes,8,Work/career,7.3,11,0,6,5,8,5,3,5,Yes,"Yes, failed",No,Moderate
39,Female,Student,Europe,TikTok,1,5.6,145,Never,16,News/information,8.0,10,8,6,10,5,6,7,3,No,No,No,Moderate
38,Male,Full-time employed,Asia,TikTok,3,2.2,33,Sometimes,19,Entertainment,7.6,3,5,7,4,10,4,2,2,Yes,No,Yes,Good
26,Female,Student,North America,TikTok,3,6.3,184,Never,10,Connection with friends,7.4,10,0,10,7,9,6,7,4,No,"Yes, failed",No,Moderate
36,Male,Student,North America,Reddit,2,3.2,37,Sometimes,14,Work/career,8.1,11,7,8,3,7,7,5,3,No,"Yes, succeeded",No,Moderate
39,Male,Unemployed,Asia,LinkedIn,6,1.8,24,Every night,22,Content creation,7.1,10,4,8,4,6,5,6,3,Yes,"Yes, succeeded",No,Moderate
13,Female,Full-time employed,Europe,TikTok,2,1.0,21,Sometimes,5,Entertainment,8.3,2,14,8,3,7,3,6,2,No,No,No,Moderate
23,Male,Full-time employed,Europe,Instagram,1,5.7,200,Never,18,Connection with friends,8.6,14,0,5,7,2,9,7,1,No,No,No,Moderate
31,Female,Full-time employed,North America,LinkedIn,3,3.2,38,Often,6,Entertainment,6.5,16,11,7,7,5,6,5,4,Yes,"Yes, failed",No,Moderate
13,Female,Retired,Latin America,TikTok,5,5.4,106,Often,15,Content creation,6.5,17,2,5,3,8,8,5,3,No,"Yes, failed",Considering it,At-risk
36,Male,Student,North America,Facebook,2,1.1,32,Sometimes,1,Content creation,7.3,4,6,5,9,6,4,6,3,No,"Yes, failed",No,Good
14,Male,Full-time employed,Asia,TikTok,6,4.1,128,Sometimes,9,Passing time/boredom,7.1,8,3,4,6,3,5,6,2,Yes,No,Yes,Good
35,Female,Student,Oceania,YouTube,1,4.2,61,Sometimes,12,Entertainment,8.0,11,3,8,7,8,4,7,3,No,"Yes, failed",Yes,Moderate
46,Non-binary,Full-time employed,Asia,Reddit,2,2.5,28,Sometimes,9,Connection with friends,7.4,16,5,7,5,4,1,6,3,Yes,No,No,Moderate
47,Female,Unemployed,North America,TikTok,3,2.9,83,Every night,19,Work/career,5.6,11,0,6,6,9,4,4,1,No,"Yes, failed",Considering it,Moderate
34,Female,Unemployed,North America,Reddit,5,2.4,38,Sometimes,8,Entertainment,6.2,9,7,8,8,4,6,4,3,Yes,"Yes, succeeded",Considering it,Good
21,Female,Full-time employed,Asia,TikTok,2,2.4,68,Often,28,Work/career,6.1,12,5,6,6,6,6,4,4,Yes,"Yes, failed",No,Moderate
25,Female,Self-employed,North America,Instagram,2,0.8,25,Every night,6,News/information,6.7,12,4,8,2,5,5,4,2,Yes,"Yes, failed",No,Moderate
26,Female,Retired,Latin America,Facebook,3,1.2,5,Often,15,Entertainment,5.9,10,7,8,3,8,2,5,0,No,"Yes, succeeded",Considering it,Moderate
15,Male,Retired,Europe,TikTok,2,3.8,40,Sometimes,14,Passing time/boredom,7.5,8,4,9,5,6,4,2,4,Yes,"Yes, succeeded",Considering it,Good
33,Female,Full-time employed,Asia,Instagram,1,1.8,37,Every night,21,Entertainment,5.8,8,1,8,5,5,3,7,3,No,"Yes, succeeded",No,Good
36,Female,Self-employed,Europe,YouTube,2,1.1,25,Every night,16,Entertainment,7.4,3,1,7,1,3,1,3,4,Yes,No,No,Good
22,Female,Unemployed,Europe,Snapchat,2,2.6,91,Every night,16,Entertainment,7.0,16,0,8,3,4,4,5,2,No,No,No,Moderate
45,Male,Student,Asia,YouTube,3,0.7,8,Often,12,Passing time/boredom,7.6,3,6,7,5,7,1,7,4,No,"Yes, failed",No,Good
13,Female,Student,North America,TikTok,2,1.6,19,Sometimes,19,Entertainment,7.7,9,7,8,3,6,7,6,4,No,No,No,Good
32,Female,Part-time employed,North America,Instagram,4,7.8,204,Sometimes,29,Content creation,5.9,17,0,5,6,3,7,5,3,No,No,No,At-risk
35,Female,Full-time employed,Latin America,TikTok,5,0.9,14,Often,11,Work/career,7.5,14,4,6,3,9,2,8,3,No,"Yes, succeeded",No,Moderate
26,Male,Full-time employed,North America,TikTok,3,4.0,42,Often,9,News/information,5.6,14,5,4,4,4,3,6,2,No,"Yes, succeeded",Considering it,Moderate
21,Female,Retired,Asia,Instagram,4,2.8,20,Sometimes,19,Content creation,6.4,10,0,4,8,8,7,8,4,Yes,No,No,Moderate
13,Female,Full-time employed,Asia,Instagram,1,9.3,104,Never,3,News/information,6.3,27,0,3,8,3,7,5,2,Yes,No,No,At-risk
15,Male,Student,Asia,YouTube,7,3.2,47,Often,31,News/information,7.6,12,5,6,6,5,1,5,4,No,"Yes, failed",No,Moderate
20,Male,Full-time employed,Europe,Instagram,3,2.4,5,Sometimes,32,Connection with friends,7.0,10,4,8,2,6,5,5,2,No,"Yes, succeeded",Considering it,Moderate
13,Female,Full-time employed,North America,LinkedIn,4,3.4,79,Often,1,Entertainment,5.4,2,0,7,8,3,3,6,4,Yes,No,Yes,Good
13,Male,Student,Europe,TikTok,6,7.8,337,Sometimes,50,Entertainment,7.0,21,0,3,7,4,5,8,3,No,"Yes, failed",Yes,At-risk
16,Male,Full-time employed,Asia,X/Twitter,3,1.6,47,Often,17,Connection with friends,7.9,12,6,9,2,10,5,4,1,No,"Yes, failed",No,Moderate
31,Female,Full-time employed,Latin America,Instagram,2,3.5,43,Sometimes,10,Connection with friends,7.2,10,10,7,4,5,7,4,5,No,"Yes, failed",No,Moderate
32,Female,Student,North America,YouTube,3,3.4,73,Every night,18,Connection with friends,6.6,19,1,7,3,5,4,5,3,No,No,No,At-risk
38,Female,Student,Asia,LinkedIn,3,2.8,8,Sometimes,7,Connection with friends,7.0,9,3,7,3,7,4,5,3,No,"Yes, failed",No,Good
25,Female,Student,North America,TikTok,3,2.1,82,Sometimes,9,Connection with friends,9.0,15,7,10,3,8,6,3,3,Yes,"Yes, succeeded",No,Moderate
34,Female,Student,North America,YouTube,5,2.0,40,Sometimes,15,News/information,7.7,5,13,9,3,6,1,3,3,Yes,No,Yes,Moderate
27,Female,Student,Europe,TikTok,8,1.6,21,Every night,32,Passing time/boredom,5.6,11,0,8,4,7,4,5,1,Yes,"Yes, succeeded",No,Moderate
25,Female,Student,Europe,TikTok,7,6.9,106,Sometimes,16,Entertainment,6.7,13,1,7,5,7,8,8,2,Yes,No,No,Moderate
13,Male,Student,North America,Instagram,1,4.5,48,Often,19,Passing time/boredom,6.3,12,4,8,6,6,3,5,6,No,No,Yes,Moderate
29,Male,Full-time employed,Asia,Reddit,1,2.7,24,Sometimes,18,Connection with friends,6.7,5,3,9,5,5,5,4,3,No,No,No,Good
23,Male,Full-time employed,Europe,Instagram,5,3.9,30,Sometimes,11,Work/career,7.7,14,0,5,6,5,4,8,2,Yes,No,No,Moderate
26,Male,Self-employed,Europe,TikTok,3,3.1,30,Sometimes,40,Entertainment,9.7,12,7,8,6,5,6,8,5,No,No,No,Moderate
37,Female,Full-time employed,North America,Snapchat,5,1.9,57,Every night,40,Passing time/boredom,6.4,5,4,8,5,7,1,9,4,No,No,No,Good
26,Male,Student,North America,TikTok,1,1.9,39,Sometimes,26,Entertainment,6.4,10,1,5,3,6,5,8,2,No,No,Yes,Moderate
21,Female,Full-time employed,North America,LinkedIn,5,4.1,172,Never,8,News/information,7.2,11,2,8,1,8,7,5,5,No,No,No,Moderate
33,Non-binary,Student,Europe,Instagram,5,2.3,35,Sometimes,33,Content creation,7.9,12,6,8,4,5,3,4,4,No,No,Yes,Moderate
22,Male,Student,North America,Instagram,8,0.3,5,Never,32,Entertainment,7.0,13,0,7,1,9,1,2,2,No,No,No,Moderate
44,Male,Student,Europe,YouTube,2,2.1,22,Sometimes,36,News/information,6.7,8,2,5,5,6,3,7,4,No,"Yes, failed",No,Good
23,Female,Student,Latin America,Facebook,3,3.4,75,Sometimes,3,Entertainment,7.7,10,3,8,3,10,4,3,3,Yes,No,No,Moderate
30,Female,Full-time employed,North America,Instagram,6,3.6,74,Every night,6,Connection with friends,5.9,10,2,5,4,7,7,7,1,No,No,No,Moderate
14,Female,Full-time employed,Europe,TikTok,2,2.9,20,Every night,15,Work/career,6.1,8,0,5,8,6,5,5,3,No,"Yes, failed",Considering it,Good
25,Female,Retired,Europe,YouTube,2,1.4,18,Every night,8,Passing time/boredom,6.6,9,0,8,5,9,3,5,3,No,"Yes, succeeded",Considering it,Good
23,Male,Full-time employed,North America,Instagram,3,3.6,41,Sometimes,14,Connection with friends,6.5,7,9,6,2,4,3,5,3,No,No,Yes,Good
32,Male,Full-time employed,Europe,YouTube,3,9.8,85,Never,28,Passing time/boredom,6.2,21,3,3,9,3,6,8,1,No,No,No,At-risk
48,Male,Full-time employed,Europe,YouTube,1,7.4,335,Often,26,News/information,6.2,23,0,6,5,1,9,6,2,No,"Yes, succeeded",No,At-risk
49,Non-binary,Full-time employed,North America,TikTok,1,10.7,67,Never,11,Connection with friends,5.9,25,0,6,7,5,10,10,2,Yes,No,Yes,At-risk
36,Female,Self-employed,Asia,Facebook,5,4.0,118,Often,46,Entertainment,6.3,14,1,6,3,7,3,5,1,Yes,"Yes, failed",Considering it,Moderate
32,Female,Student,Latin America,Instagram,1,1.1,11,Never,6,Passing time/boredom,7.8,4,0,7,5,9,2,6,5,No,No,No,Good
21,Female,Full-time employed,Asia,TikTok,5,5.7,298,Sometimes,18,News/information,6.8,17,0,9,7,6,7,8,3,Yes,No,Yes,At-risk
25,Female,Student,North America,YouTube,4,1.5,20,Often,5,Work/career,7.1,13,0,5,7,5,7,8,3,No,No,No,Moderate
36,Female,Student,North America,LinkedIn,1,1.1,19,Sometimes,36,Entertainment,8.0,6,5,7,5,8,5,6,2,No,"Yes, failed",Yes,Good
37,Female,Student,Latin America,YouTube,3,5.9,25,Sometimes,37,Work/career,6.1,16,0,8,8,4,9,7,5,No,No,Considering it,Moderate
20,Non-binary,Student,Asia,YouTube,3,1.1,14,Sometimes,12,News/information,7.9,6,8,8,2,5,5,3,4,Yes,"Yes, failed",Yes,Good
13,Female,Full-time employed,North America,TikTok,2,0.8,13,Often,2,News/information,8.0,10,2,7,4,5,5,5,3,No,No,Yes,Moderate
20,Female,Unemployed,Oceania,Instagram,2,3.3,38,Never,4,Connection with friends,7.8,6,2,5,3,5,6,7,3,No,No,No,Good
33,Male,Full-time employed,North America,Snapchat,1,3.5,47,Often,26,News/information,7.7,18,5,7,7,9,4,10,3,No,"Yes, succeeded",No,At-risk
46,Male,Part-time employed,Latin America,TikTok,5,2.3,33,Sometimes,7,Connection with friends,8.5,12,4,7,4,7,2,7,1,No,No,Yes,Moderate
31,Male,Full-time employed,Europe,Instagram,4,4.6,25,Never,11,Connection with friends,7.3,10,5,8,4,5,4,8,2,No,No,Yes,Moderate
43,Female,Student,North America,Reddit,1,2.6,44,Never,18,Connection with friends,7.4,11,12,6,9,7,3,3,4,No,"Yes, failed",Considering it,Moderate
42,Male,Full-time employed,Asia,TikTok,5,2.1,10,Often,111,Entertainment,5.4,13,2,6,4,7,4,6,5,No,"Yes, succeeded",Yes,Moderate
30,Female,Student,Asia,X/Twitter,3,4.6,21,Sometimes,25,News/information,6.0,12,3,5,4,3,5,7,3,No,"Yes, failed",No,Moderate
35,Male,Student,Europe,YouTube,5,3.8,61,Often,7,Content creation,7.4,13,0,5,7,7,2,9,3,No,"Yes, failed",No,Moderate
23,Male,Full-time employed,Asia,Facebook,4,4.8,30,Sometimes,44,News/information,6.1,14,7,3,6,6,4,3,5,No,"Yes, failed",Yes,Moderate
38,Male,Unemployed,Europe,Instagram,3,3.5,160,Every night,8,Entertainment,7.3,12,0,7,4,10,8,5,3,Yes,"Yes, failed",No,Moderate
46,Male,Student,North America,TikTok,3,6.8,107,Sometimes,3,Entertainment,7.6,13,2,5,6,5,8,6,2,Yes,"Yes, failed",No,Moderate
20,Female,Student,Europe,LinkedIn,8,5.3,112,Often,35,Entertainment,5.0,14,0,6,6,6,8,5,2,Yes,No,Considering it,Moderate
26,Male,Student,Europe,Reddit,1,3.1,7,Sometimes,15,Connection with friends,7.8,7,0,8,4,5,3,6,2,No,"Yes, failed",Considering it,Good
27,Female,Student,Europe,TikTok,5,0.7,22,Never,19,Entertainment,8.2,2,4,7,4,6,3,5,3,No,No,No,Good
21,Male,Full-time employed,Oceania,YouTube,6,3.8,79,Sometimes,47,Connection with friends,8.0,12,6,9,3,10,3,8,1,Yes,No,Yes,Moderate
30,Male,Student,North America,TikTok,5,1.2,24,Often,11,Passing time/boredom,7.3,10,7,7,1,7,6,5,4,No,"Yes, failed",No,Moderate
21,Non-binary,Self-employed,Europe,TikTok,2,4.0,118,Often,38,Entertainment,6.7,13,0,7,8,8,3,4,6,Yes,No,No,Moderate
22,Female,Student,Europe,YouTube,1,1.2,18,Often,7,Passing time/boredom,7.2,8,6,8,1,8,6,4,5,No,"Yes, failed",No,Good
27,Female,Student,Africa,Instagram,4,2.6,42,Every night,16,Entertainment,5.4,18,0,7,4,4,1,6,2,No,No,No,At-risk
22,Male,Student,North America,TikTok,5,0.7,36,Sometimes,3,Passing time/boredom,7.3,11,7,9,5,6,3,6,5,No,No,No,Moderate
25,Female,Part-time employed,Asia,YouTube,4,4.9,102,Never,11,Work/career,6.2,13,7,6,3,3,6,8,4,No,"Yes, succeeded",Considering it,Moderate
21,Non-binary,Part-time employed,North America,Instagram,5,2.8,21,Every night,48,Entertainment,7.4,9,0,7,7,8,5,3,3,No,"Yes, failed",No,Good
23,Male,Full-time employed,Asia,TikTok,2,3.6,26,Often,26,News/information,7.3,12,10,7,5,8,6,7,2,Yes,"Yes, succeeded",Yes,Moderate
40,Male,Self-employed,Africa,YouTube,3,1.4,5,Often,13,Work/career,7.5,1,4,6,5,7,4,4,4,No,"Yes, failed",No,Good
13,Female,Self-employed,Asia,TikTok,8,6.1,74,Often,50,Connection with friends,5.1,14,0,7,6,4,5,5,2,No,"Yes, failed",No,Moderate
38,Male,Student,Latin America,YouTube,2,4.1,46,Every night,17,Connection with friends,5.5,19,1,7,8,3,4,7,2,No,No,Considering it,At-risk
29,Female,Full-time employed,Europe,TikTok,5,2.8,97,Often,11,Entertainment,6.9,5,0,7,2,4,3,7,2,No,No,No,Good
25,Prefer not to say,Student,North America,Snapchat,1,2.2,67,Often,6,Entertainment,6.6,16,4,9,4,6,2,5,4,Yes,"Yes, failed",No,Moderate
30,Male,Part-time employed,Asia,Facebook,1,4.6,60,Sometimes,10,Passing time/boredom,6.8,14,9,9,6,6,6,6,2,No,"Yes, failed",No,Moderate
35,Male,Full-time employed,Africa,Instagram,7,2.7,12,Sometimes,17,Work/career,8.0,15,0,7,6,3,4,7,2,No,No,No,Moderate
19,Male,Student,North America,Instagram,2,2.7,65,Sometimes,6,Content creation,7.0,15,0,7,3,7,4,5,4,Yes,"Yes, failed",No,Moderate
39,Male,Student,North America,YouTube,6,3.5,111,Every night,11,Passing time/boredom,6.4,12,5,8,2,6,3,7,2,Yes,"Yes, failed",No,Moderate
29,Female,Student,North America,Facebook,3,1.7,24,Often,10,Connection with friends,6.2,9,9,8,3,6,4,7,4,Yes,No,Considering it,Good
39,Male,Full-time employed,Asia,TikTok,4,0.5,15,Sometimes,9,Entertainment,8.3,14,6,8,5,7,2,3,3,No,No,Considering it,Moderate
36,Male,Full-time employed,North America,YouTube,1,3.4,81,Often,6,Entertainment,5.9,14,13,5,8,4,6,7,4,Yes,No,Considering it,Moderate
38,Female,Student,Africa,TikTok,3,3.6,51,Often,15,Entertainment,6.3,5,3,6,6,4,6,7,2,Yes,No,No,Good
13,Male,Self-employed,North America,LinkedIn,8,2.0,16,Often,40,Connection with friends,6.0,10,8,6,5,7,4,6,3,No,No,No,Moderate
40,Female,Part-time employed,Asia,Instagram,2,2.8,66,Never,5,Passing time/boredom,7.3,10,10,7,4,9,4,6,2,No,"Yes, failed",No,Moderate
22,Female,Student,Europe,Snapchat,1,8.0,257,Never,25,Work/career,6.3,13,3,3,8,4,10,6,5,No,"Yes, succeeded",No,Moderate
23,Female,Full-time employed,Europe,Reddit,4,2.4,30,Sometimes,13,Entertainment,6.7,11,4,5,2,3,5,8,2,Yes,"Yes, failed",No,Moderate
19,Female,Full-time employed,Latin America,Instagram,3,4.1,56,Often,18,Entertainment,6.8,16,7,9,5,5,4,7,4,No,No,No,Moderate
34,Female,Unemployed,Europe,Instagram,4,2.1,22,Sometimes,11,Content creation,7.9,8,8,7,3,6,5,7,5,No,No,No,Good
17,Male,Full-time employed,Asia,Instagram,4,2.7,34,Often,16,Entertainment,7.2,12,3,6,4,1,2,3,3,No,"Yes, failed",Yes,Moderate
34,Male,Full-time employed,North America,YouTube,3,1.9,13,Sometimes,18,Entertainment,8.2,8,5,7,5,6,2,5,3,No,"Yes, succeeded",No,Good
29,Male,Student,North America,YouTube,3,3.9,36,Sometimes,39,Entertainment,7.2,13,8,10,4,4,5,8,4,No,No,No,Moderate
33,Male,Student,Asia,YouTube,1,1.8,62,Sometimes,13,Passing time/boredom,6.4,11,5,5,9,6,1,6,2,Yes,No,No,Moderate
13,Male,Student,North America,X/Twitter,2,5.1,261,Sometimes,27,Entertainment,6.7,11,2,8,5,8,5,8,2,Yes,No,No,Moderate
25,Male,Student,North America,Instagram,3,2.6,13,Sometimes,21,Work/career,8.2,12,3,5,4,6,2,3,4,Yes,No,No,Moderate
37,Non-binary,Part-time employed,Latin America,Instagram,2,3.8,35,Sometimes,42,Entertainment,6.8,9,9,4,3,5,3,7,5,Yes,No,No,Good
13,Male,Full-time employed,Europe,X/Twitter,5,5.3,102,Sometimes,13,Entertainment,6.2,17,2,6,3,4,5,6,2,No,No,No,At-risk
51,Non-binary,Student,Asia,Snapchat,3,5.2,79,Every night,36,Connection with friends,6.5,15,5,7,9,3,7,8,4,No,No,No,Moderate
38,Male,Full-time employed,Africa,YouTube,3,3.4,25,Often,43,News/information,7.3,15,1,8,7,7,3,5,5,Yes,No,Yes,Moderate
29,Female,Full-time employed,Europe,YouTube,1,1.9,97,Often,11,Entertainment,8.2,16,4,9,5,8,4,5,3,Yes,No,No,Moderate
16,Male,Student,North America,Reddit,3,3.1,43,Sometimes,24,Entertainment,7.3,9,3,8,3,7,6,6,4,No,No,Considering it,Good
36,Male,Full-time employed,North America,LinkedIn,3,2.1,26,Never,12,Passing time/boredom,7.3,11,6,5,5,5,5,5,4,No,"Yes, failed",Considering it,Moderate
41,Female,Student,Europe,TikTok,5,3.6,140,Sometimes,8,Work/career,7.3,13,4,7,7,6,8,7,2,No,"Yes, failed",Considering it,Moderate
21,Male,Self-employed,North America,Instagram,2,0.6,6,Sometimes,3,Entertainment,7.0,3,1,4,3,7,4,5,2,No,"Yes, failed",No,Good
39,Male,Full-time employed,North America,YouTube,3,5.8,84,Often,10,Passing time/boredom,5.3,12,0,8,7,8,5,7,1,No,No,Yes,Moderate
38,Male,Full-time employed,Africa,TikTok,3,5.7,355,Sometimes,21,Passing time/boredom,6.1,22,0,5,9,7,10,3,2,No,No,No,At-risk
22,Female,Student,Latin America,YouTube,5,2.7,94,Never,18,Work/career,7.4,12,2,7,8,7,1,1,3,No,No,No,Moderate
24,Male,Part-time employed,Asia,TikTok,4,1.2,48,Often,27,Connection with friends,8.0,10,4,10,3,10,3,1,2,Yes,"Yes, failed",No,Moderate
13,Male,Self-employed,Europe,Facebook,6,10.8,40,Never,35,Content creation,7.5,17,0,4,7,3,9,8,5,No,"Yes, failed",No,At-risk
17,Female,Full-time employed,Oceania,TikTok,6,3.5,90,Every night,11,Connection with friends,5.7,11,0,6,4,1,4,5,2,No,No,Yes,Moderate
29,Male,Full-time employed,Asia,Reddit,1,5.0,39,Every night,5,Passing time/boredom,5.5,17,0,7,2,5,3,1,5,Yes,"Yes, failed",Considering it,At-risk
13,Female,Student,Asia,Instagram,2,0.3,5,Often,34,News/information,6.9,16,7,7,2,8,4,5,3,Yes,No,Considering it,Moderate
31,Male,Student,Asia,TikTok,1,1.4,31,Often,36,Connection with friends,6.8,9,11,10,4,5,2,2,2,No,"Yes, failed",No,Moderate
50,Male,Full-time employed,North America,TikTok,1,5.9,69,Often,6,News/information,5.8,18,0,2,9,3,3,8,2,No,No,No,At-risk
37,Female,Student,Asia,Reddit,5,7.9,135,Often,11,Entertainment,5.8,14,8,3,5,4,9,7,1,No,"Yes, failed",No,Moderate
22,Male,Unemployed,North America,YouTube,5,6.2,118,Often,28,Entertainment,6.6,23,0,5,8,4,6,8,1,Yes,"Yes, failed",No,At-risk
38,Female,Student,Europe,YouTube,4,1.7,15,Often,34,Connection with friends,8.0,7,10,10,5,4,2,5,3,Yes,"Yes, failed",No,Moderate
40,Male,Self-employed,North America,TikTok,6,4.9,61,Often,58,Entertainment,6.0,14,2,4,5,4,6,8,4,No,No,No,Moderate
20,Female,Full-time employed,North America,TikTok,3,4.3,101,Sometimes,28,Passing time/boredom,7.9,14,2,7,5,4,4,2,5,No,"Yes, succeeded",No,Moderate
54,Male,Full-time employed,Europe,Reddit,3,2.6,25,Every night,4,Connection with friends,6.8,9,1,7,8,7,7,6,4,No,No,No,Good
24,Female,Full-time employed,Asia,YouTube,3,1.7,20,Often,10,Connection with friends,7.9,13,8,10,4,3,1,4,3,No,"Yes, failed",No,Moderate
32,Female,Full-time employed,Europe,X/Twitter,4,2.5,39,Every night,34,Content creation,6.0,12,0,8,2,8,5,6,2,No,"Yes, failed",Yes,Moderate
15,Male,Full-time employed,North America,Instagram,3,3.6,82,Sometimes,2,Work/career,7.8,20,3,7,2,8,4,4,4,Yes,"Yes, succeeded",Yes,At-risk
25,Male,Part-time employed,North America,Instagram,7,3.9,105,Never,23,Connection with friends,8.9,22,11,6,5,4,2,4,3,Yes,"Yes, failed",Yes,At-risk
33,Non-binary,Student,North America,Snapchat,5,1.9,24,Sometimes,48,Connection with friends,8.1,3,1,8,3,7,3,3,3,No,No,No,Good
21,Male,Full-time employed,North America,Instagram,2,1.8,43,Often,13,Content creation,6.8,20,7,3,6,7,3,8,2,Yes,"Yes, failed",No,At-risk
53,Female,Self-employed,Oceania,TikTok,4,0.5,5,Sometimes,20,Passing time/boredom,8.3,13,5,8,3,8,4,6,4,No,"Yes, failed",No,Moderate
34,Female,Student,Europe,TikTok,5,4.4,66,Never,16,Work/career,7.0,14,1,5,8,6,3,7,2,Yes,"Yes, failed",Yes,Moderate
34,Male,Part-time employed,Europe,X/Twitter,7,2.3,47,Often,15,Entertainment,7.9,13,9,6,5,4,3,6,4,No,"Yes, failed",Yes,Moderate
23,Female,Student,North America,TikTok,3,5.5,33,Sometimes,25,Passing time/boredom,6.9,18,0,5,6,6,4,3,0,Yes,No,No,At-risk
37,Male,Student,Asia,YouTube,3,1.1,21,Sometimes,10,Entertainment,6.8,8,0,7,1,9,4,6,1,No,No,No,Good
28,Female,Full-time employed,Asia,Facebook,1,3.6,6,Often,25,Work/career,7.9,17,6,7,7,4,3,8,3,No,No,No,At-risk
13,Female,Student,Europe,Reddit,4,2.2,38,Often,18,Connection with friends,6.1,8,8,5,3,9,3,4,4,No,"Yes, failed",No,Good
13,Male,Full-time employed,Asia,TikTok,1,2.1,42,Often,16,News/information,7.0,16,6,8,1,6,5,3,3,Yes,No,No,Moderate
30,Female,Full-time employed,Latin America,Snapchat,4,2.9,10,Sometimes,22,Connection with friends,7.2,16,3,7,3,7,4,1,1,No,No,No,Moderate
27,Male,Self-employed,North America,Instagram,8,6.4,126,Never,3,Connection with friends,6.1,18,3,4,6,6,10,9,2,Yes,No,No,At-risk
39,Male,Part-time employed,Asia,Reddit,4,3.7,71,Often,8,Entertainment,7.1,6,7,9,7,6,5,4,2,No,"Yes, failed",No,Good
35,Male,Full-time employed,Asia,YouTube,6,2.2,22,Often,21,Connection with friends,7.0,11,6,10,2,9,5,5,2,No,No,Considering it,Moderate
30,Male,Student,Latin America,Instagram,6,4.7,73,Never,15,Passing time/boredom,8.0,11,3,7,5,9,8,6,2,No,"Yes, succeeded",No,Moderate
19,Male,Full-time employed,Europe,YouTube,1,0.9,12,Every night,2,Content creation,7.6,19,0,10,3,7,3,4,2,No,"Yes, succeeded",Considering it,At-risk
23,Female,Self-employed,Europe,Snapchat,4,4.7,97,Sometimes,14,Entertainment,6.6,12,9,9,4,5,4,5,0,Yes,No,No,Moderate
34,Male,Full-time employed,North America,Instagram,3,4.4,254,Often,36,Content creation,5.9,12,8,9,4,4,2,5,4,No,"Yes, failed",No,Moderate
17,Female,Full-time employed,Europe,LinkedIn,3,1.8,62,Often,5,News/information,6.5,4,6,8,7,5,4,6,2,No,No,No,Good
37,Female,Student,Europe,YouTube,4,2.5,39,Sometimes,11,Connection with friends,8.1,12,4,8,2,6,4,3,3,No,No,No,Moderate
41,Male,Student,Asia,Instagram,5,2.2,46,Sometimes,13,Connection with friends,7.0,9,6,9,2,4,6,5,2,No,No,Yes,Good
39,Non-binary,Full-time employed,North America,TikTok,1,3.8,160,Every night,17,News/information,6.4,15,0,9,6,6,5,6,2,Yes,"Yes, failed",No,Moderate
13,Male,Self-employed,Europe,Reddit,4,3.9,32,Sometimes,34,Connection with friends,7.4,17,2,6,4,7,2,6,3,No,No,Considering it,At-risk
17,Male,Student,Europe,X/Twitter,5,1.0,5,Sometimes,23,Entertainment,7.4,6,0,5,6,9,5,3,2,Yes,No,No,Good
40,Male,Full-time employed,Asia,TikTok,3,0.8,29,Often,7,Connection with friends,7.8,20,7,9,5,8,5,5,5,Yes,"Yes, failed",Yes,At-risk
17,Female,Student,North America,Instagram,5,5.3,10,Often,12,Entertainment,7.8,18,6,7,2,5,2,5,2,No,"Yes, failed",Considering it,At-risk
39,Male,Full-time employed,Africa,YouTube,3,2.7,10,Sometimes,15,Entertainment,6.9,11,4,7,4,7,6,6,3,No,No,No,Moderate
29,Male,Part-time employed,Latin America,Snapchat,5,4.5,19,Often,2,Passing time/boredom,5.9,17,2,4,6,5,4,6,3,No,"Yes, failed",No,At-risk
15,Female,Student,North America,TikTok,1,5.2,69,Every night,16,Connection with friends,6.0,21,0,5,8,7,4,4,1,Yes,"Yes, failed",Considering it,At-risk
25,Female,Full-time employed,Asia,TikTok,7,2.1,39,Sometimes,30,Connection with friends,7.1,12,9,7,4,6,3,6,2,Yes,No,No,Moderate
27,Male,Full-time employed,North America,TikTok,4,0.9,10,Sometimes,27,News/information,7.3,4,8,7,4,5,4,3,3,No,No,Considering it,Good
31,Female,Student,Europe,Reddit,2,2.0,13,Often,31,Content creation,7.1,13,6,7,2,10,3,4,2,No,No,No,Moderate
25,Female,Unemployed,Africa,TikTok,7,4.0,72,Every night,3,News/information,6.3,7,0,7,5,3,7,3,3,No,"Yes, failed",No,Good
29,Male,Part-time employed,Latin America,Instagram,3,4.8,123,Sometimes,9,Entertainment,6.3,22,0,5,5,4,4,7,2,No,No,No,At-risk
29,Male,Part-time employed,Europe,Snapchat,3,1.9,10,Often,37,Content creation,6.8,10,4,8,1,8,6,7,2,No,No,No,Moderate
40,Female,Student,North America,Instagram,2,1.9,35,Every night,10,Entertainment,7.2,17,2,9,1,8,2,5,4,No,No,No,At-risk
35,Male,Student,North America,TikTok,5,2.4,105,Sometimes,7,Connection with friends,7.4,12,1,8,1,6,1,6,2,No,No,Yes,Moderate
23,Female,Student,Europe,Snapchat,4,3.4,85,Sometimes,21,Entertainment,6.2,15,8,8,2,7,4,3,4,No,No,Yes,Moderate
29,Male,Unemployed,Europe,TikTok,3,3.5,54,Every night,30,Entertainment,6.5,13,0,9,5,5,5,6,3,Yes,No,Considering it,Moderate
26,Female,Retired,Asia,Instagram,1,5.1,99,Sometimes,37,Connection with friends,5.8,12,0,7,6,9,6,6,3,Yes,No,Yes,Moderate
35,Female,Self-employed,Oceania,YouTube,3,3.5,103,Every night,27,Entertainment,8.1,9,5,7,3,6,6,5,3,Yes,No,No,Good
13,Female,Student,Asia,YouTube,2,6.5,53,Every night,16,Entertainment,5.7,13,0,4,8,7,9,9,4,No,"Yes, failed",No,Moderate
18,Female,Student,North America,YouTube,4,4.9,57,Often,14,Connection with friends,6.0,16,3,6,9,5,5,7,2,No,"Yes, failed",No,Moderate
22,Male,Unemployed,Africa,YouTube,3,2.8,57,Often,22,Work/career,6.1,14,0,9,5,7,5,3,1,Yes,No,Yes,Moderate
24,Female,Full-time employed,North America,X/Twitter,4,1.7,34,Sometimes,11,News/information,7.5,14,3,8,6,4,6,2,2,Yes,"Yes, succeeded",No,Moderate
39,Female,Part-time employed,Europe,YouTube,1,4.5,51,Sometimes,13,News/information,8.1,12,7,10,1,5,7,7,0,No,"Yes, failed",Yes,Moderate
30,Female,Student,North America,YouTube,2,1.9,25,Never,8,Work/career,7.4,5,5,5,5,4,5,5,3,Yes,No,No,Good
14,Male,Unemployed,Europe,Reddit,2,2.5,38,Sometimes,29,News/information,6.3,14,5,6,7,5,7,4,4,No,No,Considering it,Moderate
35,Female,Full-time employed,Europe,TikTok,2,5.0,27,Never,28,Entertainment,7.3,21,7,7,8,8,8,5,3,Yes,No,Considering it,At-risk
23,Male,Student,Asia,X/Twitter,3,2.0,29,Often,20,Connection with friends,8.5,10,5,7,4,6,6,6,2,Yes,No,No,Moderate
21,Male,Self-employed,Asia,Instagram,1,0.5,5,Often,18,Passing time/boredom,7.0,15,3,7,3,8,1,5,3,Yes,"Yes, failed",No,Moderate
34,Male,Retired,Asia,X/Twitter,3,10.3,157,Every night,35,Connection with friends,4.6,24,1,2,10,3,7,6,3,No,No,Yes,At-risk
24,Female,Full-time employed,Europe,YouTube,4,2.6,41,Every night,53,News/information,4.9,15,4,10,3,10,5,3,4,No,"Yes, succeeded",Considering it,Moderate
34,Male,Student,North America,Snapchat,4,1.8,40,Often,18,Connection with friends,6.3,15,9,7,6,4,5,4,1,No,No,No,Moderate
32,Female,Retired,Asia,TikTok,3,2.0,5,Often,9,Entertainment,6.9,6,9,6,3,8,3,5,1,No,No,Considering it,Good
15,Male,Student,Africa,Instagram,4,2.7,21,Sometimes,9,Entertainment,7.9,4,7,8,7,6,5,6,2,Yes,"Yes, failed",No,Good
22,Female,Student,North America,YouTube,3,3.4,35,Sometimes,27,Work/career,7.5,18,6,7,7,7,8,7,3,Yes,"Yes, succeeded",Considering it,At-risk
13,Non-binary,Student,Asia,YouTube,4,2.9,190,Often,18,Entertainment,6.7,10,5,9,1,5,3,2,4,Yes,No,Considering it,Moderate
34,Male,Self-employed,Europe,Reddit,3,5.0,81,Every night,12,Content creation,5.9,16,0,8,8,6,5,8,3,No,No,Considering it,Moderate
29,Male,Full-time employed,Europe,Instagram,3,1.2,13,Sometimes,15,Passing time/boredom,8.0,8,6,8,4,4,3,2,4,Yes,No,Considering it,Good
14,Male,Student,Asia,Reddit,5,1.6,34,Often,6,Content creation,7.3,6,5,8,5,8,8,7,2,No,No,Considering it,Good
26,Female,Student,Europe,Snapchat,3,9.7,102,Never,22,Work/career,7.4,24,0,6,7,1,8,10,2,No,No,Yes,At-risk
25,Male,Student,North America,YouTube,3,7.4,145,Often,10,Entertainment,6.5,8,4,3,7,9,3,3,3,No,"Yes, failed",No,Good
34,Female,Full-time employed,Oceania,Instagram,1,2.1,66,Sometimes,14,Connection with friends,7.0,15,7,8,6,6,3,7,2,No,No,No,Moderate
24,Non-binary,Student,North America,TikTok,6,2.9,33,Every night,12,News/information,6.0,8,0,8,1,7,2,8,3,Yes,No,No,Good
37,Male,Student,Africa,TikTok,6,8.3,116,Never,17,Passing time/boredom,7.8,13,0,5,3,3,9,3,2,Yes,"Yes, failed",No,Moderate
30,Male,Student,Latin America,TikTok,3,1.2,49,Often,42,Connection with friends,7.6,9,5,8,2,7,3,4,2,No,"Yes, failed",No,Good
26,Male,Self-employed,North America,Instagram,3,2.1,65,Often,20,Entertainment,7.3,13,2,7,6,6,4,3,2,No,"Yes, failed",No,Moderate
48,Male,Student,Asia,LinkedIn,3,4.5,182,Every night,20,Entertainment,5.6,21,2,4,8,6,7,2,3,No,No,No,At-risk
13,Male,Full-time employed,Europe,Facebook,2,4.6,112,Never,12,News/information,9.1,6,8,6,10,5,3,6,3,No,"Yes, failed",Yes,Good
26,Female,Unemployed,Asia,YouTube,1,4.3,101,Every night,11,Passing time/boredom,6.2,13,1,7,6,7,7,9,2,No,"Yes, failed",Considering it,Moderate
27,Female,Full-time employed,North America,Instagram,3,1.1,13,Never,8,Connection with friends,8.3,6,3,9,1,8,3,5,2,No,"Yes, failed",Considering it,Good
27,Male,Student,Asia,YouTube,3,4.3,100,Sometimes,24,Connection with friends,9.1,7,1,7,4,8,6,5,3,No,No,No,Good
15,Male,Full-time employed,Oceania,Snapchat,4,5.2,97,Often,27,Connection with friends,7.4,19,1,9,6,4,5,9,3,No,"Yes, succeeded",No,At-risk
37,Female,Part-time employed,North America,Snapchat,8,1.8,43,Sometimes,6,Entertainment,7.5,5,13,6,6,8,5,1,3,No,No,No,Moderate
38,Female,Student,North America,Snapchat,2,1.8,17,Sometimes,16,Content creation,7.1,13,2,6,5,9,3,2,1,No,"Yes, failed",No,Moderate
31,Male,Self-employed,Africa,Facebook,4,2.2,40,Sometimes,12,Connection with friends,6.9,12,4,7,9,8,8,5,4,Yes,"Yes, failed",No,Moderate
16,Male,Student,Africa,Instagram,3,5.2,140,Sometimes,21,Entertainment,6.6,20,8,5,7,9,9,4,3,No,No,No,At-risk
21,Male,Full-time employed,Asia,Snapchat,4,1.6,59,Often,63,Connection with friends,7.5,3,4,6,3,10,2,3,2,No,"Yes, failed",No,Good
27,Female,Full-time employed,Asia,Facebook,6,2.6,16,Often,18,Work/career,6.7,10,5,9,8,6,5,4,2,No,"Yes, failed",No,Moderate
27,Male,Full-time employed,Africa,Reddit,2,1.3,16,Sometimes,13,Content creation,7.5,12,2,4,5,7,5,4,2,Yes,"Yes, failed",No,Moderate
24,Female,Full-time employed,Europe,TikTok,6,1.9,52,Often,47,Passing time/boredom,6.8,12,5,8,4,7,3,6,3,No,"Yes, failed",Yes,Moderate
18,Male,Full-time employed,Latin America,X/Twitter,3,3.9,107,Sometimes,5,Connection with friends,6.7,8,0,6,2,8,4,8,1,No,No,No,Good
18,Male,Full-time employed,Asia,Instagram,4,2.6,30,Sometimes,19,Entertainment,8.0,8,13,5,2,8,7,1,4,No,"Yes, failed",No,Moderate
32,Male,Student,North America,Instagram,6,3.5,38,Every night,37,Connection with friends,6.2,19,5,7,9,4,8,2,2,Yes,"Yes, succeeded",No,At-risk
26,Female,Student,Europe,YouTube,3,0.5,10,Every night,16,Entertainment,6.4,12,0,7,3,7,4,4,2,Yes,"Yes, succeeded",Yes,Moderate
46,Non-binary,Unemployed,Asia,X/Twitter,5,4.1,33,Sometimes,49,Passing time/boredom,6.5,8,0,5,1,5,8,6,1,Yes,No,Yes,Good
14,Male,Full-time employed,North America,LinkedIn,1,0.6,5,Every night,52,Passing time/boredom,6.2,4,0,7,1,9,5,8,3,No,No,Yes,Good
28,Female,Part-time employed,Europe,Instagram,6,2.3,29,Often,15,Connection with friends,6.3,9,4,6,1,7,1,7,3,No,"Yes, succeeded",No,Good
32,Female,Student,Asia,Reddit,2,11.7,196,Often,29,Connection with friends,5.7,23,0,4,10,5,5,7,3,No,"Yes, failed",No,At-risk
29,Female,Self-employed,North America,TikTok,2,5.2,217,Sometimes,17,News/information,7.4,18,0,7,4,7,6,3,4,No,"Yes, failed",No,At-risk
18,Male,Student,Europe,TikTok,1,2.6,15,Often,22,Entertainment,6.8,15,2,7,5,4,1,8,3,No,No,No,Moderate
13,Female,Full-time employed,Latin America,TikTok,3,3.5,20,Sometimes,5,Connection with friends,6.0,15,3,8,6,8,5,7,5,No,"Yes, succeeded",No,Moderate
23,Male,Full-time employed,Asia,Instagram,3,1.1,10,Sometimes,6,News/information,7.4,7,2,7,3,7,4,5,0,No,No,No,Good
50,Female,Full-time employed,North America,Reddit,2,5.2,32,Often,29,Entertainment,6.1,14,13,7,8,5,4,4,1,No,No,No,Moderate
45,Female,Full-time employed,North America,Instagram,1,3.5,137,Sometimes,4,Work/career,7.4,14,1,8,10,7,7,8,5,Yes,No,No,Moderate
29,Female,Student,North America,Instagram,6,4.3,9,Often,14,Entertainment,6.8,14,5,5,8,5,4,3,1,Yes,No,No,Moderate
40,Female,Part-time employed,North America,Snapchat,2,2.1,53,Never,20,Connection with friends,7.6,9,5,10,4,4,4,7,1,Yes,No,Yes,Good
24,Male,Full-time employed,Latin America,Reddit,6,4.0,198,Sometimes,4,Connection with friends,6.9,15,8,6,5,4,3,4,2,No,"Yes, succeeded",No,Moderate
29,Female,Student,North America,Snapchat,1,2.3,31,Sometimes,72,Content creation,6.8,7,6,7,5,7,5,6,4,No,No,No,Good
31,Male,Student,Latin America,Snapchat,5,1.1,8,Every night,32,Entertainment,7.5,3,14,6,1,9,4,5,4,No,No,Yes,Moderate
46,Female,Student,Asia,YouTube,4,3.0,78,Every night,43,Passing time/boredom,5.9,15,7,3,9,4,4,6,4,No,"Yes, succeeded",No,Moderate
26,Male,Student,Asia,Snapchat,5,3.4,26,Sometimes,29,Entertainment,5.9,15,5,7,7,8,6,9,4,No,No,Considering it,Moderate
39,Non-binary,Full-time employed,Asia,Facebook,4,3.8,31,Often,4,Entertainment,6.8,6,0,7,6,7,5,4,3,Yes,No,Considering it,Good
39,Male,Unemployed,Africa,Snapchat,4,0.2,6,Never,28,Work/career,8.1,7,7,9,2,7,6,8,3,No,"Yes, succeeded",No,Good
46,Female,Student,Latin America,TikTok,3,1.2,34,Sometimes,14,Content creation,6.8,9,9,9,3,10,1,9,3,No,"Yes, failed",No,Good
13,Female,Full-time employed,North America,LinkedIn,4,2.2,72,Often,13,Passing time/boredom,7.6,10,3,6,1,5,9,3,4,No,No,Considering it,Moderate
40,Female,Self-employed,Europe,X/Twitter,3,3.4,93,Every night,17,Entertainment,7.0,12,1,6,8,5,7,3,1,Yes,"Yes, succeeded",Considering it,Moderate
18,Male,Student,Africa,YouTube,2,4.6,75,Often,18,Entertainment,5.6,21,1,7,1,5,7,2,5,No,No,Yes,At-risk
35,Male,Full-time employed,Asia,Facebook,4,2.2,30,Sometimes,18,Entertainment,6.7,11,9,9,5,6,4,4,6,No,"Yes, failed",No,Moderate
28,Female,Student,Europe,TikTok,4,1.5,18,Sometimes,21,Connection with friends,7.3,7,7,8,6,8,1,5,2,Yes,No,No,Good
33,Female,Full-time employed,Europe,Snapchat,4,2.3,12,Every night,11,Connection with friends,6.8,14,4,8,4,3,3,9,6,No,No,No,Moderate
31,Female,Part-time employed,Latin America,TikTok,1,1.4,12,Sometimes,8,Content creation,8.1,13,3,8,6,6,3,7,1,Yes,No,Yes,Moderate
35,Female,Full-time employed,Asia,Instagram,2,1.2,12,Often,11,Entertainment,7.1,6,5,7,8,5,3,6,1,No,No,No,Good
35,Male,Student,North America,YouTube,2,6.7,66,Sometimes,21,Content creation,5.7,21,9,4,8,5,6,6,3,No,"Yes, failed",No,At-risk
45,Male,Part-time employed,Africa,YouTube,4,2.3,11,Sometimes,30,Entertainment,7.5,12,1,8,3,7,1,5,3,Yes,"Yes, failed",No,Moderate
30,Female,Full-time employed,Africa,TikTok,3,1.4,31,Every night,8,News/information,6.4,7,1,7,4,6,3,4,2,No,No,No,Good
34,Male,Part-time employed,Latin America,Instagram,4,2.7,78,Sometimes,14,Entertainment,8.0,11,10,7,5,4,6,3,3,Yes,"Yes, failed",Yes,Moderate
47,Female,Part-time employed,Europe,Snapchat,3,3.2,181,Often,26,News/information,6.1,9,6,9,3,5,5,7,1,No,No,No,Good
39,Female,Full-time employed,Asia,Facebook,4,1.4,8,Sometimes,11,Passing time/boredom,7.4,10,3,6,1,8,1,4,4,No,"Yes, failed",No,Moderate
30,Male,Self-employed,North America,Instagram,3,1.1,10,Sometimes,19,News/information,8.5,3,7,8,1,6,4,2,3,Yes,"Yes, failed",No,Good
13,Female,Full-time employed,North America,Instagram,8,4.4,86,Sometimes,11,Entertainment,7.6,13,4,6,5,4,2,6,5,Yes,"Yes, failed",No,Moderate
43,Male,Part-time employed,Asia,Instagram,3,4.7,52,Often,17,News/information,6.4,18,0,8,8,5,4,6,2,No,No,No,At-risk
51,Female,Full-time employed,Asia,YouTube,4,1.6,9,Every night,8,Work/career,6.1,8,1,9,3,6,2,2,3,Yes,No,No,Good
20,Male,Student,Europe,X/Twitter,1,3.8,24,Sometimes,5,Entertainment,7.7,9,2,7,6,7,10,4,2,Yes,No,Considering it,Good
31,Male,Full-time employed,North America,X/Twitter,4,2.3,51,Every night,7,Passing time/boredom,7.2,18,5,7,4,8,4,3,2,No,No,No,At-risk
36,Male,Full-time employed,Asia,X/Twitter,8,2.4,58,Never,7,Connection with friends,8.0,9,2,9,1,9,7,9,2,No,"Yes, succeeded",Considering it,Good
24,Male,Student,Latin America,TikTok,5,2.3,41,Sometimes,46,Entertainment,7.4,13,6,9,2,8,5,6,2,No,No,No,Moderate
15,Male,Full-time employed,Africa,Reddit,2,1.5,32,Often,69,Connection with friends,6.5,12,0,9,7,6,5,6,3,No,No,No,Moderate
28,Female,Unemployed,Asia,YouTube,4,3.5,164,Often,21,News/information,7.2,11,3,10,8,6,5,6,3,Yes,"Yes, failed",Considering it,Moderate
26,Male,Part-time employed,North America,Instagram,4,4.3,50,Every night,22,Entertainment,6.7,13,2,4,4,8,3,9,2,Yes,"Yes, failed",No,Moderate
33,Male,Full-time employed,Europe,Instagram,6,3.4,23,Every night,32,Passing time/boredom,5.9,17,2,7,4,5,8,3,4,No,"Yes, failed",Considering it,At-risk
13,Non-binary,Full-time employed,Asia,YouTube,1,6.7,129,Often,25,Entertainment,6.8,14,5,4,7,6,8,5,4,Yes,No,Considering it,Moderate
40,Female,Student,Latin America,Snapchat,6,1.2,34,Sometimes,40,Passing time/boredom,7.5,8,8,5,3,6,4,3,3,No,No,No,Good
44,Female,Full-time employed,Europe,Instagram,2,6.4,137,Sometimes,18,Connection with friends,7.3,16,5,5,7,3,8,5,0,No,No,No,Moderate
17,Female,Full-time employed,North America,TikTok,5,5.0,77,Often,11,Entertainment,4.8,20,4,7,5,4,4,7,4,No,"Yes, failed",Considering it,At-risk
41,Male,Full-time employed,North America,YouTube,4,4.0,161,Sometimes,10,News/information,6.4,15,8,6,7,4,2,6,3,Yes,No,Considering it,Moderate
23,Female,Full-time employed,Asia,LinkedIn,3,3.2,29,Never,5,News/information,6.9,8,2,6,9,6,5,1,4,No,"Yes, succeeded",No,Good
37,Male,Full-time employed,Asia,Facebook,3,1.3,40,Often,13,Connection with friends,6.4,5,8,9,1,9,3,7,4,No,"Yes, failed",Yes,Good
44,Male,Student,Latin America,Snapchat,1,2.3,34,Sometimes,13,Entertainment,8.0,5,5,8,3,6,6,1,4,No,No,No,Good
30,Female,Student,North America,TikTok,3,8.5,126,Often,17,Passing time/boredom,5.0,20,0,6,7,3,7,4,5,No,No,No,At-risk
13,Male,Student,Africa,LinkedIn,4,2.0,14,Often,31,Entertainment,7.0,9,8,8,5,6,4,1,4,No,No,No,Good
13,Male,Part-time employed,Africa,Snapchat,2,3.4,93,Never,46,Passing time/boredom,6.9,11,14,9,5,6,3,4,2,Yes,"Yes, failed",Yes,Moderate
22,Male,Retired,North America,YouTube,5,1.3,33,Every night,17,Passing time/boredom,7.4,9,10,9,2,6,4,7,2,No,"Yes, succeeded",Considering it,Moderate
29,Female,Student,North America,Facebook,2,7.2,38,Sometimes,41,News/information,8.0,15,1,8,5,2,8,7,3,Yes,"Yes, succeeded",No,Moderate
28,Male,Unemployed,North America,TikTok,3,1.0,19,Never,12,News/information,9.5,7,16,7,4,5,1,5,6,No,No,Yes,Moderate
38,Female,Student,Asia,TikTok,3,0.8,29,Often,4,Work/career,5.3,11,0,7,4,10,2,8,3,No,No,Considering it,Moderate
36,Male,Student,Oceania,Instagram,5,2.5,128,Often,17,News/information,6.4,6,7,6,7,6,6,5,2,No,"Yes, succeeded",No,Good
36,Female,Unemployed,Africa,Instagram,3,2.7,121,Every night,8,Passing time/boredom,6.4,10,0,5,1,9,5,6,3,No,"Yes, failed",No,Moderate
13,Male,Full-time employed,North America,Instagram,5,2.5,23,Sometimes,14,Entertainment,5.6,7,7,6,3,6,2,3,7,Yes,"Yes, succeeded",No,Good
27,Female,Self-employed,Europe,X/Twitter,5,5.8,109,Every night,39,Entertainment,6.2,16,2,6,6,5,6,5,2,No,No,No,Moderate
30,Male,Full-time employed,North America,Facebook,3,6.8,121,Sometimes,61,News/information,6.2,18,0,7,7,3,5,7,3,Yes,No,No,At-risk
27,Female,Part-time employed,Asia,Snapchat,3,2.6,47,Every night,19,Work/career,6.9,11,7,6,6,4,3,6,3,No,No,No,Moderate
13,Female,Self-employed,Europe,TikTok,7,4.3,23,Sometimes,25,Entertainment,7.0,14,0,6,7,7,3,2,3,No,No,Considering it,Moderate
45,Female,Student,Latin America,Reddit,4,4.6,86,Every night,16,Connection with friends,6.0,12,0,8,4,8,3,9,0,No,No,No,Moderate
19,Male,Self-employed,Europe,Snapchat,6,2.1,18,Sometimes,21,Passing time/boredom,7.4,11,4,5,1,9,3,4,3,Yes,"Yes, succeeded",No,Moderate
34,Male,Retired,North America,YouTube,5,0.4,5,Never,4,Content creation,8.0,3,8,7,5,5,4,1,2,Yes,"Yes, failed",No,Good
17,Female,Full-time employed,Asia,YouTube,5,3.0,27,Every night,34,News/information,6.3,12,2,7,9,8,3,1,1,No,"Yes, succeeded",No,Moderate
20,Male,Full-time employed,Asia,YouTube,2,3.4,72,Every night,17,Content creation,6.1,13,0,8,5,7,2,6,3,No,No,No,Moderate
45,Female,Student,Europe,LinkedIn,1,4.2,56,Often,7,Connection with friends,7.5,17,10,5,10,8,1,10,0,Yes,No,Yes,At-risk
15,Male,Student,Asia,Snapchat,3,1.9,24,Sometimes,40,Work/career,7.5,8,6,7,4,10,6,6,1,Yes,No,No,Good
17,Male,Part-time employed,Europe,YouTube,2,6.7,182,Often,14,Passing time/boredom,6.2,17,0,6,4,5,5,4,4,Yes,"Yes, failed",Considering it,At-risk
26,Male,Full-time employed,North America,Facebook,1,1.6,11,Often,38,News/information,7.3,3,2,8,3,3,4,5,2,No,No,No,Good
33,Male,Full-time employed,Europe,YouTube,5,4.1,39,Often,26,Connection with friends,6.8,12,0,2,5,3,10,4,4,No,"Yes, failed",No,Moderate
26,Female,Student,Asia,Instagram,5,2.6,79,Sometimes,57,Connection with friends,6.7,9,0,8,5,8,4,4,5,No,No,No,Good
28,Female,Unemployed,Asia,Facebook,4,1.1,19,Often,43,Entertainment,7.3,1,0,5,2,7,2,3,4,No,"Yes, succeeded",Considering it,Good
30,Male,Full-time employed,Europe,X/Twitter,5,1.6,25,Every night,17,Connection with friends,5.8,11,10,10,6,3,3,1,2,Yes,"Yes, succeeded",Yes,Moderate
27,Female,Part-time employed,Europe,Facebook,2,10.5,226,Sometimes,9,Entertainment,5.9,15,1,4,9,4,10,8,2,No,"Yes, failed",Yes,Moderate
43,Female,Full-time employed,Europe,Instagram,5,2.8,66,Every night,2,Work/career,6.7,10,10,5,6,3,9,9,2,No,No,Yes,Moderate
23,Male,Self-employed,Europe,Snapchat,2,2.0,39,Every night,11,News/information,6.9,7,7,6,5,6,2,5,2,No,"Yes, failed",No,Good
29,Female,Student,North America,Snapchat,4,0.2,7,Never,16,News/information,8.4,10,6,7,5,7,2,7,3,No,"Yes, succeeded",Yes,Moderate
46,Male,Student,Asia,Reddit,7,4.0,10,Sometimes,5,Passing time/boredom,8.2,19,3,7,5,3,5,5,3,No,"Yes, succeeded",Considering it,At-risk
32,Female,Self-employed,Asia,TikTok,5,1.8,23,Often,53,Entertainment,6.6,12,3,7,3,6,4,7,4,No,"Yes, failed",No,Moderate
13,Female,Part-time employed,Asia,Snapchat,6,1.9,27,Sometimes,44,Passing time/boredom,8.5,1,6,8,5,6,6,10,2,Yes,No,No,Good
26,Female,Full-time employed,Asia,YouTube,3,2.2,32,Every night,24,Passing time/boredom,6.4,11,0,8,4,5,4,7,2,No,No,Yes,Moderate
19,Male,Part-time employed,Asia,TikTok,7,2.4,47,Often,11,News/information,7.5,10,4,5,4,5,5,9,3,No,No,No,Moderate
20,Prefer not to say,Unemployed,North America,TikTok,3,2.9,62,Every night,22,Entertainment,6.5,11,0,8,4,7,4,6,3,No,No,Yes,Moderate
32,Male,Full-time employed,Latin America,Snapchat,1,4.2,21,Sometimes,6,Entertainment,7.6,14,0,10,5,4,4,6,2,Yes,"Yes, succeeded",No,Moderate
40,Male,Part-time employed,Oceania,Snapchat,2,3.0,67,Sometimes,30,Content creation,7.4,5,0,9,4,7,6,3,2,No,No,No,Good
25,Male,Full-time employed,North America,Reddit,1,4.4,58,Every night,9,Connection with friends,6.3,18,0,7,7,8,4,7,3,No,No,Considering it,At-risk
26,Male,Full-time employed,Europe,TikTok,6,3.8,20,Every night,10,Entertainment,5.8,20,0,7,7,3,5,7,3,No,"Yes, succeeded",Yes,At-risk
24,Female,Full-time employed,Asia,Instagram,3,4.1,30,Often,19,Connection with friends,6.5,18,4,8,3,5,6,7,4,No,No,Yes,At-risk
46,Female,Self-employed,North America,YouTube,8,0.6,12,Sometimes,12,News/information,7.8,15,10,7,1,7,6,7,4,Yes,No,Considering it,Moderate
36,Male,Student,Europe,Instagram,8,5.1,15,Often,3,Entertainment,6.0,7,2,5,5,5,3,4,1,No,"Yes, succeeded",No,Good
41,Non-binary,Full-time employed,North America,TikTok,1,4.5,64,Every night,15,Content creation,7.0,9,6,8,5,3,4,6,4,No,No,No,Good
33,Male,Full-time employed,North America,Facebook,3,2.1,48,Often,13,Connection with friends,7.5,14,2,9,5,8,4,6,3,No,No,No,Moderate
20,Female,Part-time employed,Europe,TikTok,2,4.9,137,Every night,15,Content creation,5.2,10,0,6,1,1,5,6,4,No,No,Considering it,Moderate
37,Female,Student,Asia,Reddit,8,1.9,57,Sometimes,8,News/information,7.6,5,2,6,3,9,2,3,3,Yes,"Yes, failed",Considering it,Good
18,Female,Full-time employed,North America,TikTok,2,7.1,138,Often,41,Connection with friends,5.7,19,2,5,7,3,7,10,3,No,No,Considering it,At-risk
25,Male,Student,Europe,TikTok,3,2.3,18,Often,34,Connection with friends,6.8,12,4,7,2,5,2,6,3,No,No,No,Moderate
32,Male,Student,Asia,Facebook,2,6.4,124,Sometimes,16,Entertainment,7.7,16,0,7,8,6,6,8,1,Yes,No,Considering it,Moderate
22,Prefer not to say,Student,Asia,TikTok,5,2.3,35,Sometimes,16,Content creation,7.0,10,8,7,1,7,7,1,2,No,"Yes, succeeded",Yes,Moderate
32,Female,Full-time employed,Latin America,TikTok,3,5.7,24,Every night,22,Passing time/boredom,6.2,20,1,8,6,4,6,9,0,Yes,No,No,At-risk
31,Female,Full-time employed,Asia,Instagram,3,8.1,138,Sometimes,10,Work/career,7.2,11,1,4,10,5,9,10,6,Yes,"Yes, failed",Considering it,Moderate
39,Male,Self-employed,Latin America,TikTok,3,5.0,35,Every night,38,Entertainment,6.5,11,0,7,5,5,3,7,4,No,"Yes, succeeded",No,Moderate
24,Male,Full-time employed,Europe,TikTok,6,1.6,66,Often,22,Work/career,7.7,8,2,8,5,6,4,2,5,Yes,"Yes, failed",No,Good
32,Female,Unemployed,Asia,Snapchat,7,8.0,363,Sometimes,28,Passing time/boredom,5.2,15,2,3,4,3,4,8,1,Yes,No,Yes,Moderate
29,Female,Full-time employed,Latin America,TikTok,4,0.9,12,Never,19,Work/career,8.5,0,7,9,1,6,4,7,3,No,"Yes, failed",No,Good
29,Male,Student,Europe,Instagram,4,2.0,6,Every night,32,News/information,6.3,4,2,7,4,7,1,4,0,No,No,Yes,Good
34,Male,Retired,North America,Snapchat,1,2.9,230,Never,33,Entertainment,6.9,10,5,8,3,6,8,2,5,Yes,No,No,Moderate
28,Female,Student,Africa,Instagram,5,2.6,71,Sometimes,47,Entertainment,6.6,5,2,6,5,6,6,2,1,No,No,No,Good
21,Male,Self-employed,North America,YouTube,3,1.4,55,Often,9,Entertainment,6.5,19,4,8,5,8,6,7,1,No,No,No,At-risk
39,Male,Full-time employed,Asia,Instagram,5,3.4,58,Often,13,Passing time/boredom,7.8,8,11,7,4,6,3,8,6,No,"Yes, failed",No,Moderate
20,Male,Student,Latin America,Facebook,3,0.5,18,Every night,24,Entertainment,7.0,6,0,8,1,5,1,4,3,No,"Yes, failed",Considering it,Good
24,Female,Student,North America,TikTok,7,3.4,70,Sometimes,13,Connection with friends,8.2,15,6,7,4,9,6,4,3,No,"Yes, failed",No,Moderate
34,Male,Student,Oceania,Instagram,4,0.9,11,Never,33,Entertainment,8.0,14,3,9,3,4,5,6,4,No,"Yes, failed",Considering it,Moderate
13,Male,Retired,Asia,Facebook,3,3.0,44,Every night,14,Passing time/boredom,5.9,17,11,7,6,5,5,7,5,No,"Yes, failed",Considering it,At-risk
21,Male,Student,North America,TikTok,6,3.8,34,Every night,12,Entertainment,7.4,21,5,6,6,5,6,6,4,Yes,"Yes, failed",No,At-risk
27,Male,Student,North America,Instagram,2,7.2,128,Every night,17,Work/career,6.5,23,0,5,1,2,7,5,3,No,"Yes, succeeded",Yes,At-risk
30,Female,Full-time employed,Europe,Facebook,4,1.8,66,Every night,18,Entertainment,5.6,13,0,6,5,6,3,2,3,No,"Yes, failed",No,Moderate
32,Female,Full-time employed,Asia,Reddit,6,4.3,22,Often,15,News/information,5.8,18,0,8,3,7,5,7,2,No,"Yes, failed",No,At-risk
18,Male,Student,Asia,Instagram,1,2.4,13,Every night,13,Entertainment,6.4,10,0,9,8,8,8,6,2,Yes,No,Yes,Moderate
40,Prefer not to say,Student,North America,TikTok,3,2.7,33,Never,24,Entertainment,8.1,6,5,7,6,6,6,2,3,No,No,No,Good
33,Female,Self-employed,North America,TikTok,3,6.6,250,Sometimes,26,Content creation,6.4,10,7,6,10,5,6,7,3,No,"Yes, failed",No,Moderate
38,Female,Student,North America,TikTok,2,4.2,71,Never,36,Connection with friends,8.2,11,7,8,7,6,7,5,3,No,"Yes, failed",No,Moderate
14,Male,Student,Europe,Reddit,7,1.2,39,Every night,12,Content creation,7.3,11,0,7,1,10,5,3,3,No,No,No,Moderate
18,Male,Full-time employed,North America,X/Twitter,5,1.0,5,Never,27,Work/career,8.8,9,0,5,2,8,2,3,1,No,No,No,Good
34,Male,Student,North America,Snapchat,3,5.1,39,Often,22,Content creation,5.3,11,3,7,5,4,4,2,2,No,"Yes, failed",No,Moderate
35,Female,Full-time employed,Asia,TikTok,1,7.9,100,Often,40,Passing time/boredom,7.2,13,2,4,6,5,6,2,2,No,"Yes, failed",No,Moderate
51,Female,Student,Europe,YouTube,3,5.3,35,Every night,24,Connection with friends,6.5,11,1,6,6,5,6,6,2,No,No,No,Moderate
45,Prefer not to say,Full-time employed,Asia,Instagram,3,7.0,193,Often,12,Passing time/boredom,6.8,9,0,5,10,6,10,3,3,No,"Yes, failed",Yes,Good
27,Male,Full-time employed,North America,Snapchat,3,6.1,28,Often,25,Work/career,5.0,17,9,3,8,8,4,6,2,No,"Yes, failed",No,At-risk
34,Male,Student,Asia,YouTube,4,2.5,18,Never,43,Connection with friends,6.9,8,7,8,5,4,4,4,3,Yes,"Yes, failed",No,Good
35,Female,Student,North America,Instagram,1,3.4,11,Every night,18,Content creation,5.8,12,0,8,5,8,7,8,4,No,"Yes, failed",Yes,Moderate
38,Male,Part-time employed,North America,TikTok,7,7.0,95,Sometimes,22,Connection with friends,5.9,11,0,5,7,3,7,8,4,No,"Yes, succeeded",No,Moderate
29,Male,Part-time employed,Asia,Facebook,3,5.3,15,Sometimes,15,Passing time/boredom,6.4,12,0,4,5,6,10,7,1,No,No,Yes,Moderate
54,Female,Retired,North America,YouTube,3,4.6,41,Sometimes,8,Connection with friends,7.4,13,8,8,5,6,4,6,3,No,"Yes, failed",No,Moderate
35,Male,Full-time employed,Europe,Instagram,4,4.4,54,Every night,16,Connection with friends,6.0,15,2,9,4,3,8,6,2,No,No,No,Moderate
19,Female,Full-time employed,Asia,X/Twitter,3,3.3,7,Often,32,Work/career,6.7,10,5,8,2,5,3,5,5,Yes,"Yes, failed",Considering it,Moderate
30,Male,Self-employed,Europe,Reddit,5,1.9,61,Every night,20,Passing time/boredom,6.0,12,9,7,5,6,3,7,3,No,No,No,Moderate
19,Male,Student,Europe,Facebook,3,2.5,17,Often,10,Entertainment,6.2,14,1,6,1,6,3,3,3,Yes,"Yes, failed",No,Moderate
30,Female,Part-time employed,North America,Instagram,5,8.0,93,Sometimes,16,Entertainment,6.2,17,0,4,5,4,7,8,3,Yes,No,Considering it,At-risk
26,Male,Student,Europe,X/Twitter,2,3.7,43,Sometimes,7,Content creation,6.3,5,0,6,4,5,3,1,2,No,No,Yes,Good
30,Male,Retired,Asia,TikTok,3,3.9,96,Sometimes,11,Connection with friends,9.6,6,0,7,6,5,2,5,2,No,No,No,Good
43,Male,Student,Asia,LinkedIn,6,0.6,11,Sometimes,12,Connection with friends,8.7,8,1,8,4,4,6,3,4,No,"Yes, succeeded",Yes,Good
27,Female,Full-time employed,North America,Facebook,4,3.8,73,Often,11,Connection with friends,7.4,16,4,7,8,4,3,4,3,No,No,No,Moderate
21,Male,Student,Europe,Snapchat,8,2.6,16,Sometimes,21,Connection with friends,6.9,10,0,6,2,6,2,8,2,No,No,No,Moderate
26,Female,Student,Asia,TikTok,3,1.8,65,Every night,19,Entertainment,6.1,14,14,9,2,5,4,3,4,No,No,No,Moderate
43,Male,Self-employed,Asia,TikTok,3,2.4,45,Every night,14,Connection with friends,7.1,9,0,5,1,5,5,3,5,No,"Yes, succeeded",No,Good
30,Non-binary,Full-time employed,Oceania,TikTok,3,4.9,100,Every night,11,Entertainment,6.3,17,1,7,3,3,6,4,1,Yes,"Yes, failed",Considering it,At-risk
17,Male,Student,Asia,Snapchat,2,10.5,235,Often,21,Entertainment,5.6,23,0,3,7,4,8,9,3,Yes,No,No,At-risk
17,Male,Full-time employed,Africa,Instagram,1,3.7,100,Every night,38,Connection with friends,6.4,8,15,9,4,5,1,4,4,No,No,Yes,Moderate
23,Female,Self-employed,Europe,TikTok,2,6.3,56,Often,63,Passing time/boredom,7.3,12,1,10,6,3,6,9,4,No,No,No,Moderate
28,Female,Part-time employed,Asia,Snapchat,2,3.2,130,Often,36,News/information,6.9,14,4,9,7,6,2,7,3,No,No,Considering it,Moderate
21,Male,Part-time employed,Asia,YouTube,4,0.8,21,Sometimes,12,News/information,8.2,7,8,8,6,8,6,8,3,No,No,Considering it,Good
17,Non-binary,Full-time employed,Europe,TikTok,4,1.5,26,Often,23,Connection with friends,7.1,9,9,9,2,4,5,5,4,No,"Yes, failed",Considering it,Good
44,Female,Full-time employed,North America,TikTok,8,5.0,52,Sometimes,29,Passing time/boredom,8.4,15,0,7,6,4,5,7,5,No,No,No,Moderate
26,Female,Retired,North America,YouTube,5,3.8,112,Sometimes,7,Entertainment,8.1,7,1,9,3,5,6,5,4,Yes,No,Yes,Good
35,Male,Self-employed,Europe,TikTok,3,3.6,49,Never,2,Connection with friends,7.6,9,0,6,4,9,6,3,3,No,No,No,Good
36,Male,Student,Africa,LinkedIn,6,4.4,43,Sometimes,12,Work/career,7.7,12,0,6,5,5,7,7,2,Yes,"Yes, succeeded",Yes,Moderate
24,Female,Full-time employed,North America,Snapchat,3,2.6,82,Sometimes,14,Connection with friends,7.6,11,4,8,5,10,3,6,3,Yes,"Yes, failed",No,Moderate
23,Female,Self-employed,Europe,X/Twitter,3,3.9,141,Often,13,Passing time/boredom,6.6,18,0,7,4,4,6,5,2,Yes,"Yes, succeeded",No,At-risk
45,Female,Full-time employed,Asia,Reddit,4,1.9,9,Sometimes,19,Entertainment,8.5,4,8,7,3,6,7,2,0,No,"Yes, failed",No,Good
28,Female,Full-time employed,Asia,Reddit,1,3.6,77,Sometimes,29,Connection with friends,7.5,13,4,10,3,4,2,5,2,Yes,No,No,Moderate
21,Male,Student,North America,Instagram,5,3.3,79,Every night,9,Work/career,7.8,14,0,6,4,7,2,8,4,No,"Yes, failed",No,Moderate
16,Female,Full-time employed,Europe,Instagram,4,1.0,36,Never,13,Content creation,8.4,5,4,7,6,5,7,5,5,No,No,No,Good
37,Female,Self-employed,Asia,Instagram,7,2.5,12,Never,27,Connection with friends,7.0,13,0,10,2,6,2,3,3,No,No,No,Moderate
17,Male,Part-time employed,North America,TikTok,3,1.5,29,Sometimes,15,Connection with friends,7.5,16,9,9,3,6,5,6,2,No,"Yes, failed",Considering it,Moderate
27,Female,Student,Asia,LinkedIn,5,5.5,124,Every night,14,Entertainment,5.0,7,10,7,6,6,8,7,3,No,No,No,Moderate
13,Male,Full-time employed,Africa,TikTok,1,3.9,168,Every night,44,Entertainment,4.7,15,5,4,4,7,5,6,3,Yes,"Yes, succeeded",No,Moderate
19,Female,Student,Asia,Instagram,2,1.3,28,Often,23,Connection with friends,7.8,10,9,10,3,7,7,4,4,No,No,Yes,Moderate
39,Male,Student,Asia,TikTok,1,3.8,40,Sometimes,15,Entertainment,7.5,13,0,8,1,6,5,2,3,Yes,"Yes, failed",No,Moderate
43,Male,Full-time employed,Europe,LinkedIn,3,3.1,21,Sometimes,25,Passing time/boredom,8.0,16,6,9,6,8,4,5,3,No,No,Yes,Moderate
15,Male,Unemployed,Europe,YouTube,5,4.9,21,Sometimes,23,News/information,6.3,10,11,9,2,4,7,5,1,No,No,No,Moderate
13,Male,Full-time employed,North America,Instagram,2,0.7,11,Never,15,Connection with friends,6.9,10,9,6,8,8,4,6,2,Yes,No,Considering it,Moderate
13,Female,Student,North America,TikTok,3,2.2,45,Never,1,Entertainment,9.0,11,6,7,2,4,4,5,1,No,No,Considering it,Moderate
16,Male,Part-time employed,Asia,YouTube,2,4.4,61,Sometimes,6,Content creation,7.3,12,0,7,7,4,6,8,4,Yes,No,Yes,Moderate
30,Female,Student,Europe,TikTok,4,3.8,103,Often,8,Passing time/boredom,8.1,11,6,7,6,6,7,6,4,No,"Yes, failed",No,Moderate
24,Male,Student,North America,Instagram,4,1.9,26,Often,14,Content creation,7.4,5,8,7,5,3,5,4,0,No,No,No,Good
45,Male,Student,Europe,Instagram,2,4.5,36,Never,5,Entertainment,7.3,17,0,5,9,6,5,4,5,Yes,"Yes, failed",No,At-risk
39,Male,Student,Asia,LinkedIn,3,4.8,59,Sometimes,25,Entertainment,7.2,19,2,9,6,4,6,7,3,No,No,Considering it,At-risk
22,Female,Full-time employed,Asia,Facebook,5,1.6,15,Never,24,Connection with friends,8.6,9,8,6,7,7,1,3,2,No,No,Considering it,Good
39,Male,Unemployed,North America,Facebook,1,3.0,57,Never,14,Entertainment,6.7,8,4,7,6,10,3,7,5,No,"Yes, succeeded",No,Good
21,Female,Retired,Oceania,Instagram,2,4.5,43,Every night,33,Work/career,6.5,17,0,7,5,5,8,8,1,No,No,No,At-risk
33,Male,Full-time employed,Asia,Facebook,2,3.1,19,Sometimes,19,News/information,6.9,3,2,8,10,8,6,5,2,No,No,Considering it,Good
46,Female,Full-time employed,Europe,YouTube,4,1.1,14,Often,30,News/information,6.2,7,5,8,5,4,6,4,5,Yes,"Yes, succeeded",Considering it,Good
16,Female,Student,Latin America,Reddit,5,3.6,54,Often,10,News/information,6.7,13,12,5,2,5,5,6,3,No,No,No,Moderate
30,Male,Student,Asia,TikTok,8,2.3,60,Sometimes,30,Entertainment,8.2,10,4,6,6,5,5,7,1,No,No,Yes,Moderate
32,Female,Student,North America,Instagram,6,2.3,97,Sometimes,8,Passing time/boredom,7.6,10,1,6,1,6,2,6,3,No,No,No,Moderate
32,Female,Student,Latin America,Instagram,4,4.6,24,Often,3,Connection with friends,7.0,17,3,5,7,2,3,4,1,Yes,"Yes, failed",Yes,At-risk
22,Female,Student,North America,Instagram,4,3.5,91,Never,10,Entertainment,7.3,10,2,8,6,7,7,5,3,No,No,Yes,Moderate
26,Female,Full-time employed,Europe,X/Twitter,5,2.6,118,Often,5,Content creation,6.8,6,6,7,5,8,4,5,3,Yes,"Yes, succeeded",Considering it,Good
42,Female,Full-time employed,Asia,TikTok,6,3.2,23,Sometimes,15,Connection with friends,6.9,12,0,8,3,7,6,3,3,Yes,"Yes, succeeded",No,Moderate
49,Female,Self-employed,North America,TikTok,2,0.8,13,Every night,15,Connection with friends,5.8,16,6,6,4,9,3,4,2,No,No,No,Moderate
35,Female,Full-time employed,Europe,TikTok,5,2.4,43,Often,37,Work/career,7.1,7,5,8,4,5,5,5,4,No,"Yes, succeeded",Yes,Good
23,Female,Full-time employed,Europe,TikTok,5,2.8,52,Often,65,Entertainment,7.5,8,9,6,4,6,5,2,4,No,No,No,Good
43,Female,Student,Asia,Facebook,1,7.9,168,Sometimes,10,Content creation,6.2,13,0,4,3,8,3,7,3,Yes,No,Considering it,Moderate
26,Male,Retired,Europe,X/Twitter,1,4.1,69,Often,14,Entertainment,6.3,14,0,4,4,4,5,7,4,No,No,Considering it,Moderate
53,Female,Self-employed,Europe,Instagram,2,7.8,77,Every night,8,News/information,5.1,27,0,4,7,5,10,10,3,No,"Yes, failed",Considering it,At-risk
38,Non-binary,Full-time employed,Asia,YouTube,4,1.2,23,Often,26,News/information,7.6,11,0,8,4,10,2,1,2,Yes,No,No,Moderate
17,Female,Part-time employed,Europe,Instagram,4,3.7,94,Every night,26,Entertainment,7.1,13,1,8,4,3,4,5,4,No,"Yes, succeeded",No,Moderate
13,Female,Part-time employed,Africa,YouTube,7,6.1,84,Sometimes,18,Connection with friends,5.9,19,2,7,7,6,1,6,3,Yes,"Yes, succeeded",Considering it,At-risk
29,Female,Unemployed,Europe,YouTube,1,2.4,68,Never,14,Entertainment,7.7,6,0,8,1,4,1,4,3,No,"Yes, succeeded",Considering it,Good
27,Male,Student,Europe,X/Twitter,5,1.4,27,Often,8,Passing time/boredom,5.9,9,0,7,3,8,5,6,4,No,No,No,Good
26,Male,Student,Africa,Snapchat,7,1.1,33,Never,6,Connection with friends,8.1,4,1,7,3,7,5,1,4,No,No,Yes,Good
13,Female,Part-time employed,North America,Instagram,2,2.9,43,Sometimes,6,Entertainment,8.8,11,0,7,1,6,9,5,4,No,No,No,Moderate
40,Female,Student,North America,Snapchat,5,7.0,66,Often,18,Connection with friends,5.1,23,0,5,6,4,8,8,2,No,No,No,At-risk
25,Female,Student,Asia,TikTok,5,4.1,12,Every night,5,Entertainment,6.5,11,0,4,1,5,9,5,3,No,No,Yes,Moderate
20,Female,Student,North America,Snapchat,4,6.3,185,Often,8,Passing time/boredom,5.8,21,0,7,4,7,2,7,2,Yes,"Yes, failed",No,At-risk
18,Male,Self-employed,Latin America,Instagram,1,1.2,30,Sometimes,44,Entertainment,8.4,13,4,8,1,7,1,6,3,Yes,No,Yes,Moderate
43,Female,Full-time employed,Europe,Facebook,4,4.3,124,Often,6,Connection with friends,7.5,14,0,7,7,5,6,10,5,No,No,No,Moderate
29,Male,Student,North America,TikTok,6,4.3,43,Sometimes,28,News/information,7.8,13,4,9,7,7,8,3,6,Yes,No,No,Moderate
30,Male,Unemployed,Europe,Facebook,4,1.8,7,Every night,7,Passing time/boredom,5.9,14,0,8,1,8,2,5,1,Yes,"Yes, failed",No,Moderate
32,Female,Student,Europe,TikTok,2,5.8,303,Often,25,Passing time/boredom,6.9,16,1,6,6,3,5,7,5,Yes,No,No,Moderate
58,Female,Full-time employed,Europe,TikTok,4,0.5,11,Sometimes,17,Passing time/boredom,7.4,6,8,9,6,8,1,5,2,No,No,No,Good
22,Female,Student,Europe,YouTube,1,5.2,117,Sometimes,17,Connection with friends,7.3,8,3,6,10,5,7,4,5,No,"Yes, failed",No,Good
17,Female,Student,Europe,TikTok,6,4.7,70,Sometimes,17,Entertainment,7.0,19,9,2,2,4,5,7,3,Yes,No,Considering it,At-risk
32,Female,Student,Asia,Facebook,2,5.4,100,Never,22,News/information,6.7,19,0,6,4,5,9,3,1,No,"Yes, failed",No,At-risk
42,Male,Unemployed,Europe,X/Twitter,1,4.0,15,Often,25,News/information,7.0,12,0,2,1,8,2,5,2,No,"Yes, failed",Yes,Moderate
15,Female,Student,Europe,Facebook,2,3.7,134,Often,11,Work/career,7.2,10,3,9,6,4,6,6,2,Yes,"Yes, failed",No,Moderate
26,Male,Student,Europe,YouTube,4,3.6,13,Every night,33,Work/career,5.0,15,6,7,6,5,6,6,2,Yes,"Yes, failed",Yes,Moderate
16,Male,Full-time employed,Europe,Instagram,7,2.4,8,Never,11,Passing time/boredom,8.3,13,6,8,1,5,4,5,3,No,No,No,Moderate
17,Female,Self-employed,Asia,TikTok,4,3.1,53,Every night,25,News/information,8.0,7,5,9,6,5,3,6,2,Yes,No,Yes,Good
23,Male,Student,North America,YouTube,1,5.4,51,Sometimes,10,Passing time/boredom,7.6,17,0,6,3,3,7,8,0,No,"Yes, failed",Considering it,At-risk
55,Male,Student,Europe,YouTube,3,7.2,105,Every night,28,Connection with friends,5.5,23,0,5,5,4,7,7,3,No,"Yes, succeeded",No,At-risk
33,Female,Full-time employed,Europe,X/Twitter,3,2.8,98,Often,19,News/information,7.3,5,0,9,4,4,4,6,4,Yes,No,No,Good
24,Male,Student,Asia,X/Twitter,1,3.4,59,Often,10,Work/career,7.2,1,1,6,3,7,7,5,1,No,No,No,Good
37,Male,Student,Europe,Facebook,2,3.8,110,Every night,7,News/information,5.6,16,5,7,3,5,7,2,3,Yes,No,No,Moderate
30,Female,Full-time employed,Latin America,Reddit,6,2.3,20,Often,3,Connection with friends,6.4,10,5,4,5,7,1,2,4,Yes,"Yes, succeeded",Considering it,Moderate
22,Female,Part-time employed,Oceania,Instagram,4,5.5,52,Often,18,Content creation,7.8,12,4,6,7,7,5,4,2,Yes,"Yes, failed",No,Moderate
48,Male,Student,Europe,TikTok,6,1.5,15,Every night,6,Entertainment,5.9,7,5,7,2,7,3,5,4,Yes,"Yes, failed",No,Good
25,Female,Unemployed,Asia,TikTok,3,2.3,43,Every night,23,Entertainment,6.4,11,8,10,4,5,3,6,0,No,No,No,Moderate
22,Female,Self-employed,Europe,LinkedIn,4,1.2,31,Often,24,Passing time/boredom,6.4,18,7,6,6,8,1,6,2,No,"Yes, failed",No,At-risk
28,Male,Part-time employed,Europe,LinkedIn,3,3.8,181,Every night,10,Entertainment,6.3,10,0,7,7,5,1,6,3,No,"Yes, failed",No,Moderate
30,Male,Full-time employed,North America,TikTok,2,2.5,48,Never,35,Connection with friends,9.0,12,6,8,7,7,1,4,1,No,"Yes, failed",Considering it,Moderate
20,Female,Student,Africa,Instagram,4,1.7,62,Sometimes,36,News/information,7.7,7,5,10,4,4,2,5,3,No,No,Yes,Good
34,Male,Full-time employed,Europe,YouTube,4,0.5,26,Every night,6,News/information,7.1,5,4,10,5,7,5,4,2,Yes,No,Yes,Good
45,Female,Part-time employed,Europe,Instagram,4,3.2,45,Sometimes,7,Work/career,8.3,7,5,8,3,8,6,7,2,No,No,Considering it,Good
23,Male,Student,Africa,TikTok,2,2.2,5,Sometimes,47,Entertainment,6.7,1,4,8,2,4,5,4,4,No,"Yes, succeeded",No,Good
32,Female,Unemployed,North America,Snapchat,2,6.5,47,Sometimes,9,Connection with friends,6.9,19,0,8,5,4,6,9,3,Yes,"Yes, failed",No,At-risk
37,Male,Full-time employed,North America,Snapchat,3,4.6,90,Sometimes,12,Passing time/boredom,7.4,21,2,9,6,5,3,4,3,Yes,"Yes, failed",Considering it,At-risk
33,Male,Student,Oceania,Instagram,6,4.6,227,Every night,6,Passing time/boredom,7.0,16,0,8,5,8,5,9,4,Yes,No,No,Moderate
40,Female,Student,North America,YouTube,3,1.6,44,Never,3,Entertainment,7.4,8,8,7,5,10,4,5,5,No,"Yes, succeeded",Considering it,Good
29,Male,Self-employed,Asia,YouTube,2,2.7,99,Often,20,News/information,7.4,10,0,8,3,6,4,5,4,Yes,No,No,Moderate
31,Male,Full-time employed,Latin America,Facebook,5,3.1,47,Often,56,Connection with friends,6.4,6,1,7,5,6,4,5,4,No,"Yes, failed",Yes,Good
28,Female,Part-time employed,Latin America,Instagram,2,3.3,55,Every night,18,Entertainment,7.4,11,11,6,6,5,5,9,3,No,No,No,Moderate
45,Male,Part-time employed,Latin America,TikTok,3,4.6,132,Sometimes,35,Work/career,7.5,9,0,8,5,5,5,3,5,No,"Yes, failed",No,Good
45,Prefer not to say,Student,Oceania,TikTok,2,2.6,73,Often,23,Connection with friends,7.4,15,4,8,5,6,8,3,5,Yes,No,No,Moderate
36,Male,Student,Africa,Facebook,5,3.0,14,Sometimes,38,Entertainment,7.6,17,0,8,3,5,5,6,3,Yes,"Yes, failed",No,At-risk
31,Female,Full-time employed,Asia,Instagram,4,4.1,74,Sometimes,7,Work/career,6.7,22,0,6,3,6,4,3,1,No,"Yes, succeeded",Considering it,At-risk
36,Male,Full-time employed,Asia,Instagram,3,4.1,81,Sometimes,33,Entertainment,7.6,13,0,7,8,6,5,6,1,Yes,"Yes, failed",Considering it,Moderate
31,Male,Self-employed,Asia,TikTok,3,3.0,84,Every night,24,Passing time/boredom,7.8,12,0,7,2,9,3,5,3,No,No,No,Moderate
32,Male,Part-time employed,Europe,TikTok,3,1.4,16,Often,24,News/information,6.6,7,11,8,4,7,2,3,0,No,No,No,Moderate
35,Female,Full-time employed,North America,TikTok,3,5.6,68,Often,16,Passing time/boredom,5.4,13,0,4,8,6,6,7,3,No,"Yes, failed",No,Moderate
35,Female,Full-time employed,Europe,YouTube,3,6.9,211,Often,23,Connection with friends,6.2,19,0,6,4,6,6,9,3,No,"Yes, succeeded",No,At-risk
42,Male,Student,Asia,Instagram,5,1.6,28,Every night,13,News/information,6.3,14,3,6,5,5,5,6,5,No,No,No,Moderate
39,Female,Full-time employed,Europe,YouTube,4,2.5,99,Sometimes,26,Work/career,7.0,15,5,10,4,5,4,3,3,Yes,No,No,Moderate
31,Female,Student,North America,Snapchat,3,1.8,27,Every night,2,News/information,6.8,8,0,8,7,3,1,5,1,No,No,No,Good
22,Male,Full-time employed,Europe,X/Twitter,2,4.4,158,Often,3,Work/career,6.2,12,2,4,8,4,1,2,2,No,"Yes, failed",No,Moderate
13,Female,Part-time employed,Latin America,TikTok,4,3.4,88,Sometimes,15,Content creation,6.4,12,4,9,4,5,5,9,3,No,No,Yes,Moderate
25,Male,Student,North America,TikTok,1,4.3,85,Sometimes,29,Connection with friends,7.7,13,6,6,7,5,5,7,1,No,"Yes, failed",No,Moderate
33,Male,Part-time employed,Europe,Reddit,7,2.0,52,Every night,14,Work/career,6.2,19,9,7,4,5,5,3,5,No,No,Considering it,At-risk
21,Female,Full-time employed,Europe,Instagram,2,1.1,19,Sometimes,12,Passing time/boredom,7.3,14,12,9,6,9,6,5,4,No,"Yes, failed",No,Moderate
46,Male,Student,North America,TikTok,2,4.7,21,Sometimes,28,Entertainment,5.8,7,0,5,6,6,7,7,3,Yes,"Yes, succeeded",No,Good
21,Female,Retired,Latin America,Instagram,6,1.3,13,Sometimes,13,Entertainment,7.7,8,3,7,1,5,5,2,3,No,No,Yes,Good
28,Male,Student,Asia,TikTok,3,3.0,48,Often,4,Work/career,7.9,7,1,7,7,10,3,5,4,No,"Yes, succeeded",No,Good
37,Female,Full-time employed,Europe,Instagram,2,6.2,89,Often,37,Connection with friends,6.8,20,5,3,3,6,6,9,4,No,No,No,At-risk
45,Female,Full-time employed,Asia,Snapchat,4,6.4,34,Never,24,News/information,7.0,7,3,5,4,5,1,5,1,Yes,No,No,Good
13,Female,Full-time employed,Asia,Facebook,1,1.1,10,Sometimes,11,Connection with friends,7.3,11,7,7,2,8,2,4,2,Yes,No,Yes,Moderate
33,Non-binary,Full-time employed,North America,TikTok,4,1.2,14,Sometimes,12,Content creation,8.3,3,3,9,2,4,6,1,1,Yes,"Yes, failed",No,Good
27,Female,Student,Asia,Facebook,2,3.7,12,Every night,22,Work/career,5.5,13,0,6,6,7,3,9,5,Yes,No,No,Moderate
13,Male,Student,North America,TikTok,1,0.7,7,Never,38,Passing time/boredom,8.6,12,7,7,4,9,4,6,2,No,No,No,Moderate
21,Non-binary,Unemployed,Asia,TikTok,2,2.4,50,Sometimes,7,Connection with friends,7.0,15,2,7,5,6,5,1,1,No,No,No,Moderate
25,Prefer not to say,Student,North America,YouTube,3,3.7,20,Sometimes,15,Connection with friends,7.0,10,9,5,8,2,5,9,3,No,No,Yes,Moderate
25,Female,Student,North America,YouTube,3,1.7,15,Sometimes,35,Connection with friends,7.5,9,9,2,3,8,5,7,4,No,"Yes, failed",No,Good
27,Male,Student,Europe,Instagram,2,6.9,189,Never,25,Work/career,6.9,17,0,7,4,8,6,8,0,No,No,No,At-risk
31,Male,Full-time employed,Europe,LinkedIn,2,1.6,8,Every night,24,Passing time/boredom,6.1,9,6,10,7,3,3,5,3,Yes,"Yes, failed",Considering it,Good
48,Male,Full-time employed,Asia,Instagram,3,4.9,23,Often,12,Entertainment,5.4,13,0,6,7,6,4,9,3,Yes,"Yes, failed",No,Moderate
16,Male,Part-time employed,North America,Instagram,6,1.6,14,Every night,21,Connection with friends,6.0,12,9,9,4,4,3,6,1,Yes,No,Yes,Moderate
33,Female,Full-time employed,North America,Instagram,4,1.4,24,Often,37,Passing time/boredom,7.7,5,9,8,2,6,6,7,4,Yes,"Yes, failed",No,Good
24,Male,Full-time employed,North America,Instagram,2,4.7,108,Often,21,News/information,6.5,15,1,6,6,5,10,6,4,No,No,No,Moderate
32,Male,Full-time employed,Oceania,YouTube,5,0.8,21,Never,39,News/information,7.2,9,4,6,2,9,1,4,2,No,"Yes, failed",No,Good
32,Male,Part-time employed,North America,TikTok,2,3.2,39,Often,12,Passing time/boredom,7.1,19,0,9,5,5,2,9,2,No,No,No,At-risk
26,Male,Full-time employed,Asia,YouTube,4,4.5,185,Sometimes,18,Passing time/boredom,7.0,20,8,7,4,6,4,5,2,Yes,No,Considering it,At-risk
34,Male,Student,Asia,Instagram,2,1.2,26,Sometimes,5,Entertainment,7.7,17,4,10,3,8,5,5,3,No,"Yes, failed",Considering it,At-risk
46,Female,Unemployed,North America,X/Twitter,8,1.6,22,Often,12,Entertainment,6.5,15,9,5,3,6,7,3,3,No,"Yes, failed",Considering it,Moderate
37,Female,Full-time employed,Europe,Instagram,2,1.0,7,Never,16,Entertainment,7.0,14,10,5,9,6,3,4,2,Yes,No,No,Moderate
43,Male,Student,Asia,Instagram,6,3.4,128,Sometimes,28,Content creation,7.3,8,0,6,3,6,4,5,1,No,"Yes, succeeded",No,Good
22,Female,Student,Latin America,Snapchat,5,3.7,26,Every night,36,Connection with friends,5.8,13,3,9,6,5,5,5,4,Yes,No,No,Moderate
37,Male,Student,Asia,X/Twitter,1,1.2,94,Sometimes,12,News/information,7.6,2,10,7,3,7,4,3,4,No,"Yes, failed",No,Moderate
46,Male,Full-time employed,North America,Instagram,5,2.5,21,Often,13,Passing time/boredom,7.7,6,3,7,4,4,6,3,3,No,"Yes, succeeded",Considering it,Good
27,Non-binary,Part-time employed,Asia,X/Twitter,1,6.0,97,Often,2,News/information,5.9,11,0,6,6,5,6,10,2,No,"Yes, failed",No,Moderate
29,Female,Part-time employed,Asia,Instagram,3,4.8,100,Never,18,Work/career,6.9,20,0,4,1,8,4,8,3,No,"Yes, succeeded",No,At-risk
13,Female,Student,Latin America,TikTok,6,0.9,12,Often,13,Connection with friends,8.0,6,3,8,5,8,6,6,5,Yes,"Yes, failed",No,Good
32,Female,Self-employed,Asia,Instagram,3,4.5,66,Often,23,Content creation,7.6,6,5,8,6,4,5,5,3,Yes,"Yes, failed",Considering it,Good
22,Male,Full-time employed,Latin America,TikTok,5,0.7,24,Often,21,Entertainment,7.0,6,15,7,8,10,1,6,4,No,"Yes, failed",Considering it,Moderate
26,Female,Self-employed,North America,Facebook,3,5.7,77,Sometimes,15,Entertainment,7.0,15,0,5,5,3,5,9,2,No,No,Yes,Moderate
26,Male,Self-employed,Latin America,X/Twitter,4,2.0,9,Often,42,Passing time/boredom,6.8,15,3,5,5,7,5,2,4,Yes,"Yes, succeeded",No,Moderate
44,Male,Student,Latin America,Instagram,3,3.0,100,Sometimes,8,Entertainment,5.8,15,1,5,8,7,4,6,4,No,No,No,Moderate
26,Female,Full-time employed,Africa,Instagram,6,4.8,58,Often,10,Connection with friends,6.2,11,1,7,6,6,4,4,3,No,"Yes, failed",No,Moderate
25,Female,Full-time employed,Latin America,Instagram,3,4.0,101,Every night,16,News/information,6.4,18,0,8,6,6,4,5,0,No,"Yes, succeeded",No,At-risk
34,Male,Student,North America,Snapchat,3,2.8,45,Sometimes,17,Connection with friends,6.1,4,6,5,4,5,2,3,1,No,No,No,Good
25,Male,Student,North America,TikTok,3,6.1,198,Never,39,Entertainment,7.1,19,2,6,6,6,6,9,4,No,No,No,At-risk
33,Female,Full-time employed,Asia,X/Twitter,1,2.2,21,Sometimes,30,Entertainment,6.4,11,8,7,4,4,3,7,3,No,No,No,Moderate
15,Female,Part-time employed,Oceania,Snapchat,3,3.1,38,Often,57,Entertainment,6.8,13,8,7,6,9,6,6,2,No,No,No,Moderate
17,Female,Self-employed,Latin America,Snapchat,4,2.5,34,Often,6,Entertainment,6.4,12,0,4,8,5,5,2,1,Yes,No,Considering it,Moderate
19,Male,Full-time employed,North America,Instagram,4,1.8,11,Often,3,Work/career,6.1,5,7,6,1,9,5,5,2,No,No,No,Good
26,Male,Student,Asia,TikTok,5,2.7,79,Often,16,Passing time/boredom,7.6,4,3,6,5,7,5,9,3,No,"Yes, failed",No,Good
28,Female,Full-time employed,Europe,X/Twitter,4,4.7,76,Often,17,Entertainment,6.7,10,4,5,5,10,6,5,1,Yes,No,No,Moderate
29,Female,Part-time employed,Asia,Facebook,1,2.8,18,Sometimes,47,Content creation,6.9,0,6,9,1,4,6,7,5,No,"Yes, failed",Considering it,Good
22,Female,Part-time employed,Europe,TikTok,4,3.4,29,Sometimes,7,Passing time/boredom,7.6,13,4,9,5,4,1,5,3,No,No,No,Moderate
32,Male,Student,North America,Reddit,2,7.1,197,Every night,11,Connection with friends,5.3,10,0,5,6,4,7,8,5,No,No,No,Moderate
32,Male,Student,North America,YouTube,3,3.4,87,Every night,14,Entertainment,6.3,9,0,7,5,5,3,7,5,No,No,No,Good
20,Female,Full-time employed,Europe,Reddit,6,1.0,25,Sometimes,15,Entertainment,8.3,6,9,7,7,7,2,4,2,No,No,Yes,Good
44,Male,Student,North America,LinkedIn,2,1.5,38,Sometimes,34,Work/career,6.9,8,7,9,5,6,1,6,2,No,"Yes, failed",Considering it,Good
15,Female,Student,Africa,YouTube,2,3.7,56,Sometimes,49,News/information,6.2,12,7,6,9,6,2,5,3,Yes,No,Considering it,Moderate
29,Male,Student,Asia,YouTube,2,3.9,83,Never,15,Entertainment,6.9,8,5,8,3,5,3,8,3,Yes,"Yes, succeeded",No,Good
23,Female,Part-time employed,North America,Instagram,2,4.3,100,Sometimes,19,Entertainment,6.8,10,7,6,5,6,6,3,4,Yes,No,No,Moderate
39,Female,Full-time employed,North America,TikTok,5,2.6,16,Sometimes,27,Entertainment,6.5,5,2,5,6,4,7,5,4,No,No,No,Good
23,Female,Full-time employed,Asia,Facebook,2,4.2,140,Sometimes,4,Connection with friends,6.6,7,8,4,8,5,5,9,4,No,"Yes, failed",No,Good
39,Female,Student,Europe,Reddit,2,2.5,25,Never,45,Entertainment,7.8,2,0,9,4,7,5,6,2,No,No,No,Good
36,Female,Self-employed,Asia,Facebook,6,5.7,54,Never,26,Content creation,6.8,11,0,6,3,6,8,7,4,No,"Yes, failed",No,Moderate
18,Female,Student,Asia,Instagram,3,4.4,37,Often,33,News/information,6.3,16,6,7,4,6,4,6,2,No,No,No,Moderate
13,Male,Full-time employed,Europe,Facebook,7,1.1,13,Sometimes,56,Entertainment,7.2,0,12,9,1,6,3,3,2,Yes,No,No,Moderate
37,Male,Student,Asia,Snapchat,3,2.0,33,Sometimes,10,Entertainment,8.9,8,0,8,7,8,3,6,4,No,"Yes, failed",Yes,Good
23,Female,Full-time employed,Europe,LinkedIn,2,5.1,83,Every night,21,Connection with friends,5.5,19,4,6,3,5,3,3,3,No,No,Considering it,At-risk
37,Male,Part-time employed,Asia,Facebook,3,1.1,15,Sometimes,11,Entertainment,6.4,1,0,9,2,6,5,4,2,No,No,No,Good
16,Male,Full-time employed,Asia,Instagram,4,1.6,24,Every night,2,Entertainment,5.8,11,3,7,1,5,5,1,4,No,No,No,Moderate
32,Male,Student,North America,X/Twitter,2,3.2,109,Often,24,Work/career,7.1,15,12,6,5,6,5,6,4,No,No,No,Moderate
29,Male,Student,Asia,Instagram,3,1.0,14,Sometimes,25,News/information,7.8,10,1,8,5,8,3,4,4,Yes,"Yes, succeeded",Yes,Moderate
23,Female,Full-time employed,Asia,Facebook,4,4.4,53,Often,25,News/information,5.4,9,4,5,5,5,8,10,2,No,No,No,Good
25,Male,Student,North America,TikTok,7,2.2,26,Sometimes,6,Connection with friends,8.4,11,10,10,6,3,3,5,4,Yes,No,Considering it,Moderate
16,Male,Student,North America,TikTok,2,3.4,16,Often,44,Entertainment,6.5,11,6,7,6,8,3,5,3,Yes,No,No,Moderate
13,Male,Student,Africa,Instagram,2,2.7,44,Often,25,News/information,7.5,11,4,5,3,8,5,1,5,Yes,No,No,Moderate
19,Male,Part-time employed,North America,Reddit,5,0.5,12,Every night,31,Connection with friends,4.5,7,7,8,7,9,8,2,3,Yes,No,No,Good
29,Male,Full-time employed,Asia,YouTube,3,2.2,42,Sometimes,76,Connection with friends,7.1,10,2,7,6,9,2,6,3,No,"Yes, succeeded",No,Moderate
38,Female,Student,North America,TikTok,4,2.4,27,Never,55,Content creation,7.7,15,4,9,7,5,1,3,4,No,"Yes, failed",Yes,Moderate
31,Male,Full-time employed,Europe,TikTok,4,0.8,11,Sometimes,83,Entertainment,6.9,3,4,10,2,6,4,1,3,No,No,No,Good
13,Male,Full-time employed,Europe,Instagram,7,1.9,42,Often,18,Content creation,6.9,5,6,7,3,8,6,7,6,No,"Yes, failed",Yes,Good
40,Male,Unemployed,North America,Reddit,2,3.8,56,Sometimes,34,Content creation,8.1,13,6,7,2,7,6,3,4,No,No,No,Moderate
30,Female,Student,Asia,TikTok,1,2.8,39,Sometimes,28,Connection with friends,7.7,9,1,9,6,5,2,5,3,Yes,No,No,Good
37,Female,Student,Europe,Snapchat,2,2.3,31,Sometimes,9,Entertainment,7.7,5,12,5,7,5,5,7,2,No,No,Considering it,Moderate
23,Female,Part-time employed,North America,Snapchat,5,7.0,254,Often,31,Passing time/boredom,6.7,16,0,8,6,3,7,4,3,Yes,"Yes, succeeded",Considering it,Moderate
33,Male,Full-time employed,Asia,Facebook,2,4.9,103,Every night,21,Entertainment,5.6,13,0,5,8,5,6,9,6,No,"Yes, failed",Yes,Moderate
26,Non-binary,Full-time employed,North America,Facebook,3,4.1,68,Often,5,Entertainment,6.3,7,4,4,6,7,7,5,6,No,"Yes, failed",No,Good
19,Female,Student,Asia,LinkedIn,3,2.1,21,Every night,27,Connection with friends,6.6,21,10,9,2,2,2,6,2,No,"Yes, succeeded",No,At-risk
33,Male,Full-time employed,Asia,Facebook,8,4.1,107,Often,21,Passing time/boredom,5.9,11,0,5,4,5,6,7,2,Yes,No,Yes,Moderate
25,Male,Full-time employed,Europe,TikTok,5,4.0,17,Never,20,Connection with friends,8.1,14,4,7,4,5,1,4,2,No,"Yes, failed",No,Moderate
31,Male,Part-time employed,Asia,Instagram,1,6.2,118,Often,23,Entertainment,7.1,15,5,6,5,4,4,8,2,Yes,"Yes, failed",No,Moderate
30,Female,Student,Asia,Instagram,2,2.3,13,Often,6,Entertainment,6.6,12,0,6,3,4,1,6,5,No,No,No,Moderate
48,Female,Retired,Asia,X/Twitter,3,1.7,67,Never,21,Entertainment,6.6,3,8,10,5,5,5,6,3,No,No,No,Good
25,Male,Unemployed,North America,YouTube,4,0.5,18,Sometimes,9,Connection with friends,6.8,4,6,7,2,6,3,3,3,Yes,No,No,Good
23,Female,Self-employed,Asia,X/Twitter,4,1.0,7,Often,24,Entertainment,8.0,8,8,5,2,8,1,3,1,No,"Yes, failed",Yes,Good
20,Male,Full-time employed,Latin America,TikTok,5,3.2,5,Never,17,Connection with friends,7.2,6,14,6,3,10,5,2,3,No,"Yes, failed",Yes,Moderate
13,Male,Student,Europe,X/Twitter,3,3.1,63,Often,12,Entertainment,7.8,11,1,8,3,6,6,2,3,No,"Yes, failed",Considering it,Moderate
47,Male,Student,North America,Reddit,4,2.1,9,Sometimes,18,Connection with friends,6.6,5,4,7,4,7,7,2,0,Yes,"Yes, succeeded",Yes,Good
30,Female,Self-employed,North America,TikTok,2,2.3,21,Often,20,Entertainment,7.5,11,0,8,4,7,3,7,4,No,"Yes, succeeded",No,Moderate
30,Female,Retired,Asia,X/Twitter,4,1.7,54,Sometimes,29,Content creation,6.1,6,5,3,2,3,2,5,1,Yes,No,Yes,Good
44,Non-binary,Student,Europe,Instagram,5,3.2,16,Every night,29,Passing time/boredom,6.5,10,0,6,4,7,5,1,1,No,No,No,Moderate
18,Male,Unemployed,North America,Facebook,5,4.8,131,Never,13,Entertainment,5.8,20,0,6,6,7,6,6,4,No,No,No,At-risk
28,Male,Part-time employed,Europe,Snapchat,1,1.6,29,Never,18,News/information,7.5,0,11,7,1,6,4,3,2,No,"Yes, failed",No,Moderate
39,Female,Student,Europe,TikTok,5,5.8,70,Never,14,News/information,7.4,11,1,7,5,5,7,4,3,Yes,No,No,Moderate
44,Female,Student,Europe,TikTok,7,2.6,77,Sometimes,17,Entertainment,6.2,12,1,9,6,7,7,7,4,No,No,Considering it,Moderate
23,Female,Student,Oceania,Facebook,1,4.0,26,Often,14,News/information,7.1,14,0,8,4,8,4,8,1,Yes,"Yes, failed",Considering it,Moderate
33,Male,Full-time employed,Asia,Reddit,3,1.4,28,Often,12,News/information,7.3,8,1,7,7,6,1,1,4,No,"Yes, failed",Yes,Good
40,Male,Student,North America,TikTok,3,0.8,10,Sometimes,26,Connection with friends,7.3,1,7,8,5,8,1,6,3,No,"Yes, succeeded",No,Good
30,Female,Full-time employed,Oceania,Snapchat,5,2.8,68,Often,29,News/information,7.8,11,8,6,6,5,4,4,1,No,"Yes, succeeded",No,Moderate
29,Male,Part-time employed,Oceania,Instagram,4,1.1,49,Often,15,Entertainment,6.0,11,6,8,4,3,2,6,1,No,"Yes, failed",Considering it,Moderate
35,Male,Student,Europe,Instagram,7,3.5,106,Never,29,Connection with friends,8.7,14,6,7,5,6,10,5,2,No,"Yes, failed",Yes,Moderate
23,Male,Student,Europe,Instagram,3,1.8,14,Sometimes,30,Connection with friends,7.7,1,5,9,7,3,4,4,3,No,No,Yes,Good
44,Male,Student,Asia,Instagram,3,2.3,45,Often,20,Entertainment,6.4,11,1,7,3,5,2,6,1,No,"Yes, failed",No,Moderate
24,Female,Full-time employed,Asia,YouTube,3,1.7,23,Often,8,Passing time/boredom,6.2,8,1,8,6,8,1,5,4,Yes,No,Yes,Good
30,Female,Student,Europe,Instagram,7,4.0,63,Often,12,Connection with friends,7.8,14,0,4,6,5,6,6,3,No,"Yes, failed",No,Moderate
31,Male,Full-time employed,North America,Instagram,3,3.4,109,Often,31,News/information,4.9,9,4,7,6,5,2,3,2,Yes,No,Yes,Good
32,Male,Part-time employed,Asia,YouTube,1,3.3,104,Often,19,Work/career,7.1,11,5,6,4,5,3,5,2,No,"Yes, failed",Considering it,Moderate
35,Female,Unemployed,North America,YouTube,4,2.1,41,Every night,21,Connection with friends,6.6,12,2,8,3,9,5,4,1,No,"Yes, succeeded",No,Moderate
13,Female,Student,North America,Instagram,8,4.8,94,Sometimes,17,Passing time/boredom,6.4,14,0,7,6,5,7,4,5,No,"Yes, failed",Considering it,Moderate
41,Male,Full-time employed,Europe,YouTube,8,4.1,35,Sometimes,32,Entertainment,7.7,11,9,7,5,7,5,2,1,No,No,No,Moderate
44,Male,Full-time employed,Asia,X/Twitter,2,4.7,51,Sometimes,25,Entertainment,7.5,14,0,9,1,5,7,4,1,Yes,No,No,Moderate
13,Male,Self-employed,Europe,YouTube,2,3.1,58,Every night,7,Entertainment,6.9,14,6,7,3,5,5,6,3,No,No,Considering it,Moderate
21,Male,Retired,Europe,TikTok,4,1.8,24,Sometimes,6,Entertainment,7.1,8,2,10,4,5,6,5,3,No,No,Yes,Good
34,Non-binary,Full-time employed,Asia,TikTok,8,4.5,70,Sometimes,19,Entertainment,6.8,13,6,5,3,6,5,5,4,No,"Yes, failed",No,Moderate
22,Male,Student,Europe,LinkedIn,6,3.3,18,Sometimes,20,Connection with friends,8.4,15,0,8,5,6,7,5,4,Yes,No,Yes,Moderate
52,Female,Full-time employed,Asia,X/Twitter,6,0.9,19,Sometimes,5,Work/career,7.4,3,0,7,1,6,3,7,2,No,"Yes, succeeded",No,Good
29,Male,Full-time employed,Oceania,Reddit,3,0.5,5,Often,34,Connection with friends,7.0,1,7,7,5,6,3,8,5,No,"Yes, succeeded",Yes,Good
54,Male,Full-time employed,Africa,Snapchat,2,4.1,66,Sometimes,29,Entertainment,6.0,4,1,7,7,7,3,7,4,No,"Yes, succeeded",No,Good
51,Male,Student,Africa,Instagram,3,1.9,45,Never,30,Passing time/boredom,7.2,12,6,9,5,7,5,2,3,No,"Yes, succeeded",Considering it,Moderate
25,Female,Student,Latin America,X/Twitter,7,2.2,71,Every night,23,News/information,6.8,16,8,5,5,4,8,1,1,No,No,Considering it,Moderate
37,Female,Student,Latin America,TikTok,3,2.4,61,Often,8,Entertainment,7.2,13,0,6,5,5,6,1,4,No,No,No,Moderate
42,Male,Student,Africa,Facebook,1,2.9,66,Sometimes,30,Work/career,8.3,11,8,5,6,6,5,6,4,No,No,Yes,Moderate
43,Male,Self-employed,Europe,X/Twitter,5,2.9,49,Every night,20,Work/career,5.9,11,0,4,1,7,3,5,3,No,No,No,Moderate
20,Male,Full-time employed,North America,Snapchat,3,4.6,22,Never,22,Connection with friends,6.1,15,0,7,9,7,6,5,3,No,No,Considering it,Moderate
24,Male,Student,Europe,TikTok,1,4.6,102,Never,24,Entertainment,7.3,11,1,10,9,7,9,7,1,No,"Yes, failed",Considering it,Moderate
44,Male,Self-employed,Europe,YouTube,3,0.6,10,Every night,21,Passing time/boredom,6.4,14,0,10,1,6,2,5,1,No,No,No,Moderate
28,Female,Student,North America,Instagram,3,6.7,49,Often,34,Entertainment,5.8,16,0,10,4,6,5,9,3,Yes,"Yes, failed",No,Moderate
30,Male,Student,Asia,YouTube,4,2.5,68,Often,24,Work/career,6.9,6,5,9,6,4,3,4,3,Yes,"Yes, failed",Considering it,Good
33,Female,Full-time employed,Europe,Instagram,3,8.5,75,Sometimes,10,Entertainment,6.7,23,2,5,9,4,6,9,3,No,"Yes, failed",Considering it,At-risk
20,Female,Part-time employed,North America,TikTok,4,2.4,15,Often,22,Entertainment,7.3,12,8,6,6,6,6,6,4,Yes,No,Yes,Moderate
24,Female,Student,Oceania,Facebook,1,1.8,59,Sometimes,19,Connection with friends,7.1,6,11,7,4,4,3,3,2,No,No,No,Moderate
50,Male,Self-employed,Europe,Instagram,7,5.1,116,Often,21,Connection with friends,5.4,13,2,7,6,3,4,2,2,No,No,No,Moderate
33,Female,Full-time employed,Asia,X/Twitter,1,4.0,70,Never,8,News/information,6.4,9,6,5,6,6,1,7,2,No,"Yes, succeeded",Considering it,Good
13,Female,Student,Asia,Facebook,4,4.1,92,Never,14,Passing time/boredom,6.8,15,9,6,6,8,5,1,5,No,"Yes, succeeded",No,Moderate
29,Non-binary,Full-time employed,Europe,X/Twitter,5,3.6,149,Every night,11,Entertainment,7.0,15,0,7,1,3,6,3,3,Yes,"Yes, failed",Yes,Moderate
24,Female,Part-time employed,Asia,X/Twitter,3,3.3,51,Often,22,Connection with friends,6.5,15,4,7,7,6,2,6,6,No,No,No,Moderate
30,Non-binary,Student,Europe,YouTube,7,0.5,11,Sometimes,8,Work/career,8.1,6,7,7,2,6,2,4,3,No,No,Considering it,Good
18,Female,Full-time employed,Europe,YouTube,3,6.0,44,Often,27,Entertainment,5.9,11,0,6,6,8,5,10,2,Yes,"Yes, failed",No,Moderate
13,Female,Full-time employed,North America,Instagram,2,1.8,45,Often,10,Content creation,7.0,10,1,4,3,6,4,3,0,No,"Yes, failed",No,Moderate
31,Female,Part-time employed,Asia,Instagram,4,4.4,5,Often,35,Work/career,7.1,10,0,5,8,6,7,2,2,No,"Yes, failed",Considering it,Moderate
31,Male,Self-employed,Europe,Instagram,1,2.5,72,Often,30,News/information,5.8,13,4,7,2,8,9,6,2,Yes,No,Considering it,Moderate
16,Male,Student,Asia,Snapchat,2,1.1,44,Often,9,Entertainment,8.5,7,1,7,4,6,4,5,4,No,No,Considering it,Good
23,Female,Full-time employed,Europe,Instagram,3,2.5,29,Never,44,News/information,8.4,5,8,8,6,4,4,8,2,No,"Yes, failed",Considering it,Good
38,Male,Student,Latin America,YouTube,6,2.3,48,Never,9,Passing time/boredom,8.7,12,16,10,3,5,4,1,4,No,No,Considering it,Moderate
16,Male,Full-time employed,Europe,YouTube,2,2.5,42,Often,5,Connection with friends,7.8,12,0,8,4,8,4,4,3,No,No,Considering it,Moderate
30,Female,Retired,Asia,Facebook,1,1.8,16,Often,37,Connection with friends,6.7,13,3,9,6,6,6,3,3,No,No,Considering it,Moderate
40,Male,Full-time employed,North America,TikTok,3,1.5,13,Sometimes,20,News/information,7.5,8,8,8,2,7,3,5,2,Yes,"Yes, failed",Considering it,Good
43,Female,Full-time employed,North America,Instagram,8,2.4,77,Sometimes,11,Work/career,7.7,15,2,6,4,8,4,4,4,No,No,No,Moderate
30,Non-binary,Full-time employed,North America,Snapchat,3,10.1,400,Sometimes,1,Work/career,5.3,17,0,5,7,2,9,10,3,Yes,No,Considering it,At-risk
13,Male,Full-time employed,Latin America,Facebook,6,3.4,18,Every night,26,Work/career,6.5,9,11,9,4,7,3,2,4,No,"Yes, failed",Yes,Moderate
36,Female,Self-employed,Oceania,Instagram,3,3.6,80,Sometimes,10,Entertainment,6.4,11,2,8,6,6,6,8,3,No,No,No,Moderate
17,Male,Full-time employed,Asia,Facebook,2,9.8,96,Sometimes,14,Work/career,6.6,20,0,8,7,2,10,8,2,No,No,Yes,At-risk
24,Male,Student,North America,Snapchat,1,5.2,55,Every night,11,News/information,5.6,20,0,4,7,4,6,10,2,Yes,"Yes, failed",No,At-risk
38,Male,Part-time employed,North America,TikTok,4,2.6,16,Every night,13,Entertainment,5.8,12,2,5,5,6,4,6,3,No,"Yes, succeeded",No,Moderate
19,Female,Self-employed,Europe,TikTok,3,7.7,172,Sometimes,23,Content creation,5.6,14,0,5,6,3,4,5,2,No,No,Considering it,Moderate
20,Female,Full-time employed,Asia,Instagram,4,4.9,79,Often,15,Entertainment,6.8,13,6,8,6,4,4,8,2,No,No,Yes,Moderate
15,Male,Student,Africa,Instagram,1,8.2,182,Often,10,Entertainment,8.2,19,0,6,10,4,10,9,3,Yes,No,No,At-risk
40,Female,Full-time employed,Asia,X/Twitter,4,2.3,53,Often,17,Entertainment,8.1,12,2,7,6,6,3,7,1,No,"Yes, succeeded",No,Moderate
22,Female,Full-time employed,Europe,X/Twitter,2,6.6,310,Sometimes,14,Entertainment,5.6,16,3,8,6,5,7,2,0,No,No,No,Moderate
34,Male,Full-time employed,Asia,Instagram,6,2.8,15,Sometimes,42,Connection with friends,7.1,8,9,6,1,9,2,8,3,Yes,No,No,Good
36,Male,Full-time employed,North America,Instagram,4,6.3,79,Sometimes,10,Content creation,6.8,17,0,6,6,6,10,3,3,No,No,No,At-risk
40,Female,Student,North America,X/Twitter,3,0.6,26,Every night,7,Passing time/boredom,6.9,5,5,9,2,7,4,5,4,Yes,No,Yes,Good
22,Male,Part-time employed,North America,Instagram,1,1.8,59,Often,17,Passing time/boredom,7.3,5,4,8,5,8,5,3,5,No,"Yes, succeeded",Considering it,Good
15,Non-binary,Part-time employed,North America,TikTok,3,5.2,94,Sometimes,12,Entertainment,7.7,14,5,7,5,6,7,5,2,No,No,No,Moderate
34,Male,Student,Europe,YouTube,2,2.5,12,Never,67,Connection with friends,7.4,6,7,8,4,6,6,8,3,Yes,No,No,Good
38,Female,Student,Europe,LinkedIn,3,7.8,116,Sometimes,23,Entertainment,6.6,19,0,1,5,6,8,6,4,No,"Yes, succeeded",No,At-risk
36,Female,Student,Asia,YouTube,5,2.5,84,Sometimes,21,Passing time/boredom,8.6,15,5,6,8,3,2,5,0,No,No,No,Moderate
31,Male,Student,Latin America,Snapchat,2,6.0,87,Never,9,Entertainment,8.0,17,4,3,7,6,10,6,4,Yes,No,No,At-risk
59,Non-binary,Student,Europe,X/Twitter,1,6.1,199,Often,19,News/information,6.2,14,0,6,3,3,10,5,3,No,"Yes, failed",No,Moderate
13,Male,Full-time employed,Asia,TikTok,2,1.9,38,Sometimes,22,News/information,7.9,10,0,8,4,10,3,5,3,No,No,No,Moderate
30,Male,Student,North America,LinkedIn,3,3.0,5,Never,11,Entertainment,6.8,9,4,7,6,7,6,4,1,No,"Yes, succeeded",Considering it,Good
29,Female,Unemployed,Latin America,Instagram,5,1.4,27,Sometimes,37,Content creation,7.3,4,9,7,5,6,3,1,2,No,"Yes, failed",Considering it,Good
39,Female,Student,Asia,Facebook,1,2.8,45,Sometimes,19,Connection with friends,7.2,14,1,7,6,6,3,2,3,Yes,No,Considering it,Moderate
32,Female,Full-time employed,Oceania,YouTube,1,1.4,14,Often,9,Passing time/boredom,6.2,4,10,9,5,5,2,8,5,No,"Yes, failed",No,Moderate
34,Female,Self-employed,Africa,TikTok,6,3.5,71,Never,38,Entertainment,6.8,10,4,9,5,7,8,5,5,No,No,No,Moderate
30,Female,Full-time employed,Europe,Snapchat,3,2.9,40,Sometimes,16,News/information,7.7,13,7,7,7,7,2,2,4,Yes,"Yes, succeeded",Considering it,Moderate
35,Male,Full-time employed,Asia,LinkedIn,6,8.3,111,Often,8,Content creation,5.7,20,0,3,5,3,7,8,2,Yes,No,No,At-risk
39,Female,Full-time employed,Europe,LinkedIn,2,4.4,96,Sometimes,43,Entertainment,7.9,11,0,7,2,4,5,7,1,No,No,Yes,Moderate
13,Male,Full-time employed,Europe,X/Twitter,1,5.2,131,Every night,20,Work/career,6.4,20,0,7,8,5,3,7,1,Yes,"Yes, failed",No,At-risk
35,Male,Unemployed,Asia,Instagram,5,2.6,74,Sometimes,38,Content creation,7.2,5,5,6,7,7,3,5,0,No,No,Considering it,Good
13,Female,Unemployed,Asia,YouTube,2,3.7,103,Sometimes,60,Content creation,6.5,11,5,6,3,9,7,6,4,No,No,Considering it,Moderate
56,Male,Unemployed,Europe,LinkedIn,1,5.9,53,Sometimes,21,Connection with friends,6.6,18,1,3,4,8,4,7,3,No,No,No,At-risk
34,Female,Part-time employed,Europe,Instagram,4,2.5,26,Never,25,Entertainment,6.9,5,3,7,5,5,4,8,2,No,No,Considering it,Good
29,Female,Unemployed,Europe,YouTube,3,1.6,30,Sometimes,2,Passing time/boredom,7.0,15,4,7,1,10,5,5,1,No,No,Yes,Moderate
30,Female,Student,Africa,Snapchat,6,2.5,42,Often,16,Entertainment,7.2,4,0,6,4,6,2,6,6,No,No,Considering it,Good
18,Male,Student,Oceania,Facebook,4,6.1,79,Often,16,Connection with friends,4.9,16,0,4,1,6,8,9,4,Yes,No,Considering it,Moderate
32,Male,Full-time employed,Europe,Instagram,3,3.3,34,Sometimes,22,Connection with friends,7.0,6,5,8,1,6,1,7,3,Yes,"Yes, failed",No,Good
13,Female,Student,Latin America,TikTok,2,1.6,25,Every night,67,Connection with friends,6.5,10,7,7,2,4,3,6,3,No,No,No,Moderate
23,Male,Part-time employed,Europe,YouTube,4,1.7,35,Every night,12,Content creation,7.1,15,3,7,3,9,4,6,4,Yes,No,No,Moderate
13,Male,Full-time employed,Asia,Reddit,3,2.4,46,Often,9,News/information,8.7,5,3,8,4,10,6,1,4,Yes,"Yes, failed",Yes,Good
30,Male,Full-time employed,Europe,Instagram,5,1.1,27,Sometimes,35,Connection with friends,6.9,17,1,4,5,6,5,1,2,No,"Yes, failed",Considering it,At-risk
22,Female,Student,Asia,YouTube,3,2.6,63,Sometimes,31,Connection with friends,7.1,14,5,6,8,8,5,5,3,No,No,Considering it,Moderate
38,Female,Student,North America,Instagram,5,2.9,40,Often,51,Connection with friends,7.9,9,3,7,5,5,5,3,5,No,"Yes, failed",No,Good
17,Female,Full-time employed,Asia,Reddit,6,2.6,13,Every night,23,Connection with friends,6.6,10,2,6,3,5,3,4,2,No,"Yes, succeeded",Considering it,Moderate
24,Male,Student,Europe,Instagram,4,3.2,54,Every night,22,Work/career,7.3,15,2,9,6,5,2,9,3,No,No,Considering it,Moderate
13,Male,Student,Europe,Facebook,3,10.7,108,Sometimes,3,Connection with friends,6.0,20,1,2,7,4,10,10,3,No,"Yes, failed",No,At-risk
37,Female,Retired,Asia,TikTok,1,1.0,37,Sometimes,28,Passing time/boredom,7.2,10,2,4,5,4,4,3,1,Yes,"Yes, failed",No,Moderate
30,Female,Student,North America,Instagram,1,4.5,83,Never,15,Entertainment,7.2,15,5,8,7,5,3,8,4,No,No,Considering it,Moderate
35,Female,Retired,Oceania,Instagram,2,2.8,83,Never,31,Passing time/boredom,8.0,11,4,9,3,2,7,2,2,No,No,No,Moderate
39,Female,Student,North America,LinkedIn,5,5.4,64,Sometimes,5,News/information,7.0,21,9,6,3,7,8,6,2,No,"Yes, failed",Yes,At-risk
28,Male,Student,North America,X/Twitter,5,3.1,20,Sometimes,24,Work/career,7.7,10,2,5,5,8,3,8,0,No,"Yes, failed",No,Moderate
24,Female,Part-time employed,North America,TikTok,6,3.5,70,Often,20,Entertainment,8.1,7,2,7,5,7,4,1,2,No,No,No,Good
27,Male,Full-time employed,Europe,Instagram,1,4.5,96,Every night,46,Entertainment,5.9,14,6,4,5,7,8,6,2,No,"Yes, failed",No,Moderate
29,Female,Self-employed,Europe,TikTok,2,2.6,38,Every night,8,Passing time/boredom,7.2,7,0,8,2,6,7,1,3,No,"Yes, failed",No,Good
39,Female,Student,Oceania,YouTube,6,6.2,232,Often,61,Work/career,6.6,14,0,2,7,4,3,7,2,No,"Yes, failed",No,Moderate
20,Female,Part-time employed,North America,YouTube,2,1.3,38,Never,10,News/information,7.5,14,2,6,5,3,3,6,5,Yes,"Yes, failed",No,Moderate
35,Prefer not to say,Full-time employed,Asia,Snapchat,1,2.7,20,Every night,29,Content creation,6.1,11,0,8,3,4,6,7,3,No,No,Considering it,Moderate
13,Female,Self-employed,Europe,Reddit,1,2.0,15,Sometimes,7,Connection with friends,8.0,11,13,7,4,10,3,5,3,No,"Yes, succeeded",No,Moderate
35,Female,Part-time employed,Europe,YouTube,6,4.0,106,Sometimes,21,Connection with friends,7.6,10,0,8,6,9,7,5,4,No,"Yes, succeeded",No,Moderate
34,Female,Student,Asia,Facebook,2,4.2,62,Sometimes,6,Entertainment,7.8,9,9,6,6,7,3,3,4,Yes,No,Yes,Good
29,Female,Full-time employed,Europe,Reddit,4,3.2,115,Every night,9,Connection with friends,6.3,8,5,5,3,4,1,4,4,Yes,No,No,Good
40,Male,Student,Latin America,Instagram,5,6.8,74,Sometimes,5,Connection with friends,7.5,19,0,7,8,5,7,5,3,Yes,"Yes, succeeded",No,At-risk
36,Female,Part-time employed,North America,TikTok,4,3.5,39,Every night,13,Work/career,6.2,12,0,6,4,3,3,4,4,Yes,"Yes, failed",No,Moderate
19,Male,Student,North America,TikTok,4,2.2,118,Often,6,Entertainment,6.6,16,4,5,3,5,4,7,2,No,No,No,Moderate
34,Female,Full-time employed,Latin America,Instagram,7,1.6,26,Often,5,Connection with friends,7.1,5,0,9,3,8,4,2,5,Yes,No,Yes,Good
18,Female,Student,North America,Instagram,4,0.7,27,Sometimes,24,Entertainment,8.6,5,4,9,4,4,3,3,4,No,No,Considering it,Good
17,Male,Unemployed,Latin America,Instagram,2,1.8,48,Sometimes,29,Passing time/boredom,7.6,12,5,7,4,6,3,5,2,No,No,Considering it,Moderate
16,Male,Student,North America,Facebook,4,2.3,16,Sometimes,27,News/information,8.1,7,4,6,6,8,6,7,4,No,"Yes, succeeded",Yes,Good
26,Male,Self-employed,Africa,TikTok,1,2.0,35,Sometimes,15,Connection with friends,6.3,11,8,7,7,4,3,4,2,No,No,No,Moderate
28,Female,Full-time employed,Asia,Instagram,1,2.8,38,Sometimes,11,Passing time/boredom,6.9,11,7,6,6,8,7,4,2,No,"Yes, failed",Yes,Moderate
31,Female,Full-time employed,Asia,YouTube,2,1.0,26,Often,21,News/information,8.2,13,0,7,5,5,2,5,3,No,"Yes, failed",No,Moderate
46,Female,Full-time employed,North America,TikTok,5,3.1,44,Sometimes,39,News/information,6.6,9,5,10,5,5,3,6,1,No,No,Yes,Good
18,Male,Retired,Asia,X/Twitter,4,5.5,36,Sometimes,9,Entertainment,7.7,13,9,6,5,3,7,6,3,No,"Yes, succeeded",No,Moderate
35,Male,Part-time employed,North America,YouTube,2,2.2,26,Sometimes,10,Work/career,9.1,6,8,7,6,5,6,7,3,No,"Yes, failed",No,Good
20,Female,Retired,North America,Instagram,1,1.5,40,Every night,14,Entertainment,7.5,7,7,6,6,5,5,10,3,No,"Yes, succeeded",No,Good
29,Male,Full-time employed,Asia,Facebook,1,3.3,65,Sometimes,4,Connection with friends,7.3,16,5,4,4,7,9,4,1,No,"Yes, failed",Yes,Moderate
37,Female,Student,Asia,Instagram,3,3.2,36,Often,6,Work/career,6.1,10,0,9,6,8,5,2,3,No,"Yes, failed",No,Moderate
38,Female,Student,Europe,LinkedIn,5,3.1,12,Never,16,Connection with friends,7.3,1,9,8,5,8,3,3,5,Yes,"Yes, succeeded",Considering it,Good
30,Female,Full-time employed,Asia,Facebook,4,2.5,58,Sometimes,25,Entertainment,6.1,14,11,8,1,6,3,6,1,Yes,"Yes, failed",No,Moderate
13,Male,Student,Asia,Snapchat,4,3.5,36,Often,15,Entertainment,6.1,13,1,7,4,7,8,4,1,No,No,No,Moderate
20,Female,Full-time employed,Latin America,TikTok,1,6.0,172,Often,9,Entertainment,6.2,16,0,10,5,7,4,7,2,No,No,Considering it,Moderate
49,Male,Unemployed,Asia,TikTok,7,2.3,63,Often,13,Entertainment,6.3,15,7,5,4,7,5,5,3,No,"Yes, failed",No,Moderate
36,Female,Part-time employed,Africa,Instagram,3,2.6,9,Often,26,Entertainment,7.6,11,4,7,5,5,3,7,0,Yes,No,No,Moderate
27,Female,Student,Europe,Instagram,4,3.0,58,Every night,33,Connection with friends,6.1,4,3,6,2,6,5,6,0,No,No,No,Good
29,Male,Full-time employed,Asia,Instagram,1,5.3,29,Sometimes,21,Entertainment,7.3,10,0,4,6,7,7,6,4,No,"Yes, failed",No,Moderate
32,Male,Student,Europe,Facebook,5,4.8,76,Every night,7,Entertainment,5.0,13,2,7,10,5,7,9,1,Yes,No,Considering it,Moderate
34,Female,Student,Africa,YouTube,3,1.1,17,Never,10,Passing time/boredom,8.6,10,7,9,3,7,2,6,1,No,"Yes, failed",Yes,Moderate
26,Female,Unemployed,North America,YouTube,2,1.7,51,Every night,15,News/information,8.3,10,7,7,5,4,1,3,2,No,"Yes, failed",Considering it,Moderate
54,Female,Student,North America,X/Twitter,6,3.6,58,Sometimes,28,Work/career,8.1,7,13,8,6,4,8,3,2,No,No,No,Moderate
21,Female,Full-time employed,Asia,TikTok,4,2.9,41,Sometimes,17,Connection with friends,6.9,8,6,5,5,7,6,3,2,Yes,"Yes, failed",No,Good
24,Female,Student,Asia,Facebook,6,4.5,79,Never,13,Entertainment,6.9,10,3,9,5,8,4,9,2,No,No,No,Moderate
34,Male,Unemployed,Europe,Facebook,6,3.0,109,Often,8,Work/career,6.6,12,2,10,1,7,4,7,2,No,"Yes, succeeded",Considering it,Moderate
31,Male,Self-employed,Europe,Reddit,5,2.3,53,Every night,34,News/information,6.5,9,1,6,2,5,3,1,4,No,No,Considering it,Good
24,Male,Student,Africa,X/Twitter,2,8.2,133,Every night,6,Connection with friends,4.7,23,0,7,9,5,6,8,2,No,No,Considering it,At-risk
30,Female,Student,Oceania,YouTube,4,5.2,83,Often,23,Passing time/boredom,7.6,14,9,6,6,4,3,10,3,No,"Yes, failed",No,Moderate
33,Female,Student,Oceania,TikTok,2,4.7,50,Sometimes,9,Entertainment,6.7,20,1,7,8,2,3,4,1,No,No,No,At-risk
37,Male,Full-time employed,Asia,Instagram,2,3.9,23,Often,11,Connection with friends,8.3,10,5,8,4,3,10,4,3,No,No,No,Moderate
18,Female,Unemployed,Asia,YouTube,5,1.2,34,Often,22,Entertainment,8.3,5,9,8,1,8,1,2,2,No,"Yes, succeeded",No,Good
30,Male,Full-time employed,Latin America,Instagram,5,6.9,80,Every night,7,Entertainment,5.6,25,0,7,4,3,6,10,3,No,"Yes, failed",Yes,At-risk
34,Female,Retired,North America,TikTok,6,1.2,11,Every night,35,Content creation,7.4,6,0,9,2,6,1,5,1,No,No,Yes,Good
31,Male,Full-time employed,Asia,Instagram,4,3.9,195,Sometimes,10,Entertainment,6.9,15,0,7,9,4,6,8,4,No,"Yes, succeeded",No,Moderate
34,Female,Full-time employed,Asia,TikTok,2,1.8,10,Sometimes,31,Connection with friends,6.8,12,6,6,3,6,3,5,2,No,"Yes, failed",No,Moderate
31,Female,Part-time employed,Asia,LinkedIn,8,5.7,259,Sometimes,39,Passing time/boredom,7.4,15,3,6,1,4,6,4,4,No,"Yes, failed",No,Moderate
33,Female,Full-time employed,Asia,YouTube,4,1.5,32,Sometimes,4,Passing time/boredom,8.0,18,7,10,1,10,6,1,4,Yes,"Yes, failed",Considering it,At-risk
23,Male,Full-time employed,North America,Snapchat,2,1.9,10,Every night,11,Content creation,7.3,8,6,7,6,8,4,5,1,Yes,"Yes, failed",No,Good
42,Male,Self-employed,North America,Instagram,4,1.4,64,Never,16,News/information,7.1,8,6,7,6,6,1,5,3,Yes,No,Yes,Good
47,Non-binary,Unemployed,North America,Instagram,2,1.9,44,Sometimes,22,Passing time/boredom,7.9,12,8,7,4,7,8,6,2,No,"Yes, failed",Considering it,Moderate
21,Male,Student,Asia,TikTok,4,3.2,79,Every night,46,Entertainment,8.1,17,2,5,4,7,1,3,3,No,No,Yes,At-risk
29,Female,Part-time employed,Asia,YouTube,6,0.9,12,Often,10,Connection with friends,6.2,13,2,8,5,9,2,4,3,No,"Yes, succeeded",Yes,Moderate
34,Male,Full-time employed,Asia,Snapchat,3,6.5,82,Sometimes,16,Connection with friends,5.7,6,8,7,5,4,10,6,4,No,No,Yes,Good
50,Female,Student,Europe,YouTube,6,2.0,16,Every night,22,Entertainment,7.2,7,3,6,5,6,4,2,2,No,No,No,Good
34,Female,Student,Asia,Facebook,1,4.1,62,Often,34,Passing time/boredom,5.8,9,0,8,5,6,7,1,4,Yes,"Yes, failed",No,Good
27,Female,Student,North America,Instagram,7,0.8,5,Often,16,Content creation,7.0,12,1,10,2,7,4,5,5,No,"Yes, failed",No,Moderate
13,Female,Student,Latin America,Instagram,2,3.8,21,Sometimes,26,Passing time/boredom,8.6,7,3,8,3,7,4,2,0,No,No,No,Good
27,Female,Student,Europe,Snapchat,1,5.3,113,Often,28,News/information,6.3,11,2,8,6,6,8,4,3,No,No,Considering it,Moderate
23,Female,Unemployed,Africa,X/Twitter,4,0.6,8,Sometimes,7,Content creation,7.7,0,5,8,3,4,1,3,4,No,No,Yes,Good
24,Male,Part-time employed,Europe,TikTok,2,5.0,100,Every night,6,Content creation,7.3,18,1,9,3,6,5,7,2,No,"Yes, failed",No,At-risk
44,Female,Part-time employed,North America,TikTok,3,4.1,71,Sometimes,19,Connection with friends,6.9,14,3,6,3,5,2,9,3,Yes,"Yes, succeeded",No,Moderate
28,Male,Full-time employed,Europe,YouTube,1,3.1,134,Often,9,Connection with friends,6.0,10,4,7,4,5,6,4,2,No,"Yes, failed",No,Moderate
31,Male,Student,Europe,Instagram,6,3.2,29,Sometimes,25,Connection with friends,7.3,11,0,8,7,6,4,5,1,Yes,No,No,Moderate
37,Female,Full-time employed,Asia,Facebook,5,1.7,13,Sometimes,28,Entertainment,7.8,14,8,6,3,7,9,6,2,Yes,No,No,Moderate
42,Male,Student,North America,TikTok,4,6.7,97,Never,7,Entertainment,7.8,15,3,4,6,9,8,8,3,Yes,"Yes, succeeded",No,Moderate
31,Female,Student,Europe,YouTube,4,5.7,99,Every night,12,Connection with friends,6.6,10,0,4,4,6,5,4,4,No,"Yes, failed",No,Moderate
35,Female,Full-time employed,Europe,YouTube,3,2.1,37,Often,12,Entertainment,7.6,11,0,9,7,5,5,5,2,Yes,"Yes, failed",No,Moderate
36,Female,Student,Europe,Facebook,2,3.0,56,Never,22,Entertainment,6.3,6,7,5,6,8,7,3,5,No,No,Considering it,Good
25,Male,Student,North America,Instagram,2,4.6,53,Sometimes,32,Work/career,8.0,14,8,6,4,7,7,6,3,No,No,No,Moderate
40,Female,Student,Asia,Reddit,2,4.7,98,Sometimes,21,Connection with friends,5.7,15,4,5,4,6,5,7,4,No,"Yes, succeeded",No,Moderate
33,Female,Retired,North America,TikTok,3,3.4,41,Often,32,Content creation,6.4,11,1,6,5,4,1,4,2,No,No,No,Moderate
30,Female,Part-time employed,North America,Snapchat,3,1.8,34,Often,10,News/information,6.6,16,7,7,4,8,3,7,4,No,No,No,Moderate
24,Female,Full-time employed,Europe,Instagram,2,1.6,79,Sometimes,19,Work/career,7.7,12,5,10,4,4,6,4,1,No,"Yes, failed",Considering it,Moderate
13,Prefer not to say,Full-time employed,Latin America,Instagram,1,1.3,19,Sometimes,22,Work/career,6.7,1,8,7,4,5,4,3,2,No,No,No,Good
29,Male,Student,Latin America,Instagram,1,1.3,33,Sometimes,12,Work/career,7.1,5,1,8,5,5,4,2,0,No,No,No,Good
30,Male,Full-time employed,North America,TikTok,2,4.5,72,Every night,9,Connection with friends,5.8,8,1,4,8,4,3,5,5,No,No,No,Good
28,Non-binary,Part-time employed,North America,YouTube,1,3.9,49,Sometimes,21,Passing time/boredom,5.5,9,4,5,7,7,7,10,4,Yes,No,Yes,Good
27,Male,Student,Europe,Snapchat,4,3.8,57,Every night,19,Entertainment,6.8,15,6,6,6,8,4,4,4,No,"Yes, failed",No,Moderate
13,Male,Self-employed,North America,Instagram,3,2.8,17,Often,3,Passing time/boredom,7.3,12,4,7,7,7,5,6,1,No,No,No,Moderate
49,Female,Student,North America,X/Twitter,2,4.4,65,Often,4,Content creation,6.9,10,9,7,4,7,7,4,5,No,"Yes, failed",No,Moderate
27,Female,Full-time employed,Europe,TikTok,1,2.1,45,Every night,21,Content creation,6.3,16,7,7,7,8,3,1,4,Yes,No,Considering it,Moderate
26,Female,Part-time employed,Asia,X/Twitter,6,5.8,281,Often,42,Entertainment,6.0,13,0,4,5,2,5,9,2,No,No,No,Moderate
29,Female,Student,Asia,TikTok,7,1.4,44,Never,46,Work/career,7.8,8,4,7,5,7,2,4,3,No,"Yes, succeeded",Yes,Good
32,Male,Student,Europe,Facebook,2,2.0,23,Sometimes,34,Connection with friends,7.7,13,8,7,1,4,3,4,1,No,No,Considering it,Moderate
39,Male,Student,Latin America,TikTok,2,4.5,46,Every night,5,Work/career,6.1,15,2,6,5,5,4,6,5,No,No,No,Moderate
30,Male,Student,Europe,Snapchat,3,7.7,147,Often,20,News/information,5.8,15,0,7,4,5,6,8,1,No,No,Considering it,Moderate
36,Female,Unemployed,North America,X/Twitter,3,3.2,69,Sometimes,35,Connection with friends,7.4,10,0,8,5,8,5,6,4,No,No,No,Moderate
37,Female,Student,North America,TikTok,5,4.2,20,Never,25,Entertainment,7.8,15,1,5,1,6,8,7,6,No,No,No,Moderate
43,Male,Full-time employed,Asia,Instagram,5,5.1,232,Sometimes,2,Connection with friends,7.8,13,0,5,6,9,8,6,4,No,No,Yes,Moderate
29,Female,Student,Europe,Instagram,5,3.6,100,Never,7,Entertainment,6.2,18,7,7,2,8,3,6,3,Yes,No,No,At-risk
30,Female,Full-time employed,Oceania,TikTok,1,1.7,19,Every night,27,News/information,6.3,11,7,5,3,8,6,5,5,Yes,"Yes, failed",Considering it,Moderate
35,Non-binary,Student,Europe,TikTok,2,2.8,32,Every night,13,Entertainment,6.3,8,5,9,1,6,5,6,1,No,"Yes, succeeded",No,Good
25,Female,Self-employed,Africa,X/Twitter,5,1.7,15,Sometimes,28,Passing time/boredom,7.8,13,0,8,2,5,1,8,5,No,No,Yes,Moderate
47,Female,Part-time employed,Asia,Snapchat,4,7.3,151,Often,21,Connection with friends,6.4,15,0,10,7,5,5,4,5,No,No,No,Moderate
14,Male,Retired,Asia,TikTok,4,2.7,27,Every night,12,News/information,6.1,3,4,8,4,3,2,7,3,No,"Yes, failed",No,Good
47,Male,Student,North America,Instagram,1,1.8,24,Every night,11,Passing time/boredom,5.6,11,5,6,3,6,6,4,3,No,No,No,Moderate
13,Female,Part-time employed,North America,TikTok,2,5.1,58,Never,9,News/information,8.4,18,10,6,1,5,8,8,5,Yes,No,No,At-risk
16,Prefer not to say,Part-time employed,North America,Instagram,4,4.7,42,Sometimes,22,Passing time/boredom,6.5,13,11,5,9,4,5,6,2,No,"Yes, succeeded",No,Moderate
21,Male,Full-time employed,Asia,YouTube,3,0.3,6,Sometimes,7,Entertainment,7.1,6,2,9,3,8,2,2,1,No,"Yes, failed",No,Good
32,Male,Student,Asia,TikTok,2,2.6,48,Sometimes,33,Entertainment,7.1,11,8,9,5,8,2,6,3,No,"Yes, failed",Yes,Moderate
37,Female,Student,Europe,Facebook,5,2.8,41,Sometimes,1,Connection with friends,7.0,14,3,8,4,7,2,6,1,Yes,No,No,Moderate
28,Male,Self-employed,Europe,YouTube,6,1.8,28,Every night,12,Work/career,6.6,12,6,6,6,9,1,1,1,No,"Yes, failed",No,Moderate
29,Male,Student,Asia,X/Twitter,2,6.6,191,Often,3,Connection with friends,7.1,18,0,6,6,1,6,8,3,No,"Yes, failed",No,At-risk
24,Male,Student,Africa,X/Twitter,5,3.2,56,Every night,21,Content creation,7.1,12,0,6,5,7,8,4,5,Yes,No,Considering it,Moderate
33,Male,Part-time employed,Latin America,Instagram,4,3.0,57,Sometimes,9,Connection with friends,7.3,13,6,9,4,7,7,5,3,No,No,Considering it,Moderate
35,Male,Part-time employed,Europe,Instagram,4,3.9,36,Never,33,Connection with friends,8.5,8,0,6,3,5,4,3,5,No,"Yes, failed",No,Good
26,Male,Full-time employed,North America,X/Twitter,8,3.7,93,Sometimes,21,Connection with friends,6.6,17,4,7,3,5,6,7,2,Yes,No,Considering it,At-risk
25,Male,Full-time employed,Asia,Instagram,3,0.9,29,Often,61,Work/career,6.9,14,9,8,3,5,1,4,4,No,No,No,Moderate
25,Male,Unemployed,Asia,Snapchat,3,6.8,68,Every night,9,Content creation,6.6,22,0,8,6,6,6,6,1,No,No,No,At-risk
19,Female,Student,North America,YouTube,3,2.3,101,Often,23,Entertainment,6.8,4,8,10,7,9,6,4,3,No,No,No,Good
22,Female,Student,Europe,YouTube,1,7.1,61,Often,12,Content creation,6.1,15,0,6,9,6,4,9,3,No,"Yes, failed",No,Moderate
30,Male,Student,Europe,X/Twitter,5,2.7,28,Never,6,Connection with friends,8.3,7,6,9,2,6,2,8,3,Yes,"Yes, failed",Yes,Good
31,Female,Part-time employed,North America,LinkedIn,2,0.7,6,Often,10,Entertainment,7.3,8,0,8,3,9,3,6,4,No,No,Yes,Good
40,Male,Full-time employed,North America,Instagram,6,4.0,61,Sometimes,15,Entertainment,6.5,19,0,5,5,5,8,7,1,No,No,Yes,At-risk
24,Female,Full-time employed,North America,YouTube,8,2.0,32,Often,18,Passing time/boredom,6.9,12,12,6,3,7,1,5,2,No,No,No,Moderate
37,Male,Unemployed,Latin America,Facebook,4,3.3,72,Sometimes,21,Entertainment,7.1,19,0,7,3,4,7,7,3,Yes,No,No,At-risk
51,Female,Student,North America,YouTube,1,2.0,48,Often,16,Entertainment,6.8,4,6,7,5,6,4,7,2,No,"Yes, failed",No,Good
30,Female,Part-time employed,Asia,TikTok,5,2.3,41,Every night,23,Connection with friends,7.0,10,0,7,2,4,2,6,0,No,"Yes, failed",Considering it,Moderate
35,Male,Full-time employed,North America,Facebook,5,1.1,24,Never,37,Connection with friends,8.0,14,9,9,4,7,4,3,4,No,"Yes, failed",No,Moderate
35,Female,Full-time employed,Europe,YouTube,2,4.4,81,Often,3,Entertainment,6.9,15,5,7,7,6,1,5,3,Yes,No,Yes,Moderate
43,Female,Full-time employed,North America,YouTube,1,2.3,84,Often,21,News/information,7.2,17,0,7,1,8,4,6,3,No,No,No,At-risk
29,Male,Student,North America,Reddit,3,2.6,29,Sometimes,14,News/information,7.9,14,0,5,2,7,7,2,3,No,"Yes, failed",No,Moderate
22,Male,Full-time employed,Oceania,Instagram,1,2.1,22,Every night,36,Connection with friends,5.8,12,2,8,1,7,4,3,5,No,No,No,Moderate
47,Female,Full-time employed,North America,Instagram,3,1.1,8,Every night,13,Content creation,6.6,13,10,7,1,9,7,5,2,No,No,No,Moderate
36,Prefer not to say,Retired,Asia,TikTok,1,1.9,82,Often,8,Entertainment,6.3,10,2,6,7,7,4,1,3,Yes,"Yes, failed",Yes,Moderate
32,Female,Part-time employed,North America,Reddit,2,1.4,21,Sometimes,28,Work/career,8.6,9,5,9,1,7,4,5,7,No,"Yes, failed",No,Good
37,Female,Full-time employed,Europe,Instagram,4,6.5,174,Sometimes,0,Passing time/boredom,6.3,15,3,5,4,6,4,9,1,No,No,No,Moderate
13,Female,Student,Asia,Instagram,3,4.0,63,Often,23,Passing time/boredom,7.9,8,1,5,4,5,4,6,4,No,No,No,Good
25,Female,Full-time employed,Asia,Instagram,3,2.7,28,Sometimes,4,Entertainment,7.0,10,1,8,6,8,1,6,5,Yes,No,Yes,Moderate
19,Male,Full-time employed,North America,Facebook,2,2.4,41,Often,17,Connection with friends,7.1,11,5,8,4,7,3,6,4,No,"Yes, failed",No,Moderate
44,Male,Student,Asia,Facebook,5,3.9,58,Every night,29,Passing time/boredom,5.8,21,0,8,5,5,4,6,3,No,No,No,At-risk
13,Female,Part-time employed,Africa,LinkedIn,1,1.1,6,Sometimes,24,Content creation,7.8,4,7,8,5,7,3,5,2,No,"Yes, failed",Considering it,Good
31,Female,Full-time employed,Europe,YouTube,3,2.0,22,Often,46,Entertainment,6.8,18,3,8,3,5,5,6,3,Yes,No,No,At-risk
36,Male,Full-time employed,Europe,YouTube,3,3.5,27,Sometimes,8,Content creation,7.9,19,4,5,10,5,5,5,2,No,"Yes, failed",No,At-risk
14,Male,Full-time employed,Asia,LinkedIn,4,6.5,134,Often,22,Content creation,6.0,24,0,7,9,5,1,6,4,No,"Yes, succeeded",Yes,At-risk
38,Female,Part-time employed,Europe,Instagram,2,2.3,65,Often,22,Entertainment,7.6,6,11,6,7,6,3,6,3,No,"Yes, failed",No,Moderate
36,Male,Student,Asia,X/Twitter,2,3.1,89,Every night,33,Connection with friends,6.4,18,7,7,7,5,5,6,3,No,No,No,At-risk
32,Male,Student,North America,Instagram,2,4.0,64,Sometimes,24,Connection with friends,6.5,21,8,6,5,5,2,5,3,Yes,"Yes, failed",Considering it,At-risk
22,Female,Retired,Asia,Facebook,2,4.2,86,Often,20,News/information,5.6,2,4,5,5,7,9,4,2,Yes,"Yes, failed",No,Good
24,Female,Full-time employed,Asia,TikTok,2,2.3,21,Often,5,Work/career,8.1,12,2,8,8,6,10,6,1,No,"Yes, failed",No,Moderate
35,Female,Student,Latin America,YouTube,3,2.4,6,Every night,9,News/information,5.4,6,3,5,3,5,4,6,4,No,"Yes, failed",Yes,Good
13,Female,Full-time employed,Asia,YouTube,4,5.7,22,Never,45,Connection with friends,8.4,18,2,7,3,3,8,5,3,No,"Yes, failed",No,At-risk
15,Female,Full-time employed,Europe,Instagram,6,3.5,80,Often,14,Passing time/boredom,5.9,6,1,3,5,4,5,6,5,No,No,No,Good
46,Male,Part-time employed,North America,Snapchat,4,5.1,27,Never,18,Entertainment,8.6,20,2,7,4,8,6,9,7,No,"Yes, succeeded",Yes,At-risk
24,Female,Self-employed,Asia,Facebook,2,3.7,145,Sometimes,19,Entertainment,7.2,6,0,7,5,9,4,10,4,No,No,No,Good
32,Female,Full-time employed,Africa,TikTok,5,1.4,34,Often,7,Connection with friends,7.2,11,0,6,7,5,10,3,2,Yes,"Yes, failed",No,Moderate
27,Non-binary,Full-time employed,Europe,TikTok,5,9.6,52,Often,10,Passing time/boredom,5.4,16,3,4,8,4,4,10,2,Yes,"Yes, succeeded",No,Moderate
38,Female,Full-time employed,Europe,Instagram,2,3.8,40,Every night,17,Entertainment,5.2,6,0,7,6,6,5,4,0,No,"Yes, failed",Yes,Good
31,Female,Full-time employed,Africa,Instagram,3,0.6,14,Often,26,Connection with friends,8.9,7,0,10,5,6,5,8,3,No,"Yes, failed",No,Good
51,Female,Full-time employed,Africa,TikTok,2,1.2,7,Often,8,Content creation,7.4,10,8,6,4,10,5,5,1,Yes,No,No,Moderate
29,Male,Student,North America,Instagram,2,0.9,21,Sometimes,7,Entertainment,7.8,11,8,7,3,4,7,4,3,No,No,Considering it,Moderate
14,Male,Full-time employed,Asia,Instagram,2,1.0,27,Sometimes,47,Connection with friends,8.0,9,5,8,6,6,3,4,4,No,"Yes, failed",No,Good
31,Female,Student,Africa,YouTube,2,3.1,62,Sometimes,15,News/information,8.7,17,0,8,5,5,6,5,1,Yes,"Yes, failed",Considering it,At-risk
40,Non-binary,Part-time employed,Europe,YouTube,1,4.1,98,Never,12,Content creation,7.8,8,4,7,6,8,6,6,3,No,No,No,Good
43,Female,Full-time employed,Asia,YouTube,5,4.7,53,Sometimes,12,News/information,7.6,14,0,6,3,6,6,4,3,No,"Yes, failed",No,Moderate
32,Male,Unemployed,Europe,Snapchat,1,3.8,91,Sometimes,17,Connection with friends,6.0,9,6,8,6,7,6,5,4,Yes,"Yes, succeeded",Considering it,Good
33,Female,Self-employed,North America,TikTok,2,2.5,55,Sometimes,5,News/information,7.5,10,7,7,6,3,5,3,3,No,No,No,Moderate
48,Female,Student,North America,Facebook,3,4.2,230,Often,29,Connection with friends,7.2,17,0,7,8,5,3,4,1,No,"Yes, failed",No,At-risk
29,Female,Unemployed,North America,Instagram,2,1.3,13,Sometimes,25,Connection with friends,7.2,6,3,8,4,7,3,7,5,No,No,No,Good
34,Male,Full-time employed,Europe,Reddit,1,3.2,102,Never,19,Connection with friends,8.2,14,5,8,7,7,4,6,2,No,"Yes, failed",No,Moderate
42,Male,Full-time employed,North America,YouTube,1,6.7,98,Every night,7,Passing time/boredom,5.4,19,0,3,6,4,7,7,4,No,No,Considering it,At-risk
27,Female,Unemployed,North America,YouTube,3,4.4,48,Sometimes,6,News/information,7.0,10,0,7,1,7,7,6,4,No,"Yes, failed",No,Moderate
52,Female,Unemployed,North America,Instagram,3,4.5,50,Sometimes,31,Content creation,7.3,20,5,6,7,2,7,6,4,No,"Yes, failed",No,At-risk
32,Male,Full-time employed,Latin America,TikTok,4,1.4,12,Every night,25,Work/career,7.1,2,0,4,3,7,2,9,4,No,"Yes, failed",Considering it,Good
41,Male,Full-time employed,North America,Snapchat,1,5.3,100,Often,27,Entertainment,8.0,19,4,7,3,6,4,3,4,Yes,No,Considering it,At-risk
13,Female,Full-time employed,Europe,YouTube,4,2.9,79,Every night,16,Passing time/boredom,6.0,7,2,6,7,3,5,5,3,No,"Yes, succeeded",No,Good
48,Female,Full-time employed,Latin America,TikTok,1,0.4,9,Every night,17,Entertainment,6.9,15,8,10,4,7,1,1,2,Yes,No,No,Moderate
52,Female,Student,Asia,TikTok,3,4.5,153,Every night,19,Connection with friends,6.9,14,0,5,4,6,5,4,2,No,No,Yes,Moderate
32,Female,Student,Africa,Instagram,3,2.7,60,Never,25,Work/career,8.4,10,8,8,8,6,2,3,5,No,No,No,Moderate
29,Male,Full-time employed,Europe,Instagram,4,3.5,30,Every night,26,Entertainment,6.6,10,1,6,5,5,4,6,4,No,No,No,Moderate
13,Male,Part-time employed,Europe,Reddit,3,7.0,109,Often,30,Connection with friends,5.1,14,0,7,8,5,4,8,2,No,No,No,Moderate
54,Female,Student,North America,TikTok,2,4.2,58,Sometimes,57,News/information,6.7,18,0,6,3,6,7,3,3,No,"Yes, failed",No,At-risk
23,Female,Full-time employed,Latin America,Instagram,1,1.8,46,Sometimes,39,Work/career,8.0,8,0,7,2,6,1,5,2,No,"Yes, failed",No,Good
20,Female,Student,Europe,Instagram,6,3.1,132,Often,12,Connection with friends,5.2,13,2,5,1,9,5,4,4,Yes,"Yes, failed",No,Moderate
13,Female,Full-time employed,Asia,Instagram,4,2.5,12,Often,34,Connection with friends,8.2,13,3,10,5,6,3,5,1,No,"Yes, succeeded",Considering it,Moderate
21,Female,Full-time employed,North America,YouTube,2,1.2,37,Sometimes,30,News/information,8.1,13,2,6,4,6,5,5,3,No,"Yes, succeeded",Yes,Moderate
29,Female,Retired,North America,X/Twitter,4,8.1,92,Sometimes,29,News/information,6.6,17,0,5,8,6,5,3,1,No,"Yes, failed",No,At-risk
14,Non-binary,Retired,Europe,Facebook,6,2.7,39,Often,8,Connection with friends,7.7,0,1,6,5,4,7,5,4,Yes,"Yes, failed",No,Good
37,Male,Unemployed,Latin America,YouTube,1,2.7,75,Often,34,Passing time/boredom,7.3,12,5,5,5,8,5,7,2,No,No,Considering it,Moderate
22,Female,Full-time employed,Europe,TikTok,6,6.0,61,Often,3,News/information,5.0,11,2,7,8,7,3,10,2,Yes,"Yes, failed",No,Moderate
27,Female,Student,Europe,Instagram,7,2.8,91,Often,43,Entertainment,8.5,17,5,8,3,3,8,6,2,Yes,"Yes, failed",Yes,At-risk
18,Female,Part-time employed,North America,TikTok,3,4.2,47,Often,28,Entertainment,6.9,11,5,7,2,5,4,8,1,No,"Yes, succeeded",No,Moderate
19,Female,Self-employed,Asia,TikTok,4,3.7,87,Never,40,News/information,7.8,7,3,4,3,5,5,5,2,No,No,No,Good
33,Non-binary,Student,Asia,Reddit,5,1.3,16,Often,15,Entertainment,6.8,12,3,7,3,6,5,2,2,No,"Yes, failed",No,Moderate
17,Female,Full-time employed,North America,TikTok,1,2.4,76,Every night,2,News/information,5.6,13,1,7,8,5,6,6,3,Yes,No,Yes,Moderate
31,Female,Student,Asia,TikTok,4,3.8,16,Sometimes,21,Entertainment,7.9,11,11,4,7,5,5,4,3,No,"Yes, failed",Considering it,Moderate
34,Male,Student,Europe,LinkedIn,7,1.9,28,Often,31,Entertainment,6.2,10,2,6,4,7,2,4,2,No,No,No,Moderate
26,Female,Full-time employed,North America,Reddit,5,4.4,47,Never,27,Entertainment,7.3,13,4,5,4,2,6,2,3,Yes,"Yes, failed",Considering it,Moderate
48,Female,Part-time employed,Europe,YouTube,3,3.4,57,Every night,5,Entertainment,6.3,17,3,5,3,5,7,7,1,No,No,Considering it,At-risk
35,Female,Student,Europe,Snapchat,5,4.7,108,Sometimes,11,Passing time/boredom,6.2,13,5,6,1,6,6,8,3,Yes,"Yes, succeeded",No,Moderate
29,Female,Student,Europe,X/Twitter,5,1.3,25,Sometimes,38,Entertainment,7.0,11,7,7,5,8,8,4,1,No,No,Considering it,Moderate
18,Male,Full-time employed,Africa,YouTube,7,3.0,69,Often,10,Connection with friends,6.2,9,0,7,4,4,5,6,4,No,"Yes, failed",Yes,Good
30,Female,Part-time employed,Asia,LinkedIn,5,9.0,134,Often,1,News/information,5.8,23,0,6,7,5,9,7,1,Yes,No,Yes,At-risk
31,Female,Student,Asia,Facebook,3,0.7,15,Sometimes,26,Passing time/boredom,7.5,4,11,9,3,6,4,6,3,No,No,No,Moderate
31,Female,Unemployed,Europe,YouTube,5,4.2,65,Every night,22,Content creation,6.3,11,0,6,6,5,8,5,1,Yes,No,No,Moderate
28,Female,Full-time employed,North America,YouTube,4,5.4,140,Often,14,Connection with friends,6.2,15,2,5,6,4,3,7,2,Yes,"Yes, succeeded",Yes,Moderate
20,Female,Student,Europe,Reddit,3,1.8,37,Every night,19,Entertainment,4.8,16,0,8,6,6,1,2,2,No,No,Yes,Moderate
36,Male,Full-time employed,Asia,Snapchat,5,1.8,38,Often,27,Connection with friends,7.3,17,5,7,5,9,4,4,3,No,"Yes, failed",Considering it,At-risk
25,Female,Part-time employed,Asia,Instagram,5,1.0,25,Never,2,News/information,6.8,8,6,8,8,8,4,1,3,Yes,No,Yes,Good
21,Male,Full-time employed,Latin America,Instagram,2,3.4,62,Sometimes,40,Passing time/boredom,8.4,18,3,6,8,9,8,4,4,Yes,"Yes, succeeded",No,At-risk
21,Female,Student,Asia,Reddit,4,3.6,46,Often,9,Entertainment,5.7,9,4,7,2,5,1,7,1,No,"Yes, succeeded",No,Good
33,Female,Full-time employed,Asia,Reddit,2,0.8,13,Every night,60,Entertainment,6.4,9,5,5,4,9,2,6,4,No,"Yes, succeeded",No,Good
38,Female,Student,Europe,YouTube,2,2.6,36,Every night,10,Entertainment,6.0,12,1,6,6,5,5,3,3,Yes,No,No,Moderate
13,Female,Full-time employed,Asia,YouTube,6,4.3,146,Every night,9,Entertainment,6.9,12,8,7,2,3,4,4,4,Yes,No,Yes,Moderate
34,Male,Part-time employed,Asia,Facebook,4,1.1,5,Never,22,Entertainment,7.3,9,5,6,4,6,2,6,5,No,No,Considering it,Good
20,Male,Part-time employed,Asia,YouTube,4,3.2,78,Every night,16,Entertainment,5.4,18,6,9,5,5,6,4,3,No,"Yes, failed",Yes,At-risk
35,Female,Student,North America,Instagram,4,3.7,30,Never,10,Passing time/boredom,8.3,6,6,6,4,6,3,6,3,Yes,No,No,Good
36,Female,Student,Europe,YouTube,5,2.6,35,Sometimes,57,Connection with friends,6.9,13,0,6,6,8,7,1,2,No,No,No,Moderate
35,Female,Full-time employed,Latin America,TikTok,3,4.5,107,Every night,24,Entertainment,5.7,15,0,7,5,5,3,5,2,No,No,No,Moderate
46,Female,Full-time employed,Europe,Instagram,7,0.8,9,Never,26,News/information,7.3,7,11,7,1,8,3,5,2,No,No,Considering it,Moderate
31,Female,Full-time employed,North America,YouTube,4,3.6,81,Never,16,News/information,6.9,11,3,6,2,6,2,5,0,Yes,No,Considering it,Moderate
31,Male,Full-time employed,North America,YouTube,3,2.1,32,Every night,28,Connection with friends,6.6,19,2,8,8,5,4,4,5,No,"Yes, failed",No,At-risk
37,Male,Student,Asia,X/Twitter,5,3.3,12,Sometimes,21,Entertainment,8.4,16,0,10,5,7,3,4,2,No,No,No,Moderate
36,Non-binary,Unemployed,Europe,Reddit,4,0.2,5,Every night,10,Connection with friends,8.0,13,0,10,1,10,2,5,3,No,"Yes, succeeded",No,Moderate
20,Male,Student,North America,Reddit,2,1.5,20,Sometimes,24,Entertainment,7.0,4,0,6,3,9,3,5,4,No,No,Considering it,Good
23,Female,Self-employed,Asia,TikTok,1,1.2,19,Sometimes,18,Passing time/boredom,6.7,7,0,6,1,10,3,5,2,Yes,"Yes, failed",No,Good
14,Male,Student,Europe,YouTube,4,2.6,26,Sometimes,47,Entertainment,6.3,9,7,7,3,5,3,2,2,Yes,No,No,Good
22,Female,Student,North America,TikTok,1,1.4,21,Sometimes,4,Entertainment,6.3,7,1,7,6,5,5,5,3,No,"Yes, failed",No,Good
17,Male,Student,Asia,TikTok,4,4.4,59,Sometimes,10,Entertainment,6.1,12,0,5,3,2,3,5,3,Yes,"Yes, succeeded",No,Moderate
40,Male,Full-time employed,Europe,TikTok,3,2.9,12,Often,23,Entertainment,7.7,17,0,8,8,5,6,6,3,No,No,Considering it,At-risk
39,Female,Full-time employed,Europe,X/Twitter,4,4.1,23,Every night,19,Connection with friends,5.7,15,0,9,6,4,5,2,2,No,No,Yes,Moderate
13,Female,Part-time employed,North America,TikTok,6,3.0,30,Often,9,Passing time/boredom,6.4,12,0,6,4,5,1,7,3,Yes,No,Yes,Moderate
21,Female,Student,Europe,TikTok,5,3.9,143,Never,6,Entertainment,7.5,8,3,8,6,9,5,7,0,Yes,No,Yes,Good
43,Non-binary,Full-time employed,North America,Reddit,6,1.4,17,Sometimes,20,Connection with friends,7.4,14,6,6,4,4,3,4,2,No,No,No,Moderate
34,Female,Student,Europe,TikTok,2,4.0,107,Sometimes,20,Entertainment,7.3,13,8,8,7,8,9,3,2,No,"Yes, failed",No,Moderate
41,Male,Student,Europe,TikTok,4,5.8,40,Often,33,Entertainment,7.0,15,3,6,7,4,5,6,3,Yes,No,No,Moderate
18,Male,Student,Asia,Instagram,1,3.4,83,Sometimes,14,Entertainment,6.4,11,3,8,2,5,6,7,3,Yes,"Yes, failed",Considering it,Moderate
29,Female,Student,Europe,X/Twitter,6,2.2,27,Sometimes,7,Connection with friends,7.5,6,4,5,3,6,4,5,2,No,"Yes, failed",Considering it,Good
26,Male,Full-time employed,North America,YouTube,2,4.5,22,Sometimes,27,Content creation,6.0,12,7,6,3,6,4,7,4,Yes,No,Yes,Moderate
13,Male,Student,Africa,YouTube,4,1.2,5,Often,17,Entertainment,6.7,2,0,7,1,7,4,3,6,No,No,Considering it,Good
36,Female,Student,Asia,Snapchat,3,0.9,16,Sometimes,12,Entertainment,7.7,10,9,4,3,7,4,6,1,Yes,No,No,Moderate
48,Male,Self-employed,Europe,Reddit,3,6.9,51,Sometimes,11,Connection with friends,5.9,17,0,5,5,6,6,6,2,No,No,No,At-risk
30,Female,Student,Asia,Instagram,2,9.8,134,Sometimes,30,Entertainment,6.2,22,0,8,6,5,5,9,4,No,No,No,At-risk
30,Female,Student,Oceania,Instagram,5,7.1,190,Sometimes,12,Entertainment,6.5,17,4,4,6,2,3,7,3,No,No,No,At-risk
39,Male,Student,North America,Instagram,7,4.7,164,Every night,7,News/information,5.4,18,4,10,2,4,9,6,4,No,No,Yes,At-risk
33,Male,Student,Asia,TikTok,3,3.2,59,Often,27,News/information,6.4,11,1,5,7,7,9,3,3,No,No,No,Moderate
28,Male,Student,Africa,YouTube,7,2.9,63,Every night,54,Passing time/boredom,6.9,9,0,7,6,5,4,4,2,Yes,No,No,Good
30,Male,Full-time employed,Asia,Instagram,1,3.4,44,Sometimes,24,News/information,5.7,4,4,7,3,4,5,6,2,No,No,No,Good
41,Male,Student,Europe,Instagram,3,4.8,39,Often,44,Passing time/boredom,6.4,18,6,6,3,5,5,5,4,No,No,No,At-risk
27,Female,Full-time employed,Latin America,Instagram,3,1.2,55,Never,15,Entertainment,7.8,10,7,5,4,7,2,2,3,No,No,No,Moderate
33,Female,Full-time employed,Asia,Instagram,6,1.9,26,Often,10,Entertainment,6.7,7,3,7,5,8,2,3,2,No,"Yes, failed",No,Good
34,Female,Student,Asia,TikTok,3,2.3,28,Sometimes,32,Passing time/boredom,7.5,16,7,8,4,3,2,3,2,No,No,No,Moderate
29,Male,Unemployed,Europe,Reddit,1,2.2,27,Every night,18,Connection with friends,6.2,12,0,7,5,5,6,7,3,No,"Yes, failed",No,Moderate
23,Male,Part-time employed,Europe,YouTube,1,1.2,19,Every night,9,Passing time/boredom,6.7,5,7,7,6,5,6,1,3,Yes,"Yes, failed",Considering it,Good
26,Male,Student,North America,TikTok,1,3.3,46,Sometimes,14,Content creation,8.5,6,13,8,4,6,4,5,1,No,"Yes, succeeded",Yes,Moderate
29,Male,Full-time employed,Asia,Facebook,4,1.2,20,Sometimes,13,Connection with friends,7.7,3,12,7,3,10,1,8,2,No,"Yes, failed",Considering it,Moderate
23,Female,Part-time employed,Asia,Snapchat,4,1.5,57,Every night,4,Work/career,6.8,2,8,8,3,7,2,3,3,No,No,No,Good
26,Female,Unemployed,Asia,Facebook,3,3.9,218,Every night,16,Content creation,5.7,14,3,8,2,5,5,4,3,No,"Yes, failed",No,Moderate
28,Male,Full-time employed,Europe,TikTok,2,3.7,168,Often,12,Content creation,6.6,13,4,8,4,6,3,5,2,No,No,No,Moderate
47,Male,Full-time employed,Europe,TikTok,1,4.4,123,Sometimes,10,Passing time/boredom,8.3,12,4,5,8,5,6,6,3,No,"Yes, failed",No,Moderate
38,Male,Full-time employed,North America,YouTube,6,6.0,67,Sometimes,10,Entertainment,6.9,14,4,5,2,9,6,3,5,No,"Yes, failed",Considering it,Moderate
51,Male,Full-time employed,Oceania,Instagram,6,5.7,116,Never,1,Entertainment,7.1,14,3,8,6,7,3,9,3,No,"Yes, succeeded",Considering it,Moderate
33,Male,Full-time employed,North America,TikTok,5,6.9,242,Never,19,Connection with friends,7.1,21,0,7,5,7,10,10,2,Yes,No,No,At-risk
36,Male,Full-time employed,Latin America,TikTok,3,3.0,60,Often,12,Entertainment,7.1,11,4,9,2,7,6,6,1,No,No,No,Moderate
26,Male,Student,Asia,Facebook,2,5.4,73,Often,3,Connection with friends,6.3,13,1,7,3,6,8,5,2,No,No,No,Moderate
33,Female,Student,Asia,YouTube,4,4.1,131,Sometimes,19,Passing time/boredom,7.3,9,0,8,4,4,5,5,4,No,"Yes, failed",Considering it,Good
25,Male,Part-time employed,North America,Instagram,2,5.0,42,Sometimes,5,Connection with friends,6.5,20,0,4,4,4,7,4,3,No,No,Considering it,At-risk
49,Male,Full-time employed,Europe,Reddit,4,3.2,13,Often,30,Passing time/boredom,6.1,13,0,9,3,7,1,6,2,No,No,No,Moderate
19,Non-binary,Full-time employed,Latin America,Instagram,4,4.4,99,Sometimes,16,Entertainment,6.9,16,0,6,2,8,3,5,2,No,"Yes, succeeded",No,Moderate
32,Non-binary,Part-time employed,North America,Instagram,4,1.8,17,Sometimes,17,Entertainment,8.4,11,4,7,4,4,2,3,3,No,"Yes, failed",No,Moderate
52,Male,Full-time employed,Asia,Reddit,2,2.1,10,Sometimes,24,Connection with friends,7.7,4,6,10,1,8,4,6,1,No,"Yes, failed",Yes,Good
25,Male,Retired,North America,YouTube,1,1.6,34,Never,9,Entertainment,6.3,6,7,9,7,8,1,9,3,No,"Yes, succeeded",No,Good
30,Female,Student,Europe,YouTube,2,4.0,44,Often,12,Content creation,5.7,18,0,7,4,9,7,3,3,No,No,No,At-risk
44,Female,Student,Asia,Instagram,3,1.7,15,Never,9,News/information,8.5,12,2,9,1,9,1,5,1,No,"Yes, failed",No,Moderate
22,Male,Student,Europe,YouTube,2,2.6,11,Often,21,Passing time/boredom,7.3,9,6,6,5,5,6,2,2,No,"Yes, failed",No,Good
20,Female,Full-time employed,Asia,Instagram,1,4.0,57,Often,55,News/information,8.4,8,8,5,8,7,10,10,5,No,"Yes, failed",Considering it,Good
13,Male,Student,Asia,YouTube,3,2.9,86,Sometimes,26,Entertainment,7.0,10,5,7,5,8,3,7,4,No,"Yes, failed",No,Moderate
37,Female,Student,Asia,YouTube,2,5.0,40,Often,3,Passing time/boredom,7.0,17,0,10,5,4,5,10,4,No,"Yes, failed",No,At-risk
42,Male,Unemployed,Asia,X/Twitter,5,1.7,13,Sometimes,12,Entertainment,8.4,8,9,6,2,10,2,4,2,No,"Yes, failed",No,Good
34,Male,Student,Europe,LinkedIn,8,1.5,48,Never,15,Content creation,8.3,6,2,10,3,8,6,4,3,No,No,No,Good
40,Male,Student,North America,Instagram,5,3.1,14,Every night,12,Entertainment,5.0,18,0,6,2,7,4,4,2,No,"Yes, succeeded",Yes,At-risk
48,Male,Part-time employed,Europe,Instagram,3,5.0,50,Sometimes,3,Work/career,6.6,10,4,7,5,7,8,4,2,Yes,"Yes, succeeded",Considering it,Moderate
21,Female,Student,Asia,Instagram,2,1.8,71,Sometimes,10,Entertainment,7.5,10,0,6,1,8,5,7,4,No,No,Considering it,Moderate
19,Female,Full-time employed,Asia,Instagram,5,2.5,33,Sometimes,3,Connection with friends,6.3,12,2,7,4,7,4,4,2,Yes,No,No,Moderate
15,Prefer not to say,Full-time employed,Asia,YouTube,4,4.5,22,Never,19,Work/career,8.2,16,0,7,7,9,8,7,3,No,"Yes, succeeded",Yes,Moderate
38,Male,Full-time employed,Asia,Reddit,1,2.2,68,Sometimes,12,Passing time/boredom,7.3,10,2,6,6,7,3,3,4,No,No,No,Moderate
35,Female,Student,Europe,TikTok,4,4.5,235,Often,3,Connection with friends,7.2,15,5,6,7,6,3,6,2,Yes,"Yes, failed",Considering it,Moderate
27,Male,Full-time employed,North America,Snapchat,1,3.1,22,Never,27,News/information,7.4,10,6,7,5,6,5,8,2,No,"Yes, succeeded",Yes,Moderate
24,Male,Full-time employed,North America,TikTok,3,2.8,53,Never,11,Connection with friends,6.4,10,12,7,1,2,4,10,2,No,"Yes, failed",No,Moderate
28,Female,Unemployed,Europe,TikTok,5,4.4,115,Often,8,Connection with friends,6.2,17,0,7,9,7,1,9,3,Yes,No,No,At-risk
58,Female,Retired,Africa,TikTok,1,5.0,70,Sometimes,33,Passing time/boredom,5.8,12,0,6,4,5,6,5,2,No,"Yes, failed",No,Moderate
30,Female,Student,Asia,X/Twitter,1,1.0,9,Every night,4,News/information,6.6,17,10,8,7,8,2,6,2,Yes,No,Considering it,At-risk
21,Female,Full-time employed,Asia,Instagram,5,7.5,177,Sometimes,36,Entertainment,6.7,17,2,7,6,9,6,6,3,Yes,No,No,At-risk
20,Male,Student,Asia,TikTok,5,2.6,82,Often,30,News/information,7.2,9,1,7,2,5,4,4,4,No,No,No,Good
34,Male,Student,Africa,Instagram,4,2.8,37,Often,12,Entertainment,6.6,21,5,7,2,7,4,5,5,No,No,Considering it,At-risk
39,Female,Student,North America,Instagram,1,3.0,44,Sometimes,80,Entertainment,8.4,3,6,10,3,4,1,5,3,Yes,No,Yes,Good
42,Female,Student,Asia,YouTube,1,3.7,20,Often,31,Entertainment,7.2,14,0,6,5,5,3,7,3,No,No,No,Moderate
52,Male,Full-time employed,North America,Snapchat,7,5.9,70,Sometimes,13,Connection with friends,6.6,15,0,8,4,3,1,6,2,No,No,No,Moderate
21,Female,Unemployed,Asia,YouTube,5,1.0,21,Often,18,News/information,9.3,8,9,10,6,9,5,4,2,No,No,No,Good
29,Female,Student,Asia,Instagram,1,4.8,90,Never,33,Connection with friends,6.8,11,0,8,7,8,3,5,5,No,No,No,Moderate
38,Male,Retired,Asia,TikTok,4,7.2,138,Sometimes,6,Entertainment,6.1,19,0,6,5,9,4,7,0,No,No,Considering it,At-risk
35,Male,Student,Asia,Instagram,4,0.6,5,Sometimes,12,Entertainment,7.5,5,7,9,1,10,4,5,4,Yes,No,No,Good
31,Female,Retired,Asia,TikTok,1,7.4,104,Never,10,Work/career,5.9,12,1,4,4,6,9,7,1,No,No,Considering it,Moderate
19,Female,Student,Europe,TikTok,1,1.5,5,Sometimes,23,Entertainment,6.9,15,7,8,6,8,1,3,3,Yes,"Yes, failed",No,Moderate
26,Female,Full-time employed,Asia,YouTube,1,1.1,12,Sometimes,71,Passing time/boredom,7.9,13,8,5,3,7,5,7,4,No,No,No,Moderate
27,Female,Student,Latin America,X/Twitter,3,4.1,138,Every night,16,Connection with friends,6.7,14,4,8,2,7,3,7,3,No,No,Considering it,Moderate
31,Male,Student,Europe,Reddit,4,2.3,43,Often,69,Entertainment,6.8,7,1,7,2,6,4,5,2,No,"Yes, succeeded",No,Good
35,Male,Full-time employed,North America,Reddit,4,4.9,63,Every night,14,Passing time/boredom,6.1,10,0,9,5,3,1,6,3,Yes,"Yes, failed",No,Moderate
20,Male,Full-time employed,Europe,Instagram,2,6.2,108,Often,18,Entertainment,5.7,10,0,5,9,8,8,4,2,No,No,No,Moderate
29,Female,Student,Asia,Facebook,2,4.5,161,Sometimes,36,Connection with friends,6.0,7,10,1,4,5,5,7,2,Yes,"Yes, failed",No,Moderate
24,Male,Student,Africa,X/Twitter,3,3.8,81,Often,10,Content creation,6.7,8,0,4,7,7,5,7,3,Yes,"Yes, failed",Yes,Good
33,Female,Student,North America,Snapchat,3,2.6,78,Often,19,Connection with friends,6.4,10,12,9,3,9,6,6,4,No,"Yes, failed",Yes,Moderate
28,Female,Full-time employed,Asia,X/Twitter,1,2.5,30,Sometimes,22,Entertainment,7.8,8,11,8,4,6,3,8,2,No,"Yes, failed",Considering it,Moderate
29,Female,Full-time employed,Asia,Instagram,1,1.2,18,Often,15,Passing time/boredom,6.8,0,5,9,4,9,6,7,3,Yes,"Yes, failed",No,Good
44,Male,Student,North America,TikTok,5,1.2,18,Often,11,Entertainment,7.9,7,3,9,7,5,3,2,3,Yes,No,No,Good
27,Male,Student,Europe,Instagram,3,2.8,48,Sometimes,15,Passing time/boredom,6.9,6,2,9,3,3,4,5,4,No,No,Yes,Good
31,Female,Self-employed,Africa,YouTube,4,2.6,41,Often,17,Entertainment,5.9,17,7,6,6,6,5,4,2,Yes,No,No,At-risk
32,Female,Student,North America,TikTok,3,3.2,59,Often,22,Entertainment,7.9,12,2,6,6,3,4,6,3,No,No,No,Moderate
16,Female,Unemployed,North America,YouTube,5,2.9,13,Every night,18,News/information,6.5,9,4,8,3,5,5,6,2,No,"Yes, failed",No,Good
39,Female,Student,Asia,YouTube,3,4.4,101,Often,14,Entertainment,6.7,17,4,6,4,4,5,7,4,No,"Yes, succeeded",No,At-risk
53,Female,Student,Africa,YouTube,3,3.6,141,Every night,9,Content creation,5.8,11,5,7,4,3,9,9,2,No,No,No,Moderate
16,Female,Part-time employed,North America,Instagram,2,2.8,58,Every night,29,Content creation,5.0,14,4,7,6,3,7,4,3,Yes,"Yes, failed",No,Moderate
26,Female,Student,Europe,X/Twitter,1,1.0,28,Never,5,Entertainment,7.5,6,7,4,2,7,1,6,2,Yes,No,Yes,Good
25,Male,Unemployed,North America,X/Twitter,2,3.3,35,Sometimes,5,Connection with friends,7.9,14,3,8,5,8,5,6,2,No,"Yes, succeeded",No,Moderate
39,Male,Full-time employed,Asia,Instagram,4,1.4,14,Often,22,News/information,7.1,14,1,5,1,6,4,6,1,Yes,"Yes, failed",Considering it,Moderate
29,Male,Full-time employed,Europe,TikTok,2,2.5,31,Often,22,Entertainment,5.7,12,1,8,5,7,5,7,3,No,No,Yes,Moderate
21,Prefer not to say,Full-time employed,Asia,Facebook,5,5.3,38,Every night,3,News/information,7.1,15,0,7,7,5,5,6,2,No,No,No,Moderate
22,Male,Full-time employed,Africa,TikTok,5,7.6,139,Often,17,Passing time/boredom,6.3,12,3,8,8,9,6,7,3,No,No,No,Moderate
25,Female,Student,Asia,TikTok,6,4.4,10,Sometimes,29,Work/career,7.2,10,0,6,4,5,2,6,5,No,"Yes, failed",No,Moderate
33,Female,Full-time employed,Europe,Instagram,2,3.7,16,Sometimes,5,Entertainment,7.4,7,2,9,7,6,3,6,3,Yes,No,No,Good
43,Female,Student,Africa,YouTube,2,3.8,67,Every night,19,Passing time/boredom,6.6,11,0,9,8,5,8,6,4,Yes,"Yes, failed",Considering it,Moderate
30,Male,Self-employed,Europe,Reddit,1,0.9,20,Often,6,Connection with friends,6.5,9,6,8,4,7,5,8,2,No,"Yes, succeeded",No,Good
30,Female,Self-employed,North America,YouTube,1,3.2,62,Sometimes,21,Passing time/boredom,8.6,11,3,9,1,8,7,8,3,No,No,No,Moderate
23,Female,Student,North America,Instagram,2,2.4,5,Often,36,News/information,6.4,10,5,9,2,5,4,3,2,No,No,No,Moderate
53,Male,Student,Asia,Instagram,5,6.5,85,Sometimes,53,Entertainment,5.5,21,0,5,5,7,8,5,2,No,No,Yes,At-risk
22,Female,Full-time employed,Latin America,Instagram,4,5.2,44,Sometimes,16,News/information,6.6,18,8,5,5,9,10,4,5,No,"Yes, succeeded",No,At-risk
27,Male,Full-time employed,North America,X/Twitter,5,3.2,81,Sometimes,18,Entertainment,6.7,11,14,8,6,6,2,5,4,Yes,"Yes, failed",No,Moderate
31,Male,Unemployed,Latin America,Instagram,8,1.4,40,Every night,23,Passing time/boredom,5.2,13,4,6,5,4,1,3,2,No,"Yes, failed",No,Moderate
37,Male,Unemployed,Europe,YouTube,8,7.4,147,Sometimes,32,Passing time/boredom,5.6,14,2,4,7,4,6,10,4,No,No,Considering it,Moderate
39,Female,Full-time employed,Asia,Facebook,2,3.2,110,Sometimes,4,Connection with friends,6.8,8,0,8,7,7,7,5,2,No,"Yes, failed",No,Good
26,Female,Student,North America,YouTube,2,1.6,10,Often,11,Entertainment,8.3,7,2,6,2,8,2,4,3,No,No,No,Good
20,Female,Full-time employed,Africa,TikTok,5,3.1,87,Never,22,News/information,7.7,17,7,8,5,6,4,7,3,Yes,"Yes, failed",Yes,At-risk
21,Female,Full-time employed,Asia,TikTok,4,0.6,15,Sometimes,13,Entertainment,8.9,11,7,7,3,5,2,7,3,No,No,Considering it,Moderate
35,Female,Unemployed,Asia,Instagram,5,8.1,109,Never,30,Connection with friends,6.2,21,4,5,5,4,10,6,3,Yes,"Yes, failed",No,At-risk
28,Female,Student,North America,Instagram,6,3.5,44,Never,25,Work/career,8.1,15,2,8,2,5,7,4,3,No,No,No,Moderate
26,Female,Student,Europe,Instagram,6,2.7,45,Often,20,Entertainment,7.1,20,0,6,3,8,4,8,3,No,No,No,At-risk
36,Male,Full-time employed,North America,Facebook,3,5.8,185,Sometimes,3,Connection with friends,7.7,18,0,7,8,3,9,6,2,Yes,No,Yes,At-risk
29,Male,Unemployed,Latin America,Instagram,4,5.6,77,Sometimes,19,News/information,7.6,14,4,5,8,3,7,6,3,Yes,No,No,Moderate
27,Male,Part-time employed,Asia,TikTok,1,1.8,54,Never,4,News/information,7.8,10,9,6,3,5,5,2,5,No,"Yes, succeeded",No,Moderate
32,Female,Self-employed,Europe,X/Twitter,2,2.2,48,Sometimes,15,Connection with friends,7.7,18,5,5,1,7,6,7,4,No,"Yes, succeeded",No,At-risk
31,Male,Student,North America,Snapchat,4,2.7,99,Every night,7,News/information,6.8,13,0,8,6,7,6,3,4,No,No,No,Moderate
33,Male,Part-time employed,Latin America,Instagram,5,2.5,34,Sometimes,21,Work/career,7.7,11,6,5,2,3,6,4,1,No,No,No,Moderate
42,Male,Full-time employed,Asia,TikTok,4,2.8,47,Every night,7,Entertainment,5.4,13,4,7,7,7,5,3,5,No,No,No,Moderate
25,Male,Full-time employed,Europe,YouTube,4,2.3,60,Every night,9,Entertainment,6.2,10,9,6,5,9,4,9,5,No,"Yes, failed",No,Moderate
40,Male,Full-time employed,North America,LinkedIn,3,2.6,57,Every night,18,Passing time/boredom,5.3,11,0,7,7,4,7,4,5,Yes,"Yes, failed",No,Moderate
43,Male,Full-time employed,Africa,Instagram,5,4.3,127,Never,0,Entertainment,6.8,11,6,7,5,7,9,2,2,No,No,Considering it,Moderate
31,Male,Full-time employed,Europe,TikTok,5,1.6,5,Sometimes,12,News/information,8.0,5,8,9,2,5,3,2,3,No,No,No,Good
20,Male,Student,Europe,Instagram,2,1.9,13,Often,61,Passing time/boredom,7.9,8,5,7,5,6,4,3,2,No,"Yes, succeeded",No,Good
30,Male,Student,Europe,Facebook,3,8.6,175,Sometimes,34,Entertainment,6.5,13,0,3,7,4,9,9,3,No,"Yes, failed",No,Moderate
37,Male,Part-time employed,Asia,Instagram,1,4.1,35,Sometimes,42,Work/career,6.1,18,0,8,5,6,3,2,3,No,No,No,At-risk
34,Female,Unemployed,North America,TikTok,4,2.7,71,Often,2,News/information,7.1,18,1,3,4,7,5,8,2,No,"Yes, failed",No,At-risk
20,Male,Self-employed,Europe,TikTok,5,6.2,27,Often,4,Entertainment,5.6,21,0,4,7,5,6,6,4,No,No,Considering it,At-risk
31,Female,Part-time employed,Europe,Reddit,4,6.2,93,Often,3,Content creation,5.9,13,0,6,8,7,6,8,3,No,No,No,Moderate
37,Female,Full-time employed,Oceania,Instagram,8,3.5,112,Often,17,Work/career,5.9,11,0,9,4,3,6,6,4,No,No,No,Moderate
33,Male,Self-employed,Asia,YouTube,2,1.9,52,Sometimes,11,Connection with friends,6.4,4,1,9,3,6,4,4,2,No,No,No,Good
21,Female,Full-time employed,Asia,TikTok,7,1.7,23,Sometimes,41,Work/career,7.0,2,8,6,2,6,1,1,2,Yes,No,No,Good
37,Male,Full-time employed,North America,TikTok,6,0.9,15,Every night,8,Passing time/boredom,9.2,6,12,10,3,8,1,3,2,Yes,No,No,Moderate
30,Male,Self-employed,Europe,Instagram,1,1.6,12,Often,46,News/information,6.6,12,11,9,4,8,6,5,5,No,"Yes, failed",No,Moderate
14,Female,Student,Asia,Reddit,3,1.2,21,Often,20,Entertainment,7.4,11,1,10,3,7,3,2,2,Yes,"Yes, succeeded",Yes,Moderate
35,Female,Part-time employed,Latin America,TikTok,4,3.7,117,Sometimes,26,Entertainment,7.3,18,8,10,7,4,5,8,3,No,"Yes, succeeded",No,At-risk
27,Male,Student,North America,Facebook,2,3.9,117,Sometimes,1,Entertainment,6.0,13,2,8,2,7,6,6,5,Yes,"Yes, failed",Yes,Moderate
18,Male,Student,Asia,YouTube,3,1.3,23,Every night,7,Connection with friends,7.7,12,5,6,6,6,4,7,5,No,"Yes, succeeded",Considering it,Moderate
18,Male,Full-time employed,Latin America,X/Twitter,1,3.3,91,Sometimes,18,Content creation,7.5,15,2,6,8,6,2,4,1,Yes,No,No,Moderate
44,Male,Student,Africa,Instagram,3,3.4,55,Often,14,Content creation,6.7,4,5,7,2,4,6,6,3,Yes,No,Considering it,Good
23,Female,Self-employed,Africa,TikTok,2,2.0,15,Often,14,Connection with friends,6.6,9,2,8,3,6,5,4,1,Yes,No,Considering it,Good
19,Female,Full-time employed,North America,TikTok,5,2.1,80,Sometimes,6,News/information,7.4,11,7,9,6,3,8,4,3,No,No,Considering it,Moderate
32,Male,Part-time employed,North America,Reddit,4,4.3,79,Sometimes,16,Connection with friends,7.3,18,2,8,6,9,9,4,4,No,"Yes, failed",No,At-risk
25,Female,Full-time employed,North America,TikTok,6,4.0,70,Sometimes,12,News/information,8.7,13,12,9,7,3,5,4,3,Yes,"Yes, failed",Considering it,Moderate
38,Male,Student,Europe,YouTube,2,2.0,18,Sometimes,23,News/information,7.8,8,2,8,5,3,3,6,0,No,"Yes, failed",Yes,Good
62,Female,Full-time employed,North America,TikTok,8,1.8,39,Every night,17,Connection with friends,6.7,6,9,8,2,6,4,6,5,Yes,"Yes, succeeded",Considering it,Good
30,Female,Student,Europe,Instagram,5,3.8,59,Often,68,Work/career,6.7,11,11,7,5,5,3,1,2,Yes,"Yes, failed",Considering it,Moderate
28,Female,Unemployed,Africa,Snapchat,6,2.3,52,Every night,16,Connection with friends,7.5,7,7,6,6,3,5,6,2,No,No,No,Good
33,Male,Student,North America,X/Twitter,1,1.9,51,Often,5,Entertainment,6.8,12,1,8,4,9,5,3,1,No,"Yes, failed",Considering it,Moderate
27,Male,Part-time employed,Europe,YouTube,3,2.3,5,Sometimes,18,Entertainment,6.7,18,11,7,5,9,5,6,2,No,"Yes, failed",No,At-risk
40,Male,Full-time employed,Asia,Instagram,1,3.4,130,Every night,9,News/information,5.7,11,0,7,4,5,5,8,3,No,No,Yes,Moderate
31,Male,Student,North America,YouTube,5,2.6,79,Sometimes,9,News/information,8.3,10,0,7,4,5,2,3,4,No,No,Considering it,Moderate
31,Male,Student,Asia,YouTube,1,5.5,273,Every night,4,Work/career,5.7,20,7,7,5,6,8,7,3,No,No,No,At-risk
33,Female,Retired,North America,TikTok,6,3.3,58,Sometimes,10,Passing time/boredom,7.0,3,1,6,2,8,7,3,1,No,No,Yes,Good
29,Male,Part-time employed,Europe,Snapchat,2,4.4,45,Often,7,Passing time/boredom,5.9,9,2,7,4,4,7,6,2,Yes,"Yes, failed",Considering it,Good
32,Male,Student,North America,Instagram,2,2.2,66,Often,10,Content creation,6.5,3,0,8,2,9,5,7,3,No,"Yes, failed",Considering it,Good
23,Prefer not to say,Full-time employed,North America,Instagram,2,6.7,134,Sometimes,10,News/information,6.9,18,4,6,7,3,6,6,4,No,"Yes, failed",No,At-risk
17,Male,Unemployed,North America,Snapchat,1,0.5,5,Sometimes,18,Work/career,7.0,7,4,9,7,10,5,1,1,Yes,No,No,Good
40,Male,Student,North America,TikTok,8,3.4,83,Often,15,Passing time/boredom,6.2,12,0,4,5,6,6,1,3,Yes,No,Yes,Moderate
31,Male,Full-time employed,Latin America,YouTube,4,1.2,17,Every night,6,Work/career,6.4,14,5,9,3,6,5,5,2,Yes,"Yes, succeeded",No,Moderate
13,Male,Self-employed,North America,TikTok,2,4.3,60,Often,18,Work/career,6.7,10,0,7,6,3,3,6,4,No,"Yes, failed",Yes,Moderate
41,Female,Student,Latin America,Instagram,3,1.2,20,Often,20,Work/career,8.2,18,4,8,2,5,1,5,5,No,"Yes, succeeded",No,At-risk
30,Male,Full-time employed,Europe,YouTube,3,3.1,46,Often,9,Connection with friends,6.8,16,6,7,4,6,3,8,3,No,No,Yes,Moderate
25,Male,Full-time employed,Africa,LinkedIn,2,7.1,218,Often,41,Passing time/boredom,4.8,13,2,6,5,4,8,8,3,No,No,No,Moderate
45,Female,Student,North America,Reddit,3,2.7,6,Sometimes,36,Work/career,7.8,6,2,8,5,4,8,2,3,No,No,No,Good
33,Male,Self-employed,Asia,Instagram,4,6.1,173,Often,25,Connection with friends,7.3,13,0,6,7,7,7,10,3,No,"Yes, failed",No,Moderate
35,Male,Self-employed,Asia,Instagram,4,4.4,40,Every night,8,Connection with friends,7.0,17,4,5,5,6,10,7,3,No,No,Considering it,At-risk
26,Female,Full-time employed,Oceania,Instagram,6,1.3,28,Every night,37,Entertainment,6.4,10,8,6,4,3,1,4,2,No,No,No,Moderate
34,Male,Student,North America,Instagram,3,7.0,155,Often,29,Content creation,6.5,15,0,6,10,4,6,10,3,No,No,No,Moderate
26,Male,Full-time employed,Asia,YouTube,4,3.6,11,Sometimes,11,Connection with friends,6.5,15,7,7,6,6,7,8,4,No,"Yes, failed",No,Moderate
28,Female,Full-time employed,North America,Facebook,4,1.5,50,Never,9,Connection with friends,7.5,2,6,5,4,10,1,6,0,Yes,No,No,Good
18,Male,Self-employed,Asia,Reddit,2,9.0,30,Every night,44,Connection with friends,4.6,16,0,10,7,4,8,10,6,No,"Yes, failed",No,Moderate
13,Male,Student,North America,LinkedIn,3,1.3,42,Never,24,Passing time/boredom,8.1,5,1,9,7,5,1,5,4,No,No,No,Good
33,Male,Part-time employed,North America,Snapchat,1,3.7,48,Often,6,Work/career,7.5,7,4,10,7,2,4,7,2,No,No,No,Good
13,Male,Student,North America,TikTok,1,3.0,40,Sometimes,10,News/information,6.5,13,0,6,3,10,3,5,2,No,"Yes, succeeded",No,Moderate
39,Female,Student,Asia,YouTube,4,7.1,246,Never,7,Passing time/boredom,7.6,10,0,7,3,7,8,8,3,No,No,No,Moderate
34,Female,Student,Europe,Instagram,2,2.0,57,Often,8,Entertainment,7.5,12,8,5,5,6,4,7,2,No,No,Considering it,Moderate
54,Male,Part-time employed,North America,TikTok,8,4.9,141,Often,40,News/information,6.9,14,9,10,7,4,4,5,3,No,"Yes, failed",No,Moderate
44,Male,Unemployed,Latin America,TikTok,3,6.1,106,Sometimes,33,Work/career,5.5,10,6,6,5,6,6,8,1,No,"Yes, failed",No,Moderate
36,Male,Full-time employed,Asia,Reddit,3,2.4,114,Every night,28,Entertainment,7.0,10,2,5,5,6,4,6,6,No,"Yes, failed",No,Moderate
13,Female,Student,Latin America,Instagram,1,3.1,64,Sometimes,4,Entertainment,7.8,11,2,9,4,3,3,7,3,Yes,"Yes, failed",No,Moderate
26,Male,Student,North America,LinkedIn,2,5.7,76,Often,34,News/information,5.2,20,0,8,6,5,7,9,3,No,No,No,At-risk
40,Female,Full-time employed,Asia,TikTok,3,3.0,82,Sometimes,6,Connection with friends,7.1,14,4,7,2,5,6,6,1,No,"Yes, failed",Yes,Moderate
44,Male,Retired,Europe,LinkedIn,4,4.2,99,Sometimes,26,Connection with friends,7.3,18,3,7,4,7,6,7,2,No,"Yes, succeeded",No,At-risk
13,Male,Full-time employed,North America,Instagram,5,4.5,88,Often,9,Entertainment,6.9,17,0,5,6,7,6,8,4,No,No,No,At-risk
17,Female,Student,North America,Instagram,1,2.8,13,Often,7,Passing time/boredom,6.7,8,1,6,3,8,4,5,0,No,"Yes, failed",No,Good
43,Non-binary,Student,Oceania,Reddit,3,6.4,169,Sometimes,8,Entertainment,6.4,19,0,8,5,1,7,8,2,No,"Yes, failed",No,At-risk
30,Female,Student,Asia,TikTok,4,3.7,33,Sometimes,7,Work/career,7.4,8,5,8,7,8,2,3,4,Yes,"Yes, failed",No,Good
31,Male,Student,Asia,Facebook,3,5.4,55,Often,19,Work/career,5.7,7,0,8,5,7,7,6,2,No,No,No,Good
31,Male,Student,Asia,X/Twitter,5,1.3,22,Often,12,Entertainment,8.2,9,3,10,3,5,4,4,3,No,No,No,Good
29,Non-binary,Student,Europe,Instagram,5,3.4,44,Every night,18,Connection with friends,5.5,9,1,7,2,6,3,6,1,No,No,Considering it,Good
26,Male,Student,Europe,TikTok,3,4.1,42,Sometimes,9,Connection with friends,8.1,12,0,6,3,3,3,7,3,No,No,No,Moderate
29,Male,Full-time employed,Europe,TikTok,4,4.2,24,Every night,6,Entertainment,5.2,11,1,7,8,6,1,4,5,No,No,No,Moderate
17,Female,Student,Latin America,Instagram,6,2.1,116,Never,7,Connection with friends,9.2,6,3,9,1,8,4,6,4,No,"Yes, failed",Considering it,Good
21,Female,Full-time employed,Oceania,LinkedIn,1,2.0,20,Sometimes,27,Connection with friends,6.3,6,0,8,8,4,3,5,2,No,"Yes, failed",No,Good
40,Female,Full-time employed,Europe,YouTube,1,5.7,50,Often,23,Work/career,7.1,19,0,7,5,5,7,5,2,Yes,"Yes, succeeded",Yes,At-risk
33,Female,Full-time employed,Africa,Snapchat,5,3.5,61,Sometimes,24,News/information,6.4,16,0,6,1,4,8,6,2,No,"Yes, succeeded",No,Moderate
20,Prefer not to say,Self-employed,Europe,YouTube,3,3.0,62,Never,8,Content creation,8.3,11,4,7,4,4,4,7,3,Yes,No,Considering it,Moderate
21,Female,Student,North America,Instagram,3,2.9,20,Never,2,Passing time/boredom,9.0,5,4,10,5,6,6,7,4,Yes,"Yes, succeeded",Considering it,Good
43,Male,Full-time employed,Asia,Facebook,4,3.0,47,Never,35,Passing time/boredom,8.3,13,7,9,3,4,4,5,2,No,No,Considering it,Moderate
34,Male,Full-time employed,North America,Instagram,7,4.8,57,Never,25,Passing time/boredom,7.6,15,3,8,7,5,9,6,6,No,No,No,Moderate
31,Female,Full-time employed,Oceania,YouTube,3,4.3,37,Sometimes,15,Passing time/boredom,7.9,17,2,7,10,8,4,3,2,No,No,Considering it,At-risk
18,Female,Full-time employed,Africa,X/Twitter,4,1.5,14,Every night,18,Work/career,6.2,4,4,10,4,6,4,1,3,No,"Yes, failed",Yes,Good
30,Non-binary,Part-time employed,Europe,Instagram,1,3.9,51,Often,33,Passing time/boredom,7.3,15,5,5,4,8,3,7,1,No,No,Considering it,Moderate
23,Female,Unemployed,Europe,YouTube,8,6.4,125,Sometimes,14,Content creation,6.3,14,0,8,6,5,5,10,2,Yes,No,Considering it,Moderate
32,Female,Full-time employed,Africa,TikTok,3,1.9,20,Often,2,Entertainment,8.1,8,11,7,1,6,8,4,3,No,No,No,Moderate
33,Female,Student,Europe,Snapchat,6,3.7,81,Sometimes,32,Passing time/boredom,7.1,8,2,7,5,8,5,4,5,Yes,"Yes, failed",No,Good
37,Female,Student,Asia,YouTube,2,3.3,38,Every night,15,Entertainment,5.7,15,4,3,6,5,3,8,3,Yes,No,No,Moderate
40,Male,Full-time employed,Europe,TikTok,4,1.9,29,Never,17,News/information,8.0,3,4,9,4,8,1,4,2,No,No,Considering it,Good
19,Female,Retired,Asia,Reddit,1,5.4,93,Often,9,Connection with friends,6.0,19,0,5,7,10,7,3,3,No,"Yes, succeeded",No,At-risk
36,Male,Student,Asia,TikTok,2,4.1,55,Sometimes,17,News/information,7.0,7,3,8,6,7,5,3,2,Yes,"Yes, failed",No,Good
29,Female,Student,North America,LinkedIn,1,5.1,25,Sometimes,10,Connection with friends,6.0,9,3,5,4,3,9,6,2,No,"Yes, succeeded",Yes,Good
24,Male,Full-time employed,Asia,X/Twitter,5,4.0,37,Often,13,Passing time/boredom,6.9,10,5,7,7,5,5,8,2,No,No,Considering it,Moderate
17,Female,Student,North America,YouTube,4,6.6,63,Often,31,Content creation,6.3,17,0,10,8,5,10,8,2,No,"Yes, failed",No,At-risk
18,Non-binary,Full-time employed,Asia,Reddit,1,1.5,31,Often,17,Connection with friends,8.6,14,2,6,2,9,3,7,3,Yes,"Yes, failed",Considering it,Moderate
49,Male,Self-employed,Asia,X/Twitter,5,4.4,81,Often,12,Entertainment,6.7,14,0,9,8,5,3,5,1,Yes,"Yes, succeeded",No,Moderate
33,Female,Full-time employed,North America,YouTube,2,4.2,133,Never,25,Passing time/boredom,7.3,6,0,10,4,5,7,6,1,No,No,No,Good
37,Male,Full-time employed,Europe,Reddit,4,0.7,7,Often,44,Entertainment,8.5,13,6,10,3,9,3,4,4,No,"Yes, failed",Considering it,Moderate
30,Female,Full-time employed,Oceania,Instagram,2,1.3,43,Sometimes,4,Entertainment,7.8,1,1,6,8,8,5,7,3,No,No,No,Good
26,Female,Student,North America,TikTok,1,2.9,116,Often,21,Work/career,6.3,7,4,7,4,7,2,6,2,Yes,"Yes, failed",Yes,Good
24,Female,Self-employed,North America,Instagram,2,6.3,206,Often,17,News/information,5.3,14,3,7,10,3,5,6,5,No,"Yes, failed",Yes,Moderate
32,Male,Full-time employed,Europe,YouTube,1,1.4,22,Sometimes,36,News/information,5.9,13,0,6,9,4,5,4,1,No,No,No,Moderate
33,Female,Full-time employed,Africa,YouTube,4,5.9,112,Often,10,Entertainment,5.1,15,0,4,7,5,8,5,2,No,No,Considering it,Moderate
31,Male,Full-time employed,North America,Instagram,2,7.1,67,Every night,23,Connection with friends,5.8,12,0,7,9,6,10,5,2,Yes,"Yes, failed",No,Moderate
38,Female,Full-time employed,Asia,X/Twitter,3,4.2,98,Often,12,Work/career,6.3,10,0,6,2,6,6,6,3,No,No,No,Moderate
35,Female,Student,Latin America,YouTube,4,0.6,18,Sometimes,8,Work/career,7.5,12,7,8,2,6,2,2,4,No,No,Yes,Moderate
27,Male,Student,Europe,X/Twitter,1,4.3,187,Often,14,News/information,6.7,9,0,7,9,8,5,6,3,Yes,No,No,Good
30,Female,Student,Asia,Instagram,2,2.6,52,Every night,15,Passing time/boredom,6.7,18,4,7,1,1,6,8,4,Yes,"Yes, succeeded",No,At-risk
14,Non-binary,Full-time employed,Europe,Instagram,1,5.6,66,Often,7,News/information,6.7,15,3,7,6,5,4,8,2,Yes,No,No,Moderate
15,Female,Part-time employed,North America,Facebook,5,1.6,55,Every night,16,Connection with friends,5.9,10,7,9,6,7,6,6,3,No,"Yes, succeeded",No,Moderate
35,Male,Student,Latin America,TikTok,4,1.7,42,Sometimes,13,Entertainment,7.1,11,7,8,4,5,5,5,4,No,No,Considering it,Moderate
43,Female,Student,Asia,TikTok,7,1.2,25,Often,21,Passing time/boredom,6.9,13,5,7,5,10,4,3,4,Yes,"Yes, succeeded",No,Moderate
31,Female,Student,Asia,X/Twitter,2,2.6,59,Often,6,Connection with friends,6.2,5,10,7,6,9,8,4,6,No,"Yes, failed",No,Moderate
26,Male,Student,Latin America,YouTube,2,2.5,50,Often,28,Passing time/boredom,7.2,9,6,5,2,5,4,6,4,Yes,"Yes, failed",No,Good
38,Male,Full-time employed,North America,Snapchat,2,6.6,154,Often,13,Content creation,6.8,12,1,6,9,3,10,6,2,No,No,Yes,Moderate
24,Female,Student,Europe,TikTok,1,1.5,21,Often,68,Entertainment,6.7,3,3,7,6,5,5,2,5,Yes,No,Yes,Good
34,Female,Student,North America,YouTube,1,1.3,15,Sometimes,23,Work/career,7.3,1,9,7,3,8,3,7,3,No,No,Yes,Good
29,Male,Student,Asia,TikTok,5,1.4,55,Never,14,Passing time/boredom,8.7,6,9,8,1,7,5,8,4,No,No,No,Good
38,Male,Student,Asia,Instagram,4,5.6,41,Sometimes,43,Entertainment,7.5,15,4,7,6,4,4,8,5,Yes,No,No,Moderate
42,Male,Student,North America,Reddit,5,0.8,7,Sometimes,14,Passing time/boredom,7.3,12,9,5,2,9,4,3,3,Yes,No,Considering it,Moderate
16,Male,Part-time employed,Asia,Instagram,4,4.8,96,Sometimes,26,Entertainment,6.3,19,1,3,6,6,5,7,3,No,No,Yes,At-risk
37,Female,Full-time employed,Asia,TikTok,6,2.6,44,Sometimes,17,Connection with friends,8.3,15,0,8,5,7,5,4,3,No,"Yes, succeeded",No,Moderate
28,Female,Self-employed,Europe,LinkedIn,1,2.4,68,Sometimes,2,Connection with friends,7.2,14,9,6,4,7,7,3,4,No,"Yes, failed",No,Moderate
19,Female,Part-time employed,Asia,YouTube,4,2.2,28,Often,19,News/information,7.2,9,0,9,4,8,4,4,2,No,"Yes, failed",No,Good
38,Female,Full-time employed,Oceania,Snapchat,2,1.6,19,Often,34,Connection with friends,7.8,4,6,6,7,7,8,5,3,No,No,No,Good
37,Male,Part-time employed,Europe,Facebook,4,4.3,23,Often,16,Connection with friends,6.8,5,0,6,1,4,6,8,1,No,No,No,Good
43,Female,Full-time employed,North America,Instagram,3,2.9,45,Every night,16,Connection with friends,6.3,13,3,9,7,7,7,3,4,No,"Yes, succeeded",Considering it,Moderate
36,Male,Full-time employed,Europe,Snapchat,5,1.8,5,Sometimes,5,News/information,5.2,6,2,6,1,6,4,3,1,Yes,"Yes, failed",No,Good
18,Female,Part-time employed,North America,YouTube,6,2.0,28,Sometimes,10,News/information,7.4,8,8,6,6,8,2,5,1,No,No,No,Good
46,Female,Student,North America,TikTok,1,2.3,22,Never,8,News/information,7.7,2,5,9,1,9,4,6,5,No,"Yes, failed",No,Good
26,Male,Part-time employed,Latin America,YouTube,6,2.3,42,Every night,19,Entertainment,7.7,12,3,8,4,5,2,4,2,No,"Yes, failed",Yes,Moderate
29,Male,Full-time employed,North America,Snapchat,8,8.9,224,Often,11,Entertainment,6.2,18,0,5,6,4,6,6,4,No,"Yes, failed",No,At-risk
31,Male,Student,North America,X/Twitter,3,3.9,29,Often,6,Entertainment,7.6,16,0,7,5,3,5,7,0,No,No,No,Moderate
32,Female,Full-time employed,North America,YouTube,2,2.1,88,Every night,35,Content creation,6.2,8,3,9,6,5,6,3,4,No,No,Considering it,Good
29,Female,Full-time employed,Europe,YouTube,4,8.5,93,Sometimes,33,Passing time/boredom,6.5,10,0,5,6,3,10,8,1,No,No,Considering it,Moderate
27,Male,Full-time employed,Europe,TikTok,1,2.4,24,Sometimes,29,Connection with friends,8.1,10,5,8,8,6,3,4,2,Yes,No,No,Moderate
17,Male,Student,Asia,X/Twitter,3,7.1,56,Sometimes,28,Passing time/boredom,7.1,19,7,5,5,6,10,8,3,No,"Yes, failed",Yes,At-risk
18,Female,Student,Europe,Instagram,1,3.8,59,Never,17,Connection with friends,7.3,8,5,5,5,2,7,7,3,No,No,Considering it,Good
28,Male,Student,Asia,Instagram,6,1.8,52,Never,10,Content creation,8.4,7,3,9,2,7,1,4,3,No,"Yes, failed",No,Good
56,Male,Full-time employed,Asia,YouTube,8,7.0,33,Sometimes,28,Entertainment,6.6,14,3,7,3,4,8,8,3,No,No,Yes,Moderate
52,Prefer not to say,Student,North America,Instagram,8,1.7,22,Every night,11,Entertainment,7.3,9,2,8,3,9,5,2,3,Yes,No,No,Good
19,Male,Student,North America,X/Twitter,3,2.6,42,Sometimes,15,Work/career,7.0,8,2,9,5,5,3,8,3,No,No,No,Good
22,Male,Part-time employed,Asia,TikTok,5,0.7,8,Sometimes,43,Passing time/boredom,7.2,7,2,6,1,7,4,4,2,No,No,No,Good
15,Female,Retired,Europe,Instagram,3,3.2,30,Every night,22,Entertainment,6.1,12,4,6,4,4,2,5,2,No,"Yes, failed",No,Moderate
24,Female,Student,Europe,Instagram,5,4.6,34,Every night,40,News/information,4.9,14,3,5,6,7,4,2,3,No,"Yes, succeeded",Yes,Moderate
47,Female,Unemployed,North America,Snapchat,3,5.2,292,Sometimes,26,Work/career,8.5,13,7,7,3,6,7,7,2,No,No,No,Moderate
13,Male,Student,Europe,TikTok,4,1.8,19,Never,22,Passing time/boredom,7.2,8,6,6,8,10,5,6,4,Yes,No,No,Good
13,Male,Full-time employed,Asia,TikTok,3,2.5,55,Sometimes,27,News/information,7.0,10,0,7,6,8,4,6,3,No,No,No,Moderate
28,Female,Student,Europe,Facebook,2,7.7,31,Sometimes,29,Connection with friends,7.5,16,1,6,5,4,10,8,2,No,"Yes, succeeded",No,Moderate
37,Female,Full-time employed,North America,YouTube,2,3.2,16,Often,41,Connection with friends,7.1,15,3,8,3,1,4,4,2,Yes,No,Considering it,Moderate
38,Female,Full-time employed,Asia,Facebook,1,1.5,17,Never,18,News/information,8.0,4,9,10,3,9,1,7,3,No,"Yes, succeeded",No,Good
22,Female,Retired,North America,Snapchat,1,0.3,9,Often,3,News/information,7.6,5,7,9,4,9,1,8,5,Yes,"Yes, succeeded",Yes,Good
38,Male,Student,Latin America,TikTok,2,1.7,9,Often,10,Connection with friends,7.2,9,8,7,5,6,6,9,6,No,No,Considering it,Good
17,Male,Full-time employed,Asia,Instagram,4,2.7,51,Never,14,Connection with friends,9.5,13,7,8,3,8,2,5,4,No,"Yes, failed",Considering it,Moderate
27,Male,Self-employed,Asia,TikTok,3,4.2,31,Never,26,Entertainment,7.7,13,2,10,5,6,5,4,2,No,"Yes, failed",Considering it,Moderate
35,Male,Part-time employed,North America,Instagram,1,3.4,111,Every night,7,Work/career,5.9,15,3,8,5,7,5,1,2,Yes,"Yes, succeeded",No,Moderate
19,Male,Student,Africa,TikTok,3,0.5,11,Often,2,Content creation,7.8,12,3,7,5,6,1,1,2,No,"Yes, failed",Considering it,Moderate
24,Male,Part-time employed,Oceania,Instagram,1,1.5,21,Often,8,News/information,8.4,12,11,4,3,5,1,5,5,Yes,No,Considering it,Moderate
29,Male,Student,Latin America,TikTok,2,4.2,77,Sometimes,26,Connection with friends,8.8,4,2,8,5,9,7,7,4,No,"Yes, succeeded",No,Good
13,Non-binary,Full-time employed,Latin America,Instagram,5,0.5,5,Often,9,Content creation,6.6,3,6,6,3,6,3,5,4,No,"Yes, failed",No,Good
36,Male,Full-time employed,Europe,Reddit,3,4.1,7,Often,6,Passing time/boredom,7.0,21,4,6,6,5,4,2,3,No,"Yes, failed",No,At-risk
32,Male,Full-time employed,Asia,TikTok,1,3.6,40,Often,12,Passing time/boredom,6.9,8,6,6,3,8,6,4,2,No,"Yes, succeeded",No,Good
35,Male,Full-time employed,Europe,TikTok,7,3.0,56,Often,32,Content creation,7.0,5,0,9,5,8,4,5,4,Yes,"Yes, failed",No,Good
36,Female,Retired,Asia,YouTube,1,1.1,21,Often,26,News/information,7.5,5,11,8,1,6,4,2,3,No,"Yes, succeeded",No,Moderate
48,Female,Student,Europe,Instagram,1,4.9,86,Never,33,Entertainment,7.1,8,5,9,4,8,4,9,4,Yes,No,Considering it,Good
33,Female,Full-time employed,Asia,TikTok,4,3.3,40,Sometimes,46,News/information,7.5,7,3,8,1,6,5,1,3,Yes,"Yes, succeeded",Considering it,Good
18,Female,Retired,Africa,Reddit,2,6.1,140,Often,23,News/information,7.1,20,1,6,7,5,6,4,2,No,"Yes, failed",No,At-risk
32,Male,Full-time employed,Europe,TikTok,5,4.6,128,Never,17,Work/career,7.6,12,2,6,5,9,4,5,2,No,No,Considering it,Moderate
30,Female,Retired,North America,Instagram,3,3.5,42,Every night,34,Passing time/boredom,6.0,6,8,9,7,7,6,3,3,Yes,No,Considering it,Good
26,Female,Part-time employed,Europe,YouTube,2,3.1,78,Often,9,Entertainment,6.7,12,1,6,5,6,6,8,4,No,No,No,Moderate
51,Non-binary,Full-time employed,Europe,Instagram,1,3.3,66,Every night,23,Connection with friends,5.9,10,2,9,5,3,4,2,2,No,"Yes, succeeded",Considering it,Moderate
22,Male,Full-time employed,Asia,TikTok,4,0.6,12,Often,9,Passing time/boredom,8.4,9,3,8,5,7,8,3,1,No,"Yes, failed",Yes,Good
13,Female,Self-employed,Latin America,Instagram,2,0.7,11,Sometimes,15,Passing time/boredom,7.4,6,5,5,5,6,3,9,2,No,"Yes, succeeded",No,Good
35,Female,Student,Asia,Instagram,6,4.8,99,Often,10,Passing time/boredom,5.5,18,0,6,5,4,4,6,3,No,No,No,At-risk
24,Male,Part-time employed,North America,Snapchat,3,2.9,48,Often,18,Work/career,7.6,8,0,5,4,7,5,3,2,No,No,No,Good
13,Non-binary,Full-time employed,Latin America,Facebook,3,3.1,57,Sometimes,10,Content creation,7.0,8,0,8,3,5,4,6,2,No,No,No,Good
38,Female,Student,Asia,Instagram,3,1.0,10,Every night,9,Content creation,5.7,4,6,8,4,7,4,9,4,No,No,Yes,Good
20,Female,Full-time employed,North America,YouTube,3,2.6,69,Often,25,Connection with friends,6.2,14,5,5,1,6,3,2,2,Yes,No,No,Moderate
21,Male,Full-time employed,North America,Facebook,5,2.4,47,Every night,7,News/information,6.8,1,0,9,4,6,2,6,2,No,No,Considering it,Good
18,Male,Student,Europe,TikTok,1,6.2,172,Often,15,News/information,6.5,21,0,6,9,6,7,2,1,No,"Yes, succeeded",No,At-risk
27,Male,Unemployed,Asia,TikTok,1,1.1,19,Sometimes,21,Connection with friends,9.2,12,8,9,2,6,1,5,3,Yes,"Yes, failed",No,Moderate
33,Female,Full-time employed,Asia,TikTok,1,1.7,8,Sometimes,13,Connection with friends,6.3,3,6,4,3,6,9,3,3,No,"Yes, succeeded",Yes,Good
45,Female,Student,Europe,YouTube,3,4.0,309,Often,27,Entertainment,6.3,15,3,5,4,3,6,4,3,No,No,Considering it,Moderate
31,Male,Full-time employed,North America,TikTok,2,4.6,26,Sometimes,11,News/information,5.4,16,5,5,4,8,7,5,1,No,No,No,Moderate
36,Male,Part-time employed,Asia,TikTok,3,4.7,158,Never,44,News/information,7.3,13,4,6,7,5,5,7,4,No,No,No,Moderate
37,Male,Unemployed,Europe,YouTube,1,1.6,42,Sometimes,29,Connection with friends,6.7,4,3,10,4,6,7,6,2,No,No,Considering it,Good
21,Female,Student,Europe,Instagram,2,1.7,12,Never,14,Entertainment,7.9,7,3,6,7,8,4,3,3,No,"Yes, failed",Considering it,Good
54,Prefer not to say,Full-time employed,Asia,Facebook,3,1.7,66,Often,18,News/information,7.0,14,3,7,4,5,2,4,2,No,"Yes, failed",Yes,Moderate
34,Female,Part-time employed,North America,Facebook,2,5.5,96,Every night,43,Connection with friends,6.4,18,7,7,3,6,4,3,3,No,"Yes, failed",No,At-risk
22,Female,Part-time employed,Latin America,YouTube,4,3.1,84,Sometimes,71,Content creation,8.2,12,0,6,3,7,6,3,1,No,No,No,Moderate
53,Female,Full-time employed,Africa,Instagram,1,2.0,33,Often,16,News/information,8.0,10,0,4,4,8,4,5,4,Yes,"Yes, succeeded",No,Moderate
13,Male,Full-time employed,North America,LinkedIn,7,0.7,17,Sometimes,48,Connection with friends,7.5,7,8,7,2,6,1,1,1,No,No,No,Good
37,Female,Full-time employed,Europe,X/Twitter,3,2.9,51,Often,69,Connection with friends,6.2,17,5,8,4,9,4,4,1,No,"Yes, succeeded",No,At-risk
41,Male,Part-time employed,Africa,TikTok,7,1.9,29,Never,25,Entertainment,8.3,7,8,7,1,6,4,4,3,No,No,Yes,Good
26,Female,Part-time employed,Europe,Instagram,2,2.0,20,Sometimes,45,Content creation,6.5,16,6,9,2,6,1,4,2,Yes,No,Yes,Moderate
27,Male,Full-time employed,Africa,Instagram,5,3.2,51,Sometimes,13,Passing time/boredom,6.5,7,0,4,6,2,3,3,1,No,"Yes, succeeded",Considering it,Good
20,Female,Self-employed,Asia,Instagram,4,1.0,15,Sometimes,12,Connection with friends,7.8,6,3,6,5,5,5,6,2,Yes,"Yes, failed",No,Good
26,Male,Student,Africa,LinkedIn,4,1.9,31,Often,25,Entertainment,7.4,6,8,9,1,8,4,5,4,No,"Yes, succeeded",No,Good
30,Female,Full-time employed,Europe,Facebook,4,3.9,78,Often,21,Entertainment,7.3,13,3,5,5,6,6,4,2,No,"Yes, succeeded",No,Moderate
14,Male,Student,North America,YouTube,2,2.2,26,Often,22,Connection with friends,7.7,13,12,9,9,7,6,7,5,No,"Yes, failed",Considering it,Moderate
25,Female,Student,North America,TikTok,6,4.6,92,Never,3,Work/career,7.4,11,14,6,6,4,3,9,2,Yes,"Yes, failed",Yes,Moderate
35,Female,Student,Africa,Instagram,2,8.0,44,Every night,21,News/information,4.2,22,0,5,8,4,5,7,2,No,No,No,At-risk
22,Male,Student,Europe,TikTok,4,2.2,12,Every night,10,Passing time/boredom,7.1,14,3,7,6,5,4,5,3,No,No,Considering it,Moderate
27,Male,Student,Asia,YouTube,3,2.9,64,Often,6,Work/career,7.7,7,0,7,3,9,1,6,2,Yes,"Yes, failed",No,Good
34,Female,Full-time employed,Asia,YouTube,3,3.7,96,Every night,9,Entertainment,6.8,15,2,8,6,7,5,9,4,Yes,No,Yes,Moderate
35,Male,Part-time employed,North America,Instagram,3,3.7,27,Often,12,Entertainment,6.2,9,2,8,5,7,1,5,1,No,No,Considering it,Good
21,Female,Full-time employed,Asia,YouTube,3,6.7,122,Every night,7,Passing time/boredom,5.8,16,0,5,6,6,10,7,3,No,"Yes, failed",Yes,Moderate
19,Female,Retired,North America,Facebook,5,1.3,47,Sometimes,21,Entertainment,8.3,11,6,7,4,8,4,6,2,No,No,Considering it,Moderate
42,Male,Full-time employed,Latin America,Instagram,6,4.6,23,Often,8,Connection with friends,6.6,16,1,10,4,4,6,9,4,Yes,"Yes, succeeded",Considering it,Moderate
32,Male,Student,Latin America,Reddit,2,1.3,25,Never,20,News/information,5.9,10,0,8,7,8,5,6,3,Yes,"Yes, failed",No,Moderate
25,Male,Full-time employed,Asia,YouTube,1,3.9,83,Sometimes,20,Work/career,7.2,18,6,8,7,5,3,1,3,Yes,No,No,At-risk
15,Female,Full-time employed,Asia,Instagram,4,5.2,90,Often,17,Entertainment,7.3,15,0,6,5,3,7,6,3,No,No,No,Moderate
33,Male,Student,Asia,TikTok,2,6.5,347,Sometimes,6,Entertainment,7.7,17,5,7,8,7,7,9,3,No,No,No,At-risk
22,Female,Part-time employed,North America,Instagram,2,4.5,143,Sometimes,4,Work/career,6.0,11,6,5,7,3,1,4,5,No,No,No,Moderate
27,Female,Full-time employed,Asia,X/Twitter,5,1.5,7,Every night,9,Connection with friends,7.0,21,3,5,4,8,5,6,3,Yes,No,No,At-risk
13,Female,Student,Europe,Instagram,4,2.6,46,Often,4,Passing time/boredom,7.6,15,1,9,6,7,8,1,4,No,No,No,Moderate
45,Female,Student,Latin America,TikTok,2,2.1,32,Every night,30,Entertainment,7.0,8,3,9,6,7,4,5,1,No,"Yes, failed",Yes,Good
16,Female,Full-time employed,Asia,Instagram,2,3.5,266,Sometimes,20,Passing time/boredom,6.4,19,2,8,4,7,3,8,4,No,"Yes, failed",Considering it,At-risk
22,Male,Full-time employed,Latin America,Facebook,5,4.6,61,Sometimes,3,Passing time/boredom,6.7,10,0,7,4,6,3,7,2,No,No,No,Moderate
13,Female,Full-time employed,Asia,Facebook,7,5.4,121,Often,14,Content creation,6.5,17,0,8,4,7,5,7,4,Yes,"Yes, failed",No,At-risk
33,Female,Student,North America,TikTok,2,3.5,56,Sometimes,13,Entertainment,6.9,11,4,7,2,6,1,10,0,No,No,Considering it,Moderate
24,Female,Full-time employed,Asia,Facebook,4,4.5,65,Often,15,Passing time/boredom,7.0,19,4,8,7,5,5,4,3,No,No,No,At-risk
26,Female,Full-time employed,Asia,YouTube,3,1.4,34,Sometimes,28,Passing time/boredom,7.8,14,10,10,5,7,1,5,1,No,No,No,Moderate
37,Male,Part-time employed,Europe,TikTok,4,3.6,90,Every night,29,Entertainment,7.1,14,0,6,5,6,7,5,2,Yes,"Yes, failed",No,Moderate
21,Male,Student,North America,YouTube,1,5.8,214,Sometimes,30,Entertainment,7.0,23,0,6,6,3,10,7,2,Yes,"Yes, succeeded",Considering it,At-risk
31,Male,Part-time employed,North America,TikTok,2,1.6,57,Often,42,Work/career,6.5,10,1,7,4,6,6,4,3,No,"Yes, failed",No,Moderate
20,Male,Student,Asia,LinkedIn,6,2.6,108,Often,27,Connection with friends,5.7,9,4,10,2,3,2,6,1,No,No,Yes,Good
24,Male,Student,North America,YouTube,3,3.5,50,Often,10,Connection with friends,6.7,12,0,5,8,2,6,4,3,No,"Yes, succeeded",No,Moderate
28,Female,Part-time employed,Oceania,Instagram,2,3.6,28,Every night,24,Connection with friends,6.6,11,6,7,3,5,2,5,2,No,No,Yes,Moderate
36,Male,Full-time employed,Europe,Instagram,5,2.0,50,Every night,18,Connection with friends,5.7,12,9,9,5,5,5,5,4,No,No,No,Moderate
30,Female,Full-time employed,Europe,Instagram,3,4.3,51,Sometimes,9,Content creation,6.1,15,1,8,6,8,5,7,2,Yes,No,No,Moderate
38,Female,Full-time employed,Asia,TikTok,5,0.4,15,Often,16,Passing time/boredom,7.7,8,10,8,3,3,3,4,1,No,No,Considering it,Moderate
36,Female,Student,Asia,Facebook,2,3.7,36,Sometimes,23,Entertainment,7.2,7,8,7,6,5,8,7,1,No,"Yes, succeeded",Yes,Good
13,Male,Self-employed,North America,YouTube,4,8.6,42,Sometimes,20,Entertainment,5.2,20,0,5,6,1,6,10,2,No,No,Considering it,At-risk
13,Male,Student,North America,YouTube,1,4.3,162,Sometimes,10,Connection with friends,6.6,9,6,4,8,8,4,8,4,Yes,"Yes, failed",No,Good
42,Male,Student,Asia,Instagram,4,6.0,184,Often,20,News/information,5.1,9,0,7,4,7,6,6,2,Yes,No,Yes,Good
35,Male,Student,Oceania,LinkedIn,2,4.1,53,Often,13,Passing time/boredom,6.9,12,3,7,4,4,4,8,2,Yes,No,Yes,Moderate
48,Male,Full-time employed,Oceania,TikTok,6,1.3,19,Often,6,Entertainment,6.8,5,6,7,1,5,3,4,1,No,"Yes, failed",No,Good
35,Female,Full-time employed,Europe,Reddit,4,5.0,32,Sometimes,19,Entertainment,7.4,8,5,7,8,7,4,5,2,No,"Yes, failed",No,Good
20,Female,Student,Asia,Instagram,3,1.1,22,Sometimes,81,Connection with friends,7.5,9,7,6,4,6,4,6,4,No,"Yes, failed",Yes,Good
39,Male,Full-time employed,North America,TikTok,1,4.2,44,Sometimes,25,Passing time/boredom,7.5,9,9,6,6,5,5,5,5,Yes,"Yes, succeeded",No,Good
44,Male,Full-time employed,Latin America,X/Twitter,5,3.0,18,Never,33,Content creation,7.5,11,9,8,7,7,4,6,3,No,"Yes, failed",Considering it,Moderate
19,Male,Full-time employed,Europe,Instagram,2,3.6,14,Sometimes,10,Passing time/boredom,7.3,11,6,8,4,5,8,7,4,Yes,"Yes, failed",No,Moderate
31,Female,Student,North America,Instagram,2,4.4,116,Sometimes,12,Passing time/boredom,7.3,17,1,6,5,8,4,9,3,Yes,No,No,At-risk
29,Female,Full-time employed,Africa,X/Twitter,2,6.4,240,Sometimes,7,Connection with friends,7.8,16,2,6,5,3,3,10,3,No,"Yes, failed",No,Moderate
22,Female,Student,Europe,Reddit,3,8.7,60,Often,4,Passing time/boredom,7.5,24,0,6,10,3,5,10,2,No,No,No,At-risk
43,Female,Student,North America,Instagram,3,5.3,63,Sometimes,25,Passing time/boredom,6.8,13,4,6,4,3,9,7,3,No,No,No,Moderate
20,Prefer not to say,Student,Africa,YouTube,8,2.9,93,Often,17,Connection with friends,6.9,5,0,6,2,3,2,3,4,Yes,No,Yes,Good
27,Male,Full-time employed,North America,Reddit,3,4.8,100,Often,19,News/information,6.4,15,0,10,2,3,5,1,3,No,"Yes, failed",No,Moderate
21,Male,Self-employed,North America,Reddit,6,1.7,23,Sometimes,10,Passing time/boredom,6.5,6,4,8,5,5,6,6,2,Yes,No,No,Good
21,Male,Full-time employed,Europe,TikTok,3,1.1,13,Sometimes,18,Work/career,8.1,8,10,9,4,8,2,3,2,No,"Yes, succeeded",No,Moderate
28,Female,Full-time employed,Asia,Snapchat,4,8.7,194,Every night,40,Work/career,4.9,18,0,5,7,5,10,6,1,No,No,Considering it,At-risk
17,Female,Full-time employed,Asia,Instagram,4,4.2,149,Every night,7,Connection with friends,5.0,14,14,9,4,9,5,4,1,No,"Yes, failed",No,Moderate
45,Male,Full-time employed,Europe,X/Twitter,1,6.6,110,Sometimes,18,Connection with friends,6.2,19,0,7,2,5,5,8,1,No,No,No,At-risk
28,Male,Student,North America,TikTok,2,2.2,32,Often,16,Content creation,6.5,5,3,6,4,7,7,8,3,Yes,No,No,Good
45,Female,Full-time employed,Latin America,LinkedIn,6,2.6,38,Every night,1,News/information,5.9,2,6,8,3,6,4,8,1,Yes,No,No,Good
13,Non-binary,Student,Asia,Instagram,5,4.3,80,Sometimes,32,Work/career,7.4,16,2,5,3,8,3,5,2,No,No,Considering it,Moderate
30,Non-binary,Part-time employed,Asia,LinkedIn,5,2.7,106,Every night,29,Passing time/boredom,6.6,9,6,8,3,6,1,5,4,Yes,No,No,Good
35,Male,Full-time employed,Africa,Instagram,6,2.9,28,Sometimes,17,Connection with friends,6.9,9,8,6,1,7,3,7,4,Yes,No,No,Good
49,Non-binary,Student,Asia,Snapchat,5,8.4,342,Sometimes,16,Entertainment,6.0,16,0,4,10,7,6,8,3,No,"Yes, succeeded",No,Moderate
29,Male,Student,Europe,Instagram,8,2.5,82,Never,7,Passing time/boredom,6.8,5,8,7,1,8,3,2,2,No,"Yes, failed",Considering it,Good
13,Female,Part-time employed,Asia,TikTok,5,5.1,21,Never,29,Connection with friends,6.8,18,8,7,3,5,5,2,2,No,No,No,At-risk
31,Female,Student,North America,Instagram,4,4.5,15,Often,42,Passing time/boredom,6.1,15,3,6,6,6,9,5,5,No,"Yes, succeeded",No,Moderate
13,Male,Full-time employed,Africa,Reddit,1,6.4,94,Sometimes,17,Work/career,6.7,16,2,3,5,6,5,7,4,No,No,No,Moderate
39,Male,Full-time employed,Europe,X/Twitter,2,3.5,108,Sometimes,43,Connection with friends,6.6,5,1,9,1,10,4,6,3,Yes,"Yes, failed",No,Good
21,Male,Part-time employed,Europe,Instagram,4,1.2,18,Sometimes,22,Entertainment,6.6,10,10,7,4,6,1,9,2,No,No,No,Moderate
21,Male,Full-time employed,Oceania,TikTok,5,3.0,103,Sometimes,38,Entertainment,7.1,13,1,7,6,6,7,8,2,No,"Yes, failed",Considering it,Moderate
13,Female,Self-employed,North America,X/Twitter,3,7.4,160,Often,10,News/information,5.6,23,0,9,10,2,10,8,5,No,"Yes, succeeded",No,At-risk
28,Female,Self-employed,Latin America,X/Twitter,2,3.2,87,Sometimes,7,Connection with friends,6.5,13,5,6,5,4,2,10,2,No,"Yes, failed",No,Moderate
35,Male,Full-time employed,Africa,YouTube,2,4.7,100,Every night,19,Entertainment,5.1,9,6,6,6,6,8,7,2,No,No,No,Good
51,Female,Full-time employed,Asia,YouTube,6,2.4,25,Sometimes,51,Connection with friends,6.8,10,4,5,7,6,5,9,3,No,"Yes, failed",No,Moderate
30,Female,Full-time employed,North America,TikTok,7,2.7,34,Often,33,Passing time/boredom,6.7,10,0,9,2,4,5,6,1,No,No,Considering it,Moderate
24,Male,Part-time employed,North America,Facebook,2,1.9,35,Sometimes,9,Entertainment,7.5,11,8,5,4,9,5,1,2,No,"Yes, failed",Considering it,Moderate
19,Male,Student,Europe,Instagram,2,3.9,53,Every night,37,Connection with friends,6.1,14,0,9,4,9,1,9,1,No,"Yes, succeeded",No,Moderate
18,Male,Full-time employed,Europe,TikTok,1,2.3,44,Often,26,Content creation,7.8,10,7,8,7,8,3,6,3,No,"Yes, failed",No,Moderate
28,Male,Full-time employed,North America,Instagram,4,1.6,36,Every night,33,Entertainment,6.5,16,4,8,7,2,1,4,4,No,No,Yes,Moderate
22,Male,Unemployed,Asia,TikTok,3,3.0,55,Sometimes,38,Work/career,6.1,13,0,8,7,9,6,5,2,No,"Yes, failed",No,Moderate
28,Male,Self-employed,Asia,Instagram,3,3.3,27,Every night,27,Work/career,7.1,7,3,8,4,7,4,5,3,No,No,Yes,Good
28,Male,Self-employed,Asia,X/Twitter,3,2.4,72,Sometimes,8,Connection with friends,7.6,8,3,8,5,8,2,6,4,Yes,No,Yes,Good
16,Female,Self-employed,Asia,Snapchat,5,2.4,18,Sometimes,3,Content creation,8.0,7,2,8,3,5,4,10,2,No,"Yes, succeeded",No,Good
29,Male,Student,North America,Instagram,3,4.2,68,Often,8,Work/career,5.2,17,3,5,4,5,4,3,3,No,"Yes, failed",No,At-risk
15,Male,Full-time employed,Latin America,Instagram,4,2.1,49,Sometimes,59,Connection with friends,8.0,15,4,3,3,6,3,6,1,No,"Yes, succeeded",Yes,Moderate
31,Female,Full-time employed,Oceania,TikTok,4,2.1,122,Never,19,News/information,7.6,14,9,5,2,2,3,3,3,No,"Yes, failed",Considering it,Moderate
30,Female,Student,North America,TikTok,7,2.8,20,Never,4,Content creation,7.2,10,9,8,2,7,2,6,3,No,No,No,Moderate
37,Male,Student,North America,LinkedIn,2,2.3,36,Every night,15,Entertainment,6.8,7,5,7,2,5,4,4,3,No,"Yes, failed",No,Good
26,Male,Self-employed,Asia,Reddit,5,2.3,60,Never,11,Passing time/boredom,7.3,5,2,5,7,8,2,7,5,Yes,"Yes, succeeded",No,Good
17,Female,Student,Asia,LinkedIn,2,5.4,75,Sometimes,1,News/information,6.9,19,1,7,5,6,7,6,3,No,"Yes, failed",No,At-risk
33,Female,Student,Europe,YouTube,2,3.0,78,Sometimes,11,News/information,6.1,7,8,5,8,7,5,4,2,No,No,No,Good
47,Male,Part-time employed,Europe,Reddit,3,4.4,123,Sometimes,18,Work/career,6.2,16,5,7,6,7,5,3,1,No,"Yes, failed",Considering it,Moderate
27,Male,Student,Europe,X/Twitter,2,2.1,27,Often,26,Work/career,6.6,12,1,7,5,7,1,8,3,No,"Yes, failed",No,Moderate
21,Female,Full-time employed,Africa,Instagram,8,3.0,44,Every night,15,Passing time/boredom,5.4,11,0,5,4,7,6,4,1,No,"Yes, failed",No,Moderate
34,Male,Unemployed,Asia,TikTok,2,2.6,80,Often,2,Entertainment,6.1,8,10,7,4,6,7,4,2,Yes,"Yes, failed",Considering it,Moderate
36,Prefer not to say,Full-time employed,Europe,TikTok,1,2.8,17,Sometimes,29,News/information,6.9,13,0,7,1,8,5,2,1,Yes,No,No,Moderate
30,Male,Self-employed,Europe,TikTok,4,1.5,15,Often,27,Connection with friends,7.0,14,1,9,4,6,4,5,2,No,"Yes, failed",No,Moderate
23,Male,Full-time employed,North America,TikTok,2,3.8,86,Often,32,Entertainment,6.2,9,0,4,1,3,6,5,1,Yes,No,No,Good
26,Male,Student,North America,TikTok,4,2.3,21,Often,12,Connection with friends,5.9,24,3,3,6,8,1,6,5,No,No,Considering it,At-risk
37,Female,Student,Oceania,TikTok,2,3.4,11,Every night,60,Entertainment,6.1,14,6,6,7,6,4,2,2,No,No,Considering it,Moderate
29,Female,Student,North America,YouTube,3,3.9,78,Sometimes,2,Passing time/boredom,7.0,8,7,10,6,5,7,5,2,Yes,"Yes, succeeded",Considering it,Good
13,Female,Full-time employed,Europe,YouTube,3,1.7,27,Every night,26,Content creation,7.2,11,4,4,4,7,7,5,2,Yes,No,No,Moderate
28,Male,Student,Asia,Snapchat,4,1.0,19,Sometimes,12,Work/career,7.0,9,9,7,4,6,4,2,4,Yes,No,No,Good
36,Non-binary,Retired,Asia,YouTube,5,2.1,38,Sometimes,21,Entertainment,8.6,5,9,7,3,6,5,2,1,No,"Yes, failed",Considering it,Good
16,Male,Student,Europe,TikTok,5,5.1,241,Sometimes,9,Content creation,6.9,12,7,7,5,5,5,7,3,Yes,No,No,Moderate
23,Non-binary,Full-time employed,Asia,Instagram,5,1.6,53,Sometimes,14,Entertainment,7.3,6,13,7,1,6,7,4,3,Yes,No,Considering it,Moderate
20,Male,Student,North America,YouTube,4,1.8,27,Sometimes,13,Entertainment,7.0,13,2,6,6,7,6,8,2,No,No,No,Moderate
13,Female,Student,Europe,Instagram,2,5.3,84,Every night,30,Entertainment,5.5,15,0,2,6,1,4,8,4,No,"Yes, failed",No,Moderate
13,Female,Part-time employed,North America,Instagram,4,3.4,84,Never,32,Entertainment,9.3,7,5,10,4,8,1,4,5,No,"Yes, succeeded",Yes,Good
32,Male,Student,Europe,YouTube,3,4.7,51,Never,36,News/information,6.3,5,7,7,5,6,8,5,3,No,"Yes, succeeded",No,Good
49,Female,Full-time employed,North America,TikTok,4,0.8,5,Often,4,Entertainment,6.7,15,10,8,1,7,1,7,5,No,No,No,Moderate
13,Male,Full-time employed,Asia,Instagram,4,4.7,156,Often,38,Passing time/boredom,6.8,12,5,5,7,6,2,6,1,No,No,Yes,Moderate
13,Male,Full-time employed,North America,Reddit,3,2.4,14,Sometimes,6,Work/career,7.8,15,7,7,7,5,3,4,2,Yes,No,Yes,Moderate
48,Male,Full-time employed,Asia,Snapchat,5,2.1,41,Never,9,News/information,7.6,15,0,7,4,4,6,2,2,No,"Yes, failed",No,Moderate
34,Male,Self-employed,North America,X/Twitter,3,2.7,65,Often,16,Content creation,5.6,13,9,8,4,5,1,8,2,No,No,No,Moderate
25,Male,Full-time employed,North America,YouTube,1,2.3,24,Often,18,Work/career,7.1,4,7,6,3,6,2,6,4,No,"Yes, failed",No,Good
43,Female,Student,Asia,Instagram,2,1.4,18,Sometimes,19,News/information,7.9,9,9,6,7,5,1,5,3,No,No,No,Good
15,Male,Self-employed,North America,Reddit,7,2.5,47,Sometimes,16,Connection with friends,7.8,10,0,5,3,7,3,6,2,No,No,Considering it,Moderate
22,Male,Student,Asia,Snapchat,1,1.3,30,Sometimes,3,Content creation,6.9,8,5,7,1,10,5,5,1,Yes,No,No,Good
29,Male,Part-time employed,Asia,TikTok,1,0.9,23,Sometimes,33,Work/career,7.9,12,0,10,3,9,3,4,4,No,"Yes, succeeded",No,Moderate
45,Female,Student,Asia,Instagram,1,2.7,10,Sometimes,16,Entertainment,7.7,4,4,9,1,7,5,5,5,Yes,"Yes, failed",Considering it,Good
29,Male,Unemployed,Asia,YouTube,4,3.6,43,Sometimes,16,Passing time/boredom,8.5,4,6,7,4,6,5,5,3,No,No,Yes,Good
32,Female,Student,North America,YouTube,2,3.1,99,Never,10,Entertainment,7.0,8,4,9,3,5,6,8,5,Yes,"Yes, failed",Yes,Good
27,Male,Full-time employed,Europe,TikTok,2,5.2,118,Never,4,Connection with friends,6.8,14,6,7,8,5,9,4,2,No,"Yes, succeeded",No,Moderate
24,Male,Student,North America,X/Twitter,2,3.4,49,Sometimes,7,Entertainment,5.7,12,2,7,2,7,6,8,1,No,No,No,Moderate
32,Male,Student,North America,TikTok,1,0.8,11,Every night,46,Entertainment,7.5,17,5,9,5,10,1,4,4,No,No,Yes,At-risk
41,Prefer not to say,Student,Latin America,Instagram,5,2.5,81,Often,24,Connection with friends,6.3,12,3,9,2,5,3,3,2,No,"Yes, failed",No,Moderate
15,Male,Full-time employed,Europe,TikTok,3,3.6,69,Never,7,Entertainment,7.2,10,3,6,2,4,4,4,2,Yes,"Yes, failed",Considering it,Moderate
13,Male,Student,Asia,TikTok,5,1.8,9,Never,14,Passing time/boredom,6.6,6,4,7,7,8,4,8,3,Yes,"Yes, failed",Considering it,Good
15,Female,Self-employed,Latin America,TikTok,3,5.1,92,Often,25,Entertainment,7.3,9,0,4,10,3,3,4,4,No,"Yes, failed",Yes,Good
28,Non-binary,Self-employed,Europe,Facebook,7,1.9,13,Often,22,Entertainment,6.8,14,0,9,3,7,4,4,3,No,"Yes, failed",Yes,Moderate
41,Female,Unemployed,Europe,Facebook,3,2.7,28,Sometimes,35,Entertainment,7.3,11,5,6,6,7,4,5,1,Yes,"Yes, failed",Yes,Moderate
39,Male,Full-time employed,Europe,Instagram,3,9.4,65,Often,9,Work/career,6.1,21,0,4,9,5,2,7,3,No,No,No,At-risk
34,Female,Retired,Africa,YouTube,3,1.9,9,Sometimes,26,News/information,8.1,13,11,7,4,9,4,6,2,No,"Yes, failed",No,Moderate
41,Male,Full-time employed,Asia,TikTok,6,3.5,68,Every night,29,News/information,5.7,20,0,5,1,8,5,5,4,No,No,No,At-risk
40,Female,Full-time employed,North America,Instagram,6,1.5,11,Every night,3,Connection with friends,6.4,9,6,6,5,6,1,5,2,No,"Yes, failed",No,Good
36,Female,Student,Asia,TikTok,5,5.5,283,Sometimes,14,Work/career,6.8,14,3,4,4,7,7,7,2,No,No,Considering it,Moderate
30,Male,Full-time employed,Europe,LinkedIn,1,2.8,39,Often,11,Passing time/boredom,7.5,14,0,7,7,6,9,2,1,No,"Yes, failed",Considering it,Moderate
31,Non-binary,Student,Europe,Facebook,3,5.4,56,Often,14,Passing time/boredom,7.0,12,0,4,4,6,8,10,3,Yes,No,Yes,Moderate
41,Male,Student,Europe,YouTube,6,2.2,90,Every night,23,Passing time/boredom,6.9,16,7,7,6,10,2,2,4,No,No,Considering it,Moderate
37,Female,Full-time employed,Latin America,X/Twitter,3,4.8,43,Often,28,Passing time/boredom,7.5,13,0,6,6,2,7,8,2,No,"Yes, succeeded",No,Moderate
27,Male,Part-time employed,Europe,Instagram,6,4.3,202,Sometimes,23,Entertainment,6.8,6,0,3,4,6,2,6,5,No,No,No,Good
33,Male,Student,Europe,TikTok,2,3.7,160,Sometimes,44,Connection with friends,6.7,9,0,6,3,6,6,4,2,No,No,No,Good
15,Female,Full-time employed,Europe,Snapchat,5,3.8,95,Sometimes,10,Entertainment,7.3,16,5,7,6,9,7,3,4,No,No,No,Moderate
18,Female,Student,Asia,TikTok,4,1.7,20,Often,7,Entertainment,6.3,4,0,8,4,7,1,6,3,No,"Yes, succeeded",No,Good
28,Female,Full-time employed,North America,TikTok,3,2.2,43,Sometimes,10,Connection with friends,7.4,9,6,9,4,6,2,6,5,Yes,"Yes, failed",Considering it,Good
18,Female,Full-time employed,Africa,TikTok,5,1.7,101,Never,24,Connection with friends,7.9,5,10,9,6,6,3,5,2,Yes,No,No,Moderate
29,Male,Full-time employed,Asia,YouTube,3,4.1,79,Often,7,Passing time/boredom,6.4,9,1,6,9,3,6,6,1,No,"Yes, succeeded",No,Good
23,Female,Full-time employed,Oceania,X/Twitter,3,1.7,74,Sometimes,12,News/information,7.7,12,5,7,1,4,5,7,3,No,No,No,Moderate
15,Male,Full-time employed,Asia,YouTube,4,2.5,159,Often,25,Work/career,6.9,15,12,8,6,6,6,3,5,No,"Yes, failed",No,Moderate
17,Female,Self-employed,North America,TikTok,3,3.3,37,Often,18,Work/career,7.6,21,0,6,1,9,8,6,3,No,"Yes, failed",Yes,At-risk
41,Male,Student,Asia,TikTok,7,6.3,131,Sometimes,52,Content creation,6.9,15,0,8,4,4,9,6,1,Yes,"Yes, succeeded",No,Moderate
25,Male,Student,Europe,Instagram,5,5.7,52,Never,28,Entertainment,7.3,8,1,6,3,5,5,5,4,No,No,Considering it,Good
30,Female,Student,Asia,TikTok,3,2.1,22,Every night,32,Content creation,5.8,14,0,9,4,6,6,5,2,No,No,No,Moderate
29,Male,Full-time employed,Asia,X/Twitter,6,8.6,85,Often,10,Connection with friends,6.1,20,0,6,9,6,4,6,3,Yes,No,No,At-risk
29,Female,Student,North America,Instagram,6,3.1,18,Never,0,Connection with friends,6.6,12,2,6,3,4,7,7,2,No,"Yes, failed",Yes,Moderate
13,Male,Full-time employed,Africa,Facebook,4,1.9,24,Never,4,News/information,6.9,10,8,6,3,8,6,3,4,No,No,No,Moderate
35,Male,Full-time employed,Asia,YouTube,1,5.3,52,Sometimes,16,Passing time/boredom,7.2,9,4,6,6,5,6,7,3,Yes,No,Yes,Good
16,Male,Unemployed,Europe,TikTok,3,1.4,25,Often,10,Work/career,6.7,9,5,6,3,7,9,5,1,No,"Yes, failed",Considering it,Good
37,Female,Part-time employed,North America,Instagram,2,8.4,137,Sometimes,30,News/information,6.8,11,3,4,7,4,5,8,2,Yes,No,No,Moderate
13,Female,Retired,North America,Snapchat,2,3.5,37,Often,4,Work/career,6.7,13,8,10,6,7,5,5,3,No,No,Considering it,Moderate
33,Female,Student,North America,TikTok,4,5.9,53,Often,10,Entertainment,6.9,20,0,4,5,7,9,6,3,No,No,No,At-risk
15,Male,Full-time employed,Asia,TikTok,5,2.0,67,Sometimes,41,News/information,7.4,10,1,7,6,5,1,3,3,No,No,Yes,Moderate
27,Female,Self-employed,Europe,Reddit,5,1.5,33,Every night,18,Entertainment,7.1,11,0,6,7,9,3,7,3,No,"Yes, succeeded",No,Moderate
20,Female,Student,Asia,TikTok,2,4.0,172,Sometimes,18,Entertainment,5.6,10,2,6,5,6,6,5,2,No,No,Considering it,Moderate
24,Male,Retired,Asia,Instagram,1,1.6,13,Every night,3,Work/career,6.3,16,13,4,6,7,2,2,3,No,"Yes, failed",Considering it,Moderate
37,Male,Full-time employed,Latin America,Instagram,6,1.7,33,Every night,18,Connection with friends,6.3,11,4,8,1,2,2,5,2,No,"Yes, failed",No,Moderate
13,Male,Retired,Europe,Instagram,5,1.4,53,Sometimes,14,Entertainment,7.7,18,6,5,4,4,3,2,1,Yes,No,No,At-risk
29,Male,Student,Asia,YouTube,3,5.4,106,Sometimes,3,Entertainment,6.1,15,5,4,6,1,5,6,2,No,No,No,Moderate
29,Male,Full-time employed,Asia,X/Twitter,5,2.1,58,Often,2,News/information,6.4,2,3,6,1,6,4,6,2,Yes,No,Yes,Good
39,Female,Student,Asia,YouTube,3,2.1,34,Sometimes,39,Content creation,6.0,14,11,6,4,6,4,3,2,Yes,No,No,Moderate
39,Female,Student,Asia,TikTok,2,0.9,8,Often,25,News/information,7.0,8,4,7,2,6,4,4,2,No,"Yes, failed",No,Good
26,Prefer not to say,Full-time employed,Oceania,Instagram,5,5.0,125,Every night,6,Connection with friends,6.0,24,5,7,5,7,7,8,4,No,No,No,At-risk
20,Female,Student,Asia,Reddit,3,3.1,18,Often,25,Content creation,6.7,6,0,6,7,5,4,4,2,Yes,"Yes, failed",Yes,Good
56,Non-binary,Student,North America,Instagram,8,4.1,94,Sometimes,5,Passing time/boredom,7.8,16,7,5,5,6,8,7,0,No,"Yes, succeeded",No,Moderate
34,Female,Full-time employed,North America,YouTube,3,5.0,167,Sometimes,12,Content creation,6.1,10,7,4,4,5,7,4,2,Yes,"Yes, failed",No,Moderate
20,Male,Full-time employed,Latin America,TikTok,4,3.1,8,Sometimes,11,Content creation,6.6,9,5,6,5,7,4,7,2,No,"Yes, succeeded",No,Good
18,Female,Student,Asia,Instagram,3,6.9,142,Sometimes,45,News/information,7.2,22,0,6,7,5,4,4,3,No,"Yes, succeeded",No,At-risk
13,Male,Part-time employed,Europe,Snapchat,4,4.2,59,Every night,23,Content creation,5.8,13,7,7,6,5,6,5,2,Yes,"Yes, succeeded",No,Moderate
26,Male,Full-time employed,North America,YouTube,2,3.2,30,Sometimes,12,Passing time/boredom,7.3,19,7,9,7,6,7,5,2,No,"Yes, succeeded",No,At-risk
25,Male,Full-time employed,North America,TikTok,1,4.3,101,Sometimes,51,Entertainment,7.5,6,0,5,4,7,7,7,5,No,No,No,Good
38,Male,Student,Asia,Facebook,3,2.7,63,Never,26,Entertainment,7.1,10,3,7,4,6,6,8,5,No,No,Yes,Moderate
22,Female,Full-time employed,North America,Instagram,2,5.8,221,Every night,60,Passing time/boredom,6.3,15,0,6,6,8,9,6,4,Yes,"Yes, succeeded",No,Moderate
32,Female,Full-time employed,Asia,TikTok,5,5.4,116,Never,21,News/information,8.5,15,0,6,4,4,5,9,2,Yes,No,No,Moderate
27,Female,Student,Latin America,TikTok,2,2.9,169,Every night,22,Connection with friends,6.8,14,2,7,4,9,1,5,0,No,No,No,Moderate
38,Male,Student,Europe,TikTok,4,1.9,45,Sometimes,2,News/information,6.3,9,0,5,4,7,9,7,4,No,No,Considering it,Good
30,Male,Full-time employed,North America,Snapchat,2,2.0,28,Sometimes,26,Entertainment,7.7,10,9,10,3,5,4,7,1,No,"Yes, failed",No,Moderate
20,Male,Full-time employed,Europe,TikTok,2,7.2,95,Often,1,Entertainment,6.6,27,2,6,9,1,8,7,3,No,No,No,At-risk
32,Male,Full-time employed,North America,YouTube,3,7.4,52,Sometimes,12,Connection with friends,7.2,12,2,7,5,5,6,6,2,No,No,No,Moderate
39,Male,Full-time employed,Oceania,YouTube,4,3.4,56,Never,14,Passing time/boredom,6.9,13,0,7,5,5,4,6,3,No,No,No,Moderate
16,Prefer not to say,Student,Asia,YouTube,2,2.5,21,Every night,22,Passing time/boredom,6.7,9,4,7,5,4,4,8,3,No,"Yes, failed",Considering it,Good
42,Male,Unemployed,Africa,YouTube,4,1.6,12,Sometimes,4,Entertainment,6.6,1,2,6,5,8,1,9,4,No,"Yes, failed",No,Good
15,Female,Self-employed,Africa,TikTok,1,2.2,53,Sometimes,11,Connection with friends,7.8,12,5,6,6,7,2,4,3,No,"Yes, failed",Considering it,Moderate
51,Female,Student,Europe,Snapchat,4,1.7,30,Often,8,Entertainment,7.3,17,0,4,2,6,5,4,4,Yes,No,Considering it,At-risk
28,Male,Full-time employed,Asia,Instagram,2,7.8,224,Often,28,Connection with friends,6.7,23,6,9,6,4,10,7,4,Yes,No,No,At-risk
33,Prefer not to say,Full-time employed,North America,Snapchat,2,2.1,27,Often,5,Content creation,5.8,11,7,6,4,8,5,3,4,Yes,No,Yes,Moderate
33,Female,Unemployed,Europe,TikTok,1,1.6,28,Every night,21,Entertainment,6.3,6,3,8,4,8,4,3,3,No,"Yes, succeeded",No,Good
41,Male,Full-time employed,Africa,Facebook,1,2.6,19,Sometimes,46,News/information,6.9,5,4,8,4,3,3,4,3,No,No,No,Good
27,Female,Student,Asia,Instagram,3,4.5,188,Often,33,News/information,5.6,16,12,8,4,4,4,6,4,No,No,Considering it,Moderate
37,Male,Full-time employed,Europe,Facebook,1,3.0,29,Sometimes,4,Passing time/boredom,8.5,11,1,8,3,4,7,7,1,No,No,No,Moderate
30,Female,Student,Africa,YouTube,2,4.2,70,Sometimes,16,Entertainment,7.5,17,0,8,6,4,3,3,3,No,No,No,At-risk
27,Female,Full-time employed,Asia,Instagram,2,3.6,35,Every night,15,Entertainment,6.1,11,3,7,3,8,4,6,2,Yes,No,No,Moderate
13,Male,Unemployed,Europe,TikTok,5,3.9,22,Every night,20,Entertainment,6.2,7,0,3,6,4,6,9,3,No,No,Considering it,Good
13,Female,Unemployed,Asia,TikTok,2,5.3,28,Sometimes,18,News/information,7.1,13,0,7,7,4,7,7,3,Yes,"Yes, succeeded",No,Moderate
26,Male,Full-time employed,Europe,X/Twitter,6,2.0,28,Often,4,News/information,8.0,13,5,8,2,5,9,10,1,No,"Yes, failed",Yes,Moderate
36,Female,Student,Asia,Instagram,2,1.3,15,Often,10,Entertainment,6.6,12,0,5,5,5,3,2,3,Yes,No,Yes,Moderate
31,Male,Self-employed,Europe,Facebook,1,3.2,72,Sometimes,36,Entertainment,6.8,9,1,6,7,6,3,7,2,No,No,Considering it,Good
41,Male,Full-time employed,Latin America,Snapchat,4,4.8,53,Often,10,Work/career,7.7,14,4,7,6,6,6,5,4,No,No,Considering it,Moderate
30,Non-binary,Self-employed,Europe,Instagram,6,1.1,28,Sometimes,29,Work/career,7.6,8,7,10,3,7,2,9,2,Yes,"Yes, failed",No,Good
43,Female,Unemployed,Europe,Facebook,3,2.8,92,Sometimes,13,News/information,8.2,5,0,7,3,5,3,7,5,Yes,No,No,Good
41,Male,Student,North America,YouTube,4,1.7,75,Often,52,Work/career,6.2,13,3,7,3,6,5,5,5,No,"Yes, failed",Considering it,Moderate
22,Female,Self-employed,Latin America,Instagram,4,0.9,16,Every night,21,Content creation,6.4,11,7,9,2,3,5,4,2,No,"Yes, failed",No,Moderate
13,Male,Student,Latin America,Instagram,1,4.6,127,Sometimes,23,News/information,7.8,12,8,8,4,3,7,5,5,No,"Yes, failed",No,Moderate
14,Female,Student,North America,TikTok,4,3.5,63,Every night,22,Entertainment,6.3,15,2,5,5,7,4,6,3,No,No,No,Moderate
15,Male,Unemployed,Asia,Snapchat,4,2.2,51,Every night,12,News/information,6.2,8,4,6,7,8,5,7,0,Yes,No,No,Good
43,Male,Self-employed,North America,Facebook,2,0.8,15,Sometimes,14,Entertainment,7.8,13,11,9,4,6,5,5,2,Yes,No,No,Moderate
37,Female,Student,Asia,Instagram,4,1.8,48,Every night,38,Entertainment,5.7,4,4,6,3,7,3,3,2,No,"Yes, failed",Considering it,Good
21,Male,Student,North America,Instagram,1,2.8,99,Sometimes,18,Entertainment,8.1,14,10,9,5,4,5,6,5,No,"Yes, failed",Considering it,Moderate
52,Male,Part-time employed,Asia,Instagram,2,3.9,107,Never,7,Passing time/boredom,6.4,18,7,4,6,2,7,6,3,No,"Yes, succeeded",Yes,At-risk
44,Male,Full-time employed,Latin America,YouTube,1,1.1,16,Sometimes,37,Entertainment,8.7,6,3,9,6,8,1,2,2,No,"Yes, failed",No,Good
21,Female,Unemployed,Latin America,TikTok,4,5.0,92,Every night,4,Entertainment,6.7,13,0,5,9,8,2,8,3,Yes,"Yes, failed",Considering it,Moderate
34,Male,Student,Latin America,LinkedIn,3,3.7,55,Every night,16,Entertainment,6.3,15,0,7,4,3,7,4,1,No,No,No,Moderate
25,Female,Unemployed,Europe,YouTube,3,3.0,113,Sometimes,4,Work/career,7.5,9,5,7,1,7,5,6,4,No,"Yes, failed",No,Good
18,Female,Full-time employed,Europe,X/Twitter,4,4.0,58,Often,16,Entertainment,6.9,12,0,8,7,2,4,4,4,No,"Yes, succeeded",Yes,Moderate
23,Female,Full-time employed,Asia,Instagram,1,4.6,35,Sometimes,14,Passing time/boredom,7.2,12,2,6,7,4,7,6,6,No,No,No,Moderate
25,Female,Unemployed,North America,Snapchat,2,2.9,105,Sometimes,13,Passing time/boredom,7.3,5,0,9,7,8,4,7,2,No,"Yes, failed",Yes,Good
19,Female,Unemployed,Asia,TikTok,4,0.8,19,Every night,35,News/information,6.2,6,2,4,3,9,3,3,2,Yes,"Yes, succeeded",No,Good
33,Male,Unemployed,Asia,Instagram,5,5.9,82,Often,8,News/information,5.4,20,1,3,6,2,5,8,2,Yes,No,No,At-risk
13,Female,Part-time employed,Asia,Reddit,5,1.3,20,Every night,42,Connection with friends,5.8,7,6,7,5,5,3,4,4,No,No,Considering it,Good
23,Male,Student,Asia,TikTok,8,3.0,24,Sometimes,11,Content creation,6.4,14,4,9,6,5,5,7,3,No,"Yes, failed",No,Moderate
21,Male,Full-time employed,Oceania,Reddit,3,1.4,8,Every night,5,Entertainment,7.3,1,4,7,3,5,5,1,5,No,"Yes, succeeded",Considering it,Good
17,Male,Full-time employed,Asia,Instagram,5,1.4,15,Sometimes,23,News/information,7.8,8,8,5,2,6,8,7,4,No,No,No,Good
32,Female,Student,Europe,TikTok,6,3.0,15,Sometimes,11,News/information,7.9,12,10,5,9,6,7,8,2,No,"Yes, failed",No,Moderate
20,Female,Retired,Europe,Reddit,6,1.9,13,Sometimes,16,Content creation,7.0,12,5,7,3,10,8,3,3,No,"Yes, failed",No,Moderate
24,Female,Full-time employed,North America,YouTube,3,0.5,7,Sometimes,14,Entertainment,8.5,0,4,5,3,4,3,4,3,No,"Yes, failed",Yes,Good
29,Female,Student,Europe,Instagram,3,2.4,110,Sometimes,15,Passing time/boredom,6.4,6,0,7,6,5,5,6,3,No,No,No,Good
34,Female,Student,Asia,YouTube,8,7.5,34,Sometimes,8,Work/career,6.2,14,0,9,4,9,8,7,2,No,"Yes, succeeded",No,Moderate
47,Female,Unemployed,North America,YouTube,6,6.2,51,Every night,15,Entertainment,5.5,23,0,6,6,1,7,7,4,No,No,Considering it,At-risk
26,Male,Student,North America,Snapchat,5,3.0,36,Every night,10,Passing time/boredom,5.8,14,4,9,2,3,3,6,1,Yes,No,Yes,Moderate
22,Female,Full-time employed,Europe,TikTok,6,2.8,140,Every night,10,Content creation,6.1,12,5,9,5,4,8,8,2,No,No,No,Moderate
40,Female,Student,Asia,Instagram,2,6.3,133,Sometimes,13,Work/career,7.3,11,0,4,8,8,7,7,2,No,No,Yes,Moderate
57,Male,Student,Latin America,Snapchat,4,3.8,34,Sometimes,8,Passing time/boredom,7.8,12,4,8,9,9,6,6,3,Yes,No,Considering it,Moderate
34,Female,Student,Europe,Instagram,2,2.1,40,Never,33,Passing time/boredom,7.0,10,4,9,4,2,3,3,4,No,No,No,Moderate
17,Male,Student,Europe,X/Twitter,1,2.4,61,Every night,4,Passing time/boredom,6.4,10,10,5,4,8,3,4,3,No,No,Considering it,Moderate
27,Male,Full-time employed,Asia,Instagram,3,2.9,25,Often,6,Passing time/boredom,7.6,13,1,9,3,6,4,3,3,Yes,No,No,Moderate
28,Female,Full-time employed,North America,TikTok,3,1.5,15,Sometimes,22,Passing time/boredom,6.6,2,7,7,3,9,5,7,2,Yes,"Yes, failed",Yes,Good
24,Male,Full-time employed,Europe,YouTube,5,2.2,80,Sometimes,43,Entertainment,9.2,9,11,5,1,7,2,3,6,Yes,No,No,Moderate
42,Male,Self-employed,Asia,LinkedIn,3,2.1,35,Often,22,Entertainment,7.3,19,0,8,4,6,3,4,3,Yes,"Yes, failed",No,At-risk
38,Male,Full-time employed,Latin America,Instagram,2,0.6,8,Every night,40,News/information,7.8,10,6,10,4,7,3,4,5,No,No,No,Moderate
51,Male,Retired,Asia,Instagram,3,5.3,170,Sometimes,41,Content creation,6.2,12,1,7,6,3,2,8,2,No,No,Considering it,Moderate
44,Male,Self-employed,Asia,LinkedIn,7,1.8,41,Every night,46,Passing time/boredom,7.7,11,0,8,5,7,3,2,3,No,No,No,Moderate
16,Male,Unemployed,Asia,Reddit,5,4.8,29,Sometimes,50,Connection with friends,7.7,10,4,9,7,8,8,8,3,No,"Yes, failed",Considering it,Moderate
18,Non-binary,Student,Asia,YouTube,3,2.9,23,Often,17,Connection with friends,7.2,15,9,7,5,7,5,7,2,No,No,No,Moderate
13,Female,Full-time employed,Europe,Facebook,1,3.5,17,Often,2,Passing time/boredom,7.0,9,0,5,1,6,5,4,3,No,No,Considering it,Good
21,Male,Full-time employed,Europe,X/Twitter,2,2.4,15,Sometimes,9,Entertainment,8.3,5,5,8,3,7,5,6,0,No,"Yes, failed",No,Good
23,Male,Student,Europe,TikTok,2,3.2,61,Every night,10,Passing time/boredom,6.4,11,0,8,3,5,6,9,2,Yes,"Yes, failed",No,Moderate
25,Female,Retired,Oceania,LinkedIn,3,3.4,55,Sometimes,31,News/information,8.2,10,0,8,2,4,4,5,2,Yes,"Yes, succeeded",Yes,Moderate
31,Female,Retired,Asia,YouTube,2,3.9,62,Often,47,Entertainment,8.4,12,6,5,3,8,7,5,0,No,No,Considering it,Moderate
21,Male,Student,North America,X/Twitter,1,4.8,174,Sometimes,26,Connection with friends,6.5,14,3,5,4,4,7,6,1,No,"Yes, failed",No,Moderate
21,Female,Student,North America,Reddit,3,5.7,183,Sometimes,12,Passing time/boredom,8.0,17,0,4,7,7,7,5,4,No,"Yes, succeeded",Yes,At-risk
58,Male,Unemployed,Asia,Instagram,6,0.9,12,Sometimes,4,Connection with friends,7.4,7,13,7,1,4,1,8,4,No,No,No,Moderate
40,Male,Student,North America,X/Twitter,2,2.1,22,Sometimes,45,Passing time/boredom,7.7,10,5,8,4,7,3,4,3,No,No,Considering it,Moderate
38,Male,Full-time employed,Asia,Instagram,3,6.6,159,Often,25,News/information,5.0,20,5,6,4,8,5,7,3,No,No,No,At-risk
42,Female,Student,Asia,Instagram,5,3.4,18,Often,47,Connection with friends,6.0,9,3,4,9,8,5,3,3,Yes,No,No,Good
35,Male,Full-time employed,Europe,Instagram,5,6.8,111,Sometimes,21,Entertainment,7.3,17,2,9,4,5,8,4,1,Yes,"Yes, succeeded",Yes,At-risk
28,Female,Unemployed,Oceania,LinkedIn,6,5.4,166,Every night,8,Work/career,6.3,18,0,8,5,5,4,7,3,Yes,"Yes, failed",No,At-risk
23,Female,Student,Europe,Snapchat,3,1.4,12,Sometimes,19,Entertainment,7.2,2,3,8,5,7,3,3,3,Yes,"Yes, succeeded",No,Good
21,Female,Full-time employed,Asia,TikTok,1,2.8,33,Never,15,Passing time/boredom,7.5,18,3,9,6,9,4,4,4,Yes,"Yes, succeeded",No,At-risk
52,Female,Student,Europe,LinkedIn,2,4.8,98,Often,10,Entertainment,7.6,11,0,10,6,5,8,5,3,No,"Yes, failed",No,Moderate
21,Male,Student,North America,Instagram,2,3.1,22,Never,21,Entertainment,7.1,9,8,8,5,6,2,9,2,Yes,"Yes, failed",No,Good
26,Female,Unemployed,Asia,Instagram,2,5.0,120,Every night,5,Connection with friends,5.8,10,7,8,4,5,6,6,3,Yes,No,Considering it,Moderate
43,Male,Part-time employed,Asia,YouTube,4,2.3,51,Sometimes,22,Connection with friends,7.3,15,0,7,3,5,6,1,4,No,No,No,Moderate
34,Female,Self-employed,Europe,YouTube,3,3.1,78,Every night,19,Entertainment,7.1,10,1,7,6,7,5,7,3,Yes,No,No,Moderate
21,Non-binary,Full-time employed,Asia,Facebook,2,2.9,59,Sometimes,15,Passing time/boredom,6.0,13,2,6,7,6,4,4,3,No,No,No,Moderate
33,Male,Unemployed,North America,Instagram,2,1.5,50,Sometimes,12,News/information,7.7,12,4,10,3,5,2,1,3,Yes,"Yes, succeeded",Considering it,Moderate
38,Male,Self-employed,Asia,X/Twitter,4,3.5,21,Sometimes,13,News/information,7.7,11,8,10,4,5,5,6,3,No,"Yes, succeeded",Yes,Moderate
25,Male,Full-time employed,Asia,Reddit,2,3.8,47,Never,24,Entertainment,8.1,9,3,5,4,8,5,5,1,No,"Yes, failed",Considering it,Good
15,Male,Student,Europe,Reddit,3,5.3,76,Never,9,News/information,7.3,23,4,8,9,7,5,6,2,Yes,No,No,At-risk
18,Male,Full-time employed,North America,YouTube,1,2.3,77,Often,26,Connection with friends,6.6,14,4,5,6,3,3,4,2,No,"Yes, failed",No,Moderate
38,Female,Part-time employed,Europe,Instagram,3,2.7,113,Every night,21,News/information,6.5,10,2,6,2,7,4,3,3,Yes,"Yes, failed",Yes,Moderate
33,Female,Self-employed,Latin America,TikTok,4,0.4,13,Often,2,Content creation,8.3,2,0,7,6,10,7,5,1,Yes,No,No,Good
43,Male,Unemployed,Latin America,YouTube,5,0.5,5,Often,15,Content creation,6.9,8,4,8,7,7,6,1,1,No,"Yes, failed",Considering it,Good
24,Male,Retired,Asia,Instagram,3,1.9,8,Sometimes,34,Entertainment,8.2,12,3,10,3,4,8,5,3,Yes,"Yes, failed",No,Moderate
34,Female,Full-time employed,Europe,YouTube,1,1.9,31,Often,14,Entertainment,7.9,14,8,10,5,10,3,4,3,No,No,No,Moderate
30,Non-binary,Full-time employed,North America,Instagram,2,3.6,27,Often,15,Entertainment,7.0,2,0,4,4,5,4,3,1,No,"Yes, succeeded",No,Good
20,Male,Student,North America,YouTube,1,6.4,150,Sometimes,15,Connection with friends,6.3,17,2,6,4,5,8,4,1,No,No,No,At-risk
46,Male,Student,Oceania,TikTok,4,4.6,49,Sometimes,39,Content creation,7.3,15,7,8,4,5,5,8,2,Yes,No,Considering it,Moderate
13,Male,Part-time employed,North America,X/Twitter,3,4.8,65,Often,17,Content creation,6.4,25,0,7,6,8,4,6,3,No,No,No,At-risk
22,Female,Self-employed,North America,Instagram,1,2.1,38,Often,22,Entertainment,6.3,13,16,8,3,7,2,7,2,Yes,No,No,Moderate
36,Prefer not to say,Full-time employed,North America,TikTok,3,2.1,51,Sometimes,20,Passing time/boredom,7.8,7,0,8,6,6,6,6,4,No,"Yes, failed",No,Good
30,Prefer not to say,Part-time employed,Europe,Reddit,1,3.8,127,Often,31,Passing time/boredom,6.0,18,3,8,6,4,3,8,1,No,No,Yes,At-risk
32,Female,Student,North America,YouTube,3,2.3,39,Every night,8,Connection with friends,6.1,19,0,6,2,5,5,5,3,No,"Yes, failed",Yes,At-risk
33,Male,Student,North America,TikTok,1,1.0,29,Often,9,Connection with friends,6.6,11,0,8,2,10,5,3,3,No,No,No,Moderate
26,Female,Retired,North America,Instagram,4,2.3,33,Never,15,News/information,8.1,4,6,6,5,7,4,5,4,No,"Yes, failed",No,Good
24,Male,Unemployed,North America,Instagram,3,8.7,26,Often,31,Connection with friends,5.8,20,0,6,10,6,8,9,4,No,No,No,At-risk
23,Female,Student,North America,Reddit,4,4.3,39,Every night,7,Work/career,5.7,16,7,8,6,5,5,3,3,No,No,No,Moderate
21,Male,Student,Asia,Instagram,1,1.8,37,Often,26,Entertainment,6.9,6,6,9,5,7,8,3,2,No,"Yes, failed",No,Good
29,Female,Student,Latin America,Instagram,2,1.3,11,Sometimes,14,News/information,8.7,8,2,5,4,8,6,1,2,No,"Yes, failed",No,Good
18,Female,Part-time employed,North America,Reddit,6,3.7,98,Every night,14,Connection with friends,5.8,11,6,7,3,3,6,7,2,Yes,No,Yes,Moderate
40,Male,Self-employed,Europe,Instagram,4,2.2,33,Every night,5,Connection with friends,7.0,18,3,8,3,7,7,5,1,No,"Yes, failed",Considering it,At-risk
40,Male,Full-time employed,Asia,YouTube,4,1.4,28,Every night,24,Connection with friends,6.3,3,0,8,2,5,1,6,4,No,"Yes, failed",No,Good
29,Female,Unemployed,Asia,Snapchat,6,2.6,33,Sometimes,30,Work/career,6.9,12,0,8,1,8,4,4,1,No,"Yes, failed",No,Moderate
16,Male,Student,Europe,TikTok,3,3.4,84,Often,29,Entertainment,6.9,14,5,6,4,7,4,5,4,Yes,"Yes, failed",No,Moderate
33,Male,Unemployed,Africa,Reddit,5,6.0,72,Often,8,Content creation,7.7,17,3,6,3,5,3,6,3,Yes,No,No,At-risk
34,Male,Unemployed,Oceania,Instagram,5,5.4,185,Sometimes,22,Passing time/boredom,7.0,17,1,5,6,5,5,5,4,No,"Yes, failed",Considering it,At-risk
23,Female,Unemployed,Asia,TikTok,2,4.3,86,Sometimes,10,Entertainment,6.7,17,2,7,3,5,8,7,5,No,No,No,At-risk
27,Non-binary,Full-time employed,Latin America,TikTok,3,4.3,73,Sometimes,51,News/information,7.7,15,0,7,6,6,6,6,1,No,No,Considering it,Moderate
30,Male,Full-time employed,North America,TikTok,6,3.2,126,Never,18,Entertainment,7.5,13,3,5,4,4,5,4,1,No,No,Considering it,Moderate
13,Male,Student,North America,Instagram,4,5.7,211,Often,7,News/information,5.5,14,0,7,1,5,6,5,3,Yes,"Yes, succeeded",No,Moderate
17,Male,Full-time employed,Europe,TikTok,2,3.7,98,Every night,16,Connection with friends,6.0,12,2,5,8,5,5,6,1,Yes,"Yes, succeeded",No,Moderate
28,Male,Self-employed,Latin America,YouTube,7,3.9,54,Often,5,Connection with friends,7.0,13,0,4,2,3,4,7,4,No,No,No,Moderate
29,Female,Part-time employed,Latin America,Snapchat,3,1.6,64,Sometimes,8,Work/career,8.3,8,1,10,7,7,1,6,2,No,No,Considering it,Good
46,Female,Unemployed,Asia,TikTok,4,1.7,28,Sometimes,27,Entertainment,6.4,11,8,6,3,5,7,4,0,No,"Yes, succeeded",No,Moderate
27,Female,Unemployed,Europe,TikTok,5,2.4,46,Often,27,News/information,6.1,16,6,6,1,6,5,3,2,No,No,Considering it,Moderate
33,Female,Self-employed,Europe,X/Twitter,5,2.4,35,Sometimes,6,Entertainment,7.6,10,11,7,3,7,4,5,3,No,"Yes, succeeded",No,Moderate
28,Female,Student,Latin America,Instagram,2,4.0,55,Every night,34,Passing time/boredom,6.3,21,0,3,3,9,5,8,2,No,No,Considering it,At-risk
32,Male,Self-employed,Europe,YouTube,4,3.2,81,Sometimes,52,Entertainment,6.5,13,5,8,4,6,6,4,2,No,No,Yes,Moderate
33,Female,Student,Europe,TikTok,6,6.7,57,Often,55,Passing time/boredom,6.8,19,0,9,4,1,4,8,1,No,"Yes, succeeded",Yes,At-risk
30,Male,Full-time employed,Asia,TikTok,4,6.1,91,Often,8,Entertainment,6.1,22,8,7,5,5,6,10,4,No,"Yes, failed",No,At-risk
39,Female,Student,Latin America,YouTube,3,1.5,49,Often,11,News/information,7.6,8,1,7,3,6,2,3,6,No,"Yes, failed",Yes,Good
25,Female,Full-time employed,Europe,YouTube,5,5.7,62,Sometimes,24,Work/career,5.3,17,1,7,3,6,7,5,3,Yes,"Yes, failed",No,At-risk
28,Male,Retired,Oceania,X/Twitter,2,3.3,118,Sometimes,8,Entertainment,7.2,8,10,8,3,9,2,7,5,No,No,Considering it,Moderate
26,Male,Student,Africa,Reddit,3,4.8,86,Sometimes,14,Passing time/boredom,7.2,12,0,8,4,5,6,9,2,No,"Yes, succeeded",No,Moderate
13,Male,Unemployed,Asia,YouTube,1,1.6,12,Every night,9,Content creation,7.2,7,2,10,1,8,4,3,1,No,No,Yes,Good
26,Male,Full-time employed,North America,Instagram,5,3.4,111,Never,20,Passing time/boredom,7.1,6,5,5,7,3,1,7,2,No,No,Considering it,Good
34,Male,Full-time employed,Latin America,Snapchat,5,3.4,40,Sometimes,8,Passing time/boredom,8.0,11,6,7,7,5,2,6,3,No,No,No,Moderate
44,Male,Full-time employed,North America,Instagram,4,3.2,56,Every night,19,News/information,6.3,9,4,5,3,4,5,7,2,No,"Yes, failed",No,Good
44,Female,Unemployed,Europe,TikTok,7,2.1,32,Never,21,Connection with friends,8.3,9,3,9,5,6,4,7,2,No,No,Yes,Good
34,Female,Full-time employed,Asia,TikTok,1,5.5,146,Sometimes,4,Passing time/boredom,6.7,12,7,6,3,6,6,7,3,Yes,No,No,Moderate
48,Female,Self-employed,Europe,TikTok,5,2.0,24,Every night,25,Entertainment,6.4,9,5,7,2,7,1,2,0,Yes,"Yes, failed",No,Good
21,Female,Student,North America,TikTok,5,2.9,51,Every night,9,Content creation,7.1,11,1,7,6,5,3,3,1,No,"Yes, failed",No,Moderate
22,Male,Student,Latin America,Instagram,3,1.2,59,Often,34,Passing time/boredom,7.5,19,5,7,4,7,3,3,4,No,"Yes, failed",No,At-risk
23,Female,Unemployed,Europe,Instagram,3,5.2,128,Often,21,Entertainment,7.2,22,0,5,3,8,9,5,3,No,"Yes, failed",No,At-risk
33,Male,Full-time employed,Asia,Reddit,3,7.1,165,Never,14,Entertainment,6.5,13,3,6,7,6,5,6,3,No,No,Yes,Moderate
13,Male,Student,Europe,Facebook,5,3.6,79,Sometimes,25,Work/career,7.6,13,4,7,5,10,4,5,6,No,No,No,Moderate
27,Male,Student,Europe,Instagram,2,1.0,5,Often,0,News/information,7.6,9,7,8,6,5,2,4,3,Yes,No,Considering it,Good
42,Male,Unemployed,Latin America,X/Twitter,3,1.5,34,Every night,9,Work/career,6.7,8,4,8,4,6,2,5,3,No,No,Yes,Good
40,Male,Full-time employed,North America,Facebook,1,1.1,27,Sometimes,10,Connection with friends,6.7,11,9,7,2,7,1,8,1,No,"Yes, failed",No,Moderate
42,Female,Student,Europe,Instagram,2,0.9,8,Never,21,Connection with friends,7.1,7,7,9,5,10,3,10,2,No,No,No,Good
34,Female,Self-employed,North America,X/Twitter,1,4.6,50,Sometimes,28,News/information,7.7,11,0,8,3,4,7,2,2,No,"Yes, failed",Yes,Moderate
26,Female,Unemployed,North America,X/Twitter,1,3.6,30,Every night,10,News/information,6.7,7,6,6,4,6,7,5,3,No,"Yes, failed",No,Good
48,Male,Full-time employed,North America,Instagram,3,5.7,24,Sometimes,48,Work/career,5.8,12,3,5,4,5,6,5,6,No,"Yes, succeeded",Yes,Moderate
48,Female,Full-time employed,Asia,YouTube,1,3.6,36,Never,19,News/information,8.6,9,0,8,4,7,7,9,2,No,No,No,Good
14,Male,Student,Latin America,Instagram,2,3.1,72,Every night,27,Connection with friends,6.9,9,0,6,6,7,3,7,2,Yes,"Yes, failed",No,Good
36,Female,Full-time employed,Europe,YouTube,2,1.0,13,Sometimes,28,Passing time/boredom,7.7,5,6,6,4,10,7,1,4,Yes,No,No,Good
27,Male,Retired,North America,X/Twitter,2,7.3,60,Often,26,Work/career,6.3,12,0,3,6,3,5,6,2,Yes,No,No,Moderate
30,Male,Student,Europe,TikTok,1,6.7,155,Sometimes,10,News/information,6.8,9,0,10,5,3,4,5,2,Yes,"Yes, failed",No,Good
33,Male,Full-time employed,Asia,TikTok,4,3.2,45,Every night,6,Entertainment,6.6,0,1,7,4,5,4,3,2,No,"Yes, failed",No,Good
43,Male,Student,Asia,YouTube,1,1.2,8,Often,30,Entertainment,7.0,13,11,8,2,7,1,4,1,Yes,No,Yes,Moderate
13,Female,Student,Asia,Snapchat,2,1.1,15,Every night,12,Connection with friends,4.7,7,2,7,6,6,4,6,2,No,No,No,Good
16,Male,Full-time employed,Latin America,Instagram,6,3.3,77,Every night,26,Entertainment,6.2,10,0,4,4,7,6,3,4,Yes,"Yes, failed",Considering it,Moderate
16,Female,Part-time employed,Africa,Snapchat,3,2.6,29,Often,24,Content creation,7.0,14,9,6,1,7,4,4,2,Yes,No,No,Moderate
16,Female,Student,North America,Instagram,4,3.5,134,Every night,7,Passing time/boredom,6.8,10,3,7,5,4,4,9,2,No,No,No,Moderate
37,Male,Part-time employed,Europe,Facebook,2,1.2,14,Often,7,Connection with friends,6.9,4,5,5,4,5,5,5,3,No,"Yes, failed",Considering it,Good
29,Male,Full-time employed,Europe,YouTube,2,2.7,31,Sometimes,5,News/information,7.5,6,0,5,5,5,6,7,2,No,No,Yes,Good
22,Female,Student,Asia,YouTube,3,2.3,58,Sometimes,3,Entertainment,8.2,19,2,7,7,5,3,4,3,No,No,No,At-risk
43,Male,Student,Asia,TikTok,3,2.1,52,Every night,16,News/information,7.1,8,0,7,3,4,8,8,3,Yes,No,No,Good
20,Male,Student,Oceania,TikTok,2,4.6,82,Often,6,Connection with friends,5.7,8,0,8,7,2,8,6,2,No,"Yes, succeeded",Yes,Good
29,Male,Unemployed,Asia,TikTok,2,1.6,31,Every night,20,Entertainment,5.5,6,2,7,3,7,3,4,4,No,"Yes, succeeded",No,Good
34,Male,Student,Europe,YouTube,1,5.7,77,Never,8,Content creation,6.9,14,0,5,4,5,8,5,3,No,"Yes, succeeded",Considering it,Moderate
48,Female,Student,Asia,X/Twitter,6,2.8,66,Often,34,Entertainment,6.5,9,6,6,1,6,5,6,3,Yes,"Yes, failed",Yes,Good
34,Male,Student,Europe,Snapchat,1,5.2,234,Never,6,Work/career,7.0,8,2,9,3,7,4,5,4,Yes,No,Yes,Good
30,Female,Unemployed,Asia,TikTok,5,6.2,150,Often,8,Work/career,4.5,11,0,5,4,4,6,7,4,No,"Yes, failed",Considering it,Moderate
37,Male,Student,Asia,YouTube,4,1.0,22,Every night,7,News/information,7.2,6,4,7,1,5,2,3,4,No,"Yes, succeeded",No,Good
23,Male,Full-time employed,Asia,Instagram,2,1.1,36,Sometimes,35,Entertainment,8.4,15,10,6,3,7,1,4,4,No,No,No,Moderate
21,Non-binary,Student,Asia,YouTube,4,5.4,191,Never,4,Passing time/boredom,8.0,12,1,3,6,9,4,7,3,No,No,No,Moderate
26,Male,Full-time employed,Asia,TikTok,4,3.0,22,Often,36,Entertainment,6.4,6,8,7,6,7,3,3,3,No,No,No,Good
31,Female,Part-time employed,North America,TikTok,5,1.1,15,Sometimes,12,Connection with friends,8.8,0,5,8,3,9,1,4,3,Yes,No,No,Good
34,Female,Full-time employed,North America,YouTube,4,1.8,21,Often,18,Work/career,7.1,12,14,7,7,5,9,4,3,No,No,No,Moderate
38,Female,Unemployed,Latin America,Reddit,4,1.5,17,Often,14,Entertainment,7.3,10,3,9,1,6,1,1,1,No,"Yes, failed",No,Moderate
22,Female,Student,Latin America,Instagram,2,4.8,71,Sometimes,45,News/information,6.0,15,0,10,6,5,6,6,3,Yes,No,No,Moderate
23,Female,Part-time employed,North America,TikTok,1,1.0,21,Often,17,Entertainment,7.5,8,6,9,4,5,1,5,2,No,No,No,Good
13,Female,Student,Africa,Snapchat,2,2.5,51,Sometimes,17,Content creation,7.1,8,1,9,6,7,1,8,5,No,"Yes, failed",No,Good
17,Male,Student,Asia,Snapchat,5,0.8,17,Often,45,News/information,7.0,10,1,9,2,9,4,5,4,Yes,No,No,Moderate
44,Female,Student,North America,Facebook,3,3.9,26,Sometimes,12,Passing time/boredom,7.2,13,0,4,7,5,7,6,1,Yes,"Yes, succeeded",No,Moderate
25,Female,Unemployed,Europe,Instagram,3,6.2,189,Often,18,Connection with friends,5.2,16,2,4,5,6,6,5,4,No,No,Considering it,Moderate
27,Female,Student,Asia,TikTok,4,3.3,44,Often,7,News/information,6.3,14,2,6,1,7,7,4,2,Yes,"Yes, failed",No,Moderate
44,Female,Full-time employed,Europe,YouTube,1,2.6,27,Every night,6,Passing time/boredom,6.2,14,0,8,4,3,5,4,3,No,No,Yes,Moderate
34,Male,Student,Europe,TikTok,2,3.9,28,Often,7,Connection with friends,6.3,8,0,10,3,7,9,5,4,Yes,"Yes, failed",Considering it,Good
26,Male,Student,Europe,Instagram,5,1.9,8,Sometimes,70,News/information,7.6,11,5,8,5,3,4,3,3,No,No,No,Moderate
30,Male,Full-time employed,North America,TikTok,1,2.3,68,Sometimes,2,Connection with friends,7.4,11,2,8,4,7,4,6,2,Yes,No,Considering it,Moderate
35,Female,Full-time employed,Europe,TikTok,5,3.6,59,Sometimes,6,Connection with friends,7.1,12,0,4,8,3,4,3,0,No,"Yes, failed",Considering it,Moderate
25,Female,Student,Europe,Reddit,5,1.7,64,Every night,30,Work/career,7.0,7,0,6,2,6,1,3,4,Yes,"Yes, failed",No,Good
41,Female,Student,Africa,YouTube,5,2.3,36,Often,18,News/information,6.7,8,0,7,4,5,2,6,4,No,"Yes, succeeded",Yes,Good
32,Non-binary,Part-time employed,Africa,YouTube,3,1.8,21,Sometimes,17,Work/career,8.4,2,0,10,1,7,6,4,3,No,No,No,Good
28,Male,Student,North America,Facebook,4,3.1,70,Often,62,News/information,6.4,17,8,7,6,5,5,4,3,No,"Yes, succeeded",Yes,At-risk
35,Prefer not to say,Full-time employed,Asia,Snapchat,6,0.9,24,Never,26,Connection with friends,9.0,7,10,8,6,5,5,6,2,No,No,Yes,Moderate
20,Male,Unemployed,North America,X/Twitter,6,0.9,16,Sometimes,41,Content creation,8.3,6,3,7,7,2,5,6,3,No,"Yes, failed",Considering it,Good
22,Prefer not to say,Unemployed,Asia,YouTube,6,1.0,17,Sometimes,17,Entertainment,7.5,8,10,8,4,10,4,6,2,No,"Yes, succeeded",Yes,Moderate
24,Non-binary,Self-employed,Asia,TikTok,3,3.9,41,Sometimes,60,Entertainment,6.7,14,5,7,1,7,3,7,3,No,No,Considering it,Moderate
25,Female,Part-time employed,North America,Facebook,5,2.7,11,Sometimes,32,Entertainment,7.7,12,7,10,6,10,1,1,5,Yes,"Yes, failed",No,Moderate
37,Female,Part-time employed,Europe,Instagram,1,1.7,67,Often,21,News/information,6.5,7,1,7,4,4,3,6,2,No,No,No,Good
34,Female,Student,Asia,Instagram,5,2.3,33,Never,22,Work/career,7.5,15,3,8,3,6,5,4,1,Yes,"Yes, failed",No,Moderate
30,Prefer not to say,Full-time employed,Asia,Snapchat,6,2.6,115,Often,13,Content creation,7.1,11,4,7,7,6,3,1,2,Yes,No,Yes,Moderate
14,Male,Full-time employed,North America,X/Twitter,6,4.5,66,Sometimes,11,Passing time/boredom,6.1,13,2,7,1,7,2,8,2,Yes,No,No,Moderate
38,Male,Student,North America,Instagram,1,7.0,102,Never,14,Connection with friends,7.0,19,0,10,6,6,5,9,2,Yes,"Yes, succeeded",No,At-risk
29,Female,Full-time employed,Asia,Reddit,1,0.8,12,Sometimes,22,Content creation,7.9,4,9,9,1,7,5,3,3,No,No,No,Good
39,Male,Retired,Europe,Instagram,3,2.4,44,Every night,7,Work/career,6.2,5,10,9,4,4,3,5,5,No,"Yes, failed",No,Moderate
44,Male,Retired,Africa,X/Twitter,5,4.3,110,Never,30,Entertainment,6.9,7,7,6,1,8,3,7,2,Yes,No,No,Good
33,Female,Student,Africa,TikTok,1,2.9,28,Sometimes,24,Work/career,7.2,10,4,8,6,6,5,1,2,No,"Yes, failed",No,Moderate
22,Male,Student,Asia,YouTube,4,3.9,101,Never,7,News/information,8.2,4,4,8,5,8,7,6,4,No,No,No,Good
30,Male,Full-time employed,Asia,YouTube,4,4.0,47,Every night,39,Content creation,6.5,10,3,6,8,7,4,6,5,Yes,"Yes, succeeded",No,Moderate
27,Female,Student,Asia,TikTok,1,2.5,123,Often,14,Entertainment,6.3,4,6,5,5,8,3,6,5,No,"Yes, succeeded",Yes,Good
29,Male,Self-employed,Europe,Instagram,4,6.8,36,Often,6,Entertainment,5.8,12,0,6,5,7,9,8,2,No,"Yes, failed",Considering it,Moderate
21,Male,Unemployed,Asia,X/Twitter,5,3.7,22,Every night,10,Connection with friends,7.1,11,0,6,7,5,6,8,3,No,"Yes, failed",Yes,Moderate
23,Male,Full-time employed,Europe,Reddit,4,1.0,12,Often,14,Work/career,7.2,8,7,9,4,7,5,3,3,Yes,No,No,Good
29,Female,Self-employed,Asia,TikTok,3,3.0,34,Never,9,News/information,8.5,11,6,7,3,7,4,7,3,No,No,No,Moderate
31,Male,Student,Europe,Facebook,5,3.9,47,Every night,19,Entertainment,5.7,12,0,5,5,3,4,6,3,No,"Yes, failed",No,Moderate
22,Male,Student,Oceania,Snapchat,3,3.4,11,Never,31,Passing time/boredom,6.6,9,12,6,3,5,7,5,2,No,No,Yes,Moderate
58,Female,Part-time employed,Asia,X/Twitter,5,2.6,48,Never,8,Entertainment,8.4,12,6,7,4,5,8,5,3,No,"Yes, failed",No,Moderate
13,Female,Student,North America,Instagram,5,1.6,8,Sometimes,12,Entertainment,7.4,8,4,5,4,9,2,8,5,No,No,Considering it,Good
15,Female,Student,North America,Facebook,3,1.8,20,Sometimes,25,Entertainment,8.4,13,2,7,8,9,4,5,2,No,No,No,Moderate
29,Male,Full-time employed,Europe,X/Twitter,6,3.4,39,Never,8,Entertainment,6.8,13,4,8,5,6,6,1,1,Yes,No,No,Moderate
30,Male,Student,Europe,YouTube,1,2.9,18,Sometimes,22,News/information,6.9,8,4,7,1,3,8,6,1,No,"Yes, failed",Yes,Good
48,Female,Unemployed,Asia,YouTube,7,2.7,28,Sometimes,8,Content creation,6.8,6,3,4,5,7,8,8,5,No,"Yes, succeeded",No,Good
32,Female,Student,Europe,TikTok,1,1.8,5,Sometimes,8,Entertainment,7.2,7,4,7,5,8,1,2,1,No,"Yes, failed",No,Good
34,Male,Part-time employed,Latin America,Instagram,3,1.4,16,Often,21,Entertainment,7.0,8,14,9,6,6,1,4,3,No,"Yes, failed",Yes,Moderate
29,Male,Unemployed,Europe,LinkedIn,8,5.5,134,Sometimes,8,Connection with friends,6.9,11,0,8,7,6,3,8,4,Yes,"Yes, succeeded",No,Moderate
32,Female,Student,Asia,TikTok,2,5.7,87,Sometimes,24,Entertainment,6.0,7,4,10,1,7,3,5,2,No,No,Considering it,Good
48,Male,Student,Europe,Reddit,3,13.1,374,Never,14,Entertainment,4.8,18,0,4,6,2,9,7,3,No,No,Yes,At-risk
13,Female,Full-time employed,Europe,Facebook,3,0.3,11,Sometimes,28,Work/career,7.4,8,4,6,5,9,4,8,4,No,No,No,Good
25,Male,Full-time employed,North America,X/Twitter,3,3.3,50,Never,40,News/information,7.5,15,1,6,2,6,2,4,1,No,No,Considering it,Moderate
25,Male,Part-time employed,Europe,Snapchat,4,1.6,44,Every night,51,Entertainment,6.4,14,6,5,3,5,4,4,2,No,No,Considering it,Moderate
20,Non-binary,Full-time employed,Africa,TikTok,4,1.0,9,Sometimes,23,Entertainment,7.3,17,11,5,4,6,3,2,5,No,No,Yes,At-risk
43,Male,Student,Latin America,TikTok,3,7.5,157,Sometimes,35,Connection with friends,6.3,5,0,5,7,6,5,8,3,No,"Yes, failed",Considering it,Good
25,Female,Student,Latin America,Facebook,3,4.1,55,Every night,39,Work/career,5.9,17,0,6,5,3,5,7,4,No,No,No,At-risk
34,Male,Student,North America,Instagram,5,1.4,19,Often,2,Entertainment,7.8,6,4,8,6,6,6,5,1,Yes,No,Yes,Good
33,Female,Student,Asia,Instagram,3,6.4,90,Every night,28,Passing time/boredom,5.6,11,0,6,2,2,9,7,3,No,"Yes, failed",Considering it,Moderate
39,Male,Full-time employed,Europe,Instagram,5,2.6,67,Never,5,Entertainment,7.3,0,8,6,4,6,2,4,3,No,"Yes, failed",No,Good
23,Male,Student,Europe,TikTok,4,2.6,60,Every night,12,Passing time/boredom,6.4,9,7,7,6,9,4,5,0,Yes,"Yes, failed",Considering it,Good
32,Male,Full-time employed,Asia,Snapchat,7,5.7,66,Sometimes,29,Content creation,6.5,17,1,9,5,5,5,7,2,No,"Yes, succeeded",Yes,At-risk
23,Male,Student,Asia,YouTube,2,1.9,23,Every night,7,Connection with friends,5.9,6,1,9,7,7,6,6,2,Yes,No,No,Good
36,Male,Student,Europe,Instagram,3,4.1,24,Every night,9,News/information,8.2,14,6,6,1,6,7,3,3,Yes,"Yes, failed",No,Moderate
32,Female,Student,Europe,TikTok,1,1.1,17,Often,6,Entertainment,8.1,9,6,9,6,10,6,3,1,No,No,No,Good
45,Female,Part-time employed,North America,Facebook,5,1.0,6,Sometimes,30,Connection with friends,7.2,5,9,7,5,5,3,6,3,Yes,"Yes, failed",No,Good
25,Male,Full-time employed,Europe,Instagram,1,1.0,23,Often,10,Work/career,6.3,4,9,9,3,5,4,7,4,No,"Yes, failed",No,Good
30,Female,Student,Latin America,TikTok,8,2.6,40,Sometimes,37,Connection with friends,7.0,13,8,5,2,7,3,3,4,Yes,"Yes, succeeded",No,Moderate
21,Female,Unemployed,Africa,Instagram,5,4.8,127,Sometimes,12,Work/career,7.7,12,3,7,3,5,5,8,4,No,No,Yes,Moderate
31,Male,Student,Asia,TikTok,3,5.7,106,Sometimes,11,Entertainment,4.8,10,0,5,3,9,5,9,4,Yes,"Yes, succeeded",Considering it,Moderate
21,Prefer not to say,Student,Latin America,TikTok,1,4.4,88,Sometimes,22,Work/career,7.9,12,7,8,7,7,7,4,5,Yes,No,No,Moderate
40,Male,Student,North America,Instagram,2,2.9,69,Sometimes,8,Entertainment,7.0,15,2,10,4,5,5,7,4,Yes,"Yes, failed",Considering it,Moderate
49,Male,Retired,Asia,Instagram,3,8.6,162,Often,28,News/information,3.9,13,0,5,6,1,5,10,2,Yes,No,No,Moderate
18,Male,Student,North America,Instagram,5,4.2,46,Often,13,Connection with friends,6.1,16,1,8,4,7,5,4,3,Yes,No,No,Moderate
34,Female,Student,Asia,TikTok,8,2.0,45,Sometimes,14,Entertainment,6.0,3,4,8,2,7,2,7,0,No,No,Considering it,Good
32,Male,Part-time employed,Europe,X/Twitter,3,8.2,68,Often,22,Connection with friends,5.9,25,0,3,6,4,4,8,3,No,No,No,At-risk
24,Female,Full-time employed,North America,Instagram,4,3.6,46,Every night,13,Connection with friends,6.6,11,11,9,6,6,10,4,4,No,No,No,Moderate
30,Female,Student,North America,YouTube,4,1.1,26,Sometimes,48,Work/career,7.0,6,2,7,1,8,2,8,2,Yes,No,Yes,Good
28,Female,Part-time employed,Europe,TikTok,5,1.9,51,Never,17,Entertainment,7.0,10,10,7,5,7,2,4,1,No,"Yes, succeeded",No,Moderate
13,Male,Part-time employed,Europe,YouTube,1,2.6,59,Never,15,Entertainment,7.8,13,6,8,9,8,5,6,1,No,"Yes, failed",Yes,Moderate
28,Female,Full-time employed,Latin America,TikTok,2,1.5,7,Every night,27,Passing time/boredom,6.5,13,5,7,7,5,3,9,3,Yes,"Yes, failed",Considering it,Moderate
31,Male,Student,North America,YouTube,2,8.0,341,Often,8,Entertainment,5.8,20,2,6,6,6,6,3,5,No,No,Considering it,At-risk
29,Female,Student,North America,Reddit,7,5.0,119,Sometimes,42,News/information,8.4,19,3,5,3,10,2,8,4,No,"Yes, failed",Yes,At-risk
20,Male,Student,Asia,Instagram,3,4.1,63,Often,10,Passing time/boredom,6.7,7,0,6,3,3,4,7,4,No,"Yes, succeeded",No,Good
29,Male,Student,Latin America,Instagram,2,5.3,14,Sometimes,15,Passing time/boredom,7.9,12,2,8,6,7,4,7,3,No,No,No,Moderate
34,Female,Student,Asia,YouTube,2,2.5,57,Every night,18,Content creation,6.1,6,2,9,2,8,7,4,1,No,No,Considering it,Good
42,Female,Student,Asia,TikTok,5,5.3,65,Never,23,Entertainment,7.4,14,4,7,3,3,3,7,5,Yes,No,Considering it,Moderate
29,Prefer not to say,Full-time employed,Africa,Instagram,1,3.1,183,Often,16,Connection with friends,6.1,10,0,8,4,9,2,7,3,No,No,No,Moderate
19,Female,Unemployed,Asia,X/Twitter,4,5.9,33,Sometimes,14,Passing time/boredom,7.7,16,0,7,3,3,7,4,3,Yes,"Yes, failed",No,Moderate
27,Female,Student,Asia,Instagram,4,3.8,196,Often,10,Entertainment,6.8,15,2,6,5,6,5,6,4,No,"Yes, failed",Considering it,Moderate
46,Female,Student,Asia,Instagram,6,0.7,11,Never,6,News/information,7.8,7,4,8,4,5,3,6,4,Yes,No,Yes,Good
22,Male,Retired,Asia,TikTok,1,3.3,40,Never,12,Entertainment,6.9,15,6,9,4,6,6,3,4,No,No,No,Moderate
21,Female,Full-time employed,North America,X/Twitter,5,2.6,47,Every night,21,Entertainment,6.9,11,6,7,4,7,3,3,4,No,No,Considering it,Moderate
31,Female,Student,North America,TikTok,4,2.4,23,Often,5,Work/career,6.9,6,5,7,4,7,6,7,3,No,No,Yes,Good
30,Male,Student,Europe,Facebook,1,1.6,42,Every night,33,Entertainment,6.7,12,3,7,6,9,2,10,1,Yes,"Yes, failed",No,Moderate
22,Male,Self-employed,Asia,YouTube,3,1.2,7,Sometimes,48,Passing time/boredom,8.5,16,2,9,6,8,6,5,3,No,"Yes, failed",No,Moderate
23,Male,Student,Europe,X/Twitter,5,2.8,45,Sometimes,7,Passing time/boredom,7.8,10,2,8,6,3,5,4,1,No,"Yes, failed",No,Moderate
33,Male,Student,Europe,X/Twitter,8,1.8,11,Sometimes,6,Entertainment,8.2,16,17,7,1,6,8,3,3,Yes,"Yes, failed",Considering it,At-risk
20,Non-binary,Full-time employed,North America,Instagram,4,1.9,176,Often,26,Passing time/boredom,9.0,11,5,7,2,9,7,7,2,No,No,Considering it,Moderate
20,Female,Student,Oceania,YouTube,6,4.8,88,Sometimes,21,News/information,8.1,14,2,5,10,5,7,6,0,Yes,"Yes, failed",No,Moderate
15,Male,Student,Europe,Instagram,2,2.6,6,Never,9,Entertainment,7.4,14,6,5,4,6,4,5,3,No,"Yes, failed",Considering it,Moderate
38,Female,Student,Asia,LinkedIn,4,4.4,72,Sometimes,53,Passing time/boredom,7.5,16,0,8,4,4,4,6,2,No,"Yes, failed",No,Moderate
20,Male,Full-time employed,Asia,Instagram,4,0.3,11,Every night,31,Connection with friends,6.7,10,0,9,4,5,3,5,2,No,"Yes, failed",No,Moderate
35,Male,Full-time employed,Asia,Reddit,3,4.3,19,Never,59,Entertainment,8.1,12,6,7,6,5,4,9,1,No,No,No,Moderate
29,Male,Retired,Asia,Instagram,3,2.7,38,Often,7,Connection with friends,6.1,8,6,10,3,8,4,2,1,No,"Yes, failed",No,Good
15,Female,Unemployed,Europe,TikTok,5,3.3,59,Often,15,News/information,7.1,11,3,5,7,2,6,6,4,Yes,No,Considering it,Moderate
13,Female,Student,North America,Instagram,4,3.1,47,Sometimes,20,Passing time/boredom,6.9,15,0,7,5,5,3,4,3,No,No,Yes,Moderate
23,Male,Student,Europe,Instagram,3,5.7,102,Sometimes,39,Passing time/boredom,5.8,14,0,9,7,3,4,6,2,Yes,"Yes, succeeded",No,Moderate
21,Female,Full-time employed,Europe,Reddit,1,7.5,48,Sometimes,9,Entertainment,6.3,5,0,5,8,2,8,8,5,No,"Yes, failed",No,Good
25,Male,Part-time employed,Europe,TikTok,5,8.4,186,Often,24,Work/career,6.5,15,2,4,8,4,8,9,0,Yes,No,No,Moderate
46,Male,Self-employed,Asia,Snapchat,2,3.5,15,Sometimes,14,News/information,6.3,12,3,8,7,7,5,5,3,No,No,Yes,Moderate
31,Female,Full-time employed,North America,YouTube,5,0.7,12,Sometimes,21,Work/career,7.8,5,8,7,6,7,4,6,0,No,"Yes, failed",No,Good
35,Non-binary,Student,North America,TikTok,5,2.8,66,Often,47,News/information,7.9,11,6,9,5,6,5,3,0,No,No,No,Moderate
35,Female,Full-time employed,Asia,YouTube,1,2.2,47,Every night,15,Content creation,6.3,5,10,9,5,7,3,6,4,No,No,No,Moderate
23,Male,Unemployed,Latin America,Instagram,8,6.2,95,Every night,10,Passing time/boredom,6.1,17,4,5,9,5,8,8,3,Yes,"Yes, failed",No,At-risk
33,Female,Unemployed,Latin America,Snapchat,2,5.5,45,Often,21,Passing time/boredom,6.1,23,0,6,2,6,6,9,1,No,"Yes, failed",No,At-risk
26,Male,Full-time employed,Africa,TikTok,3,1.3,67,Every night,5,Connection with friends,6.1,11,9,5,8,9,2,1,1,Yes,"Yes, succeeded",No,Moderate
13,Male,Full-time employed,Europe,LinkedIn,4,1.7,32,Sometimes,7,Passing time/boredom,8.3,9,2,10,8,8,5,5,5,No,No,Considering it,Good
15,Female,Full-time employed,Asia,Snapchat,1,4.2,119,Never,5,Passing time/boredom,7.2,15,2,9,4,9,2,8,2,Yes,No,Considering it,Moderate
28,Female,Part-time employed,Asia,Instagram,3,4.8,142,Sometimes,15,Passing time/boredom,6.1,13,9,8,7,6,6,7,3,No,No,No,Moderate
28,Female,Student,Asia,TikTok,3,5.2,69,Sometimes,16,Work/career,6.5,12,5,7,5,3,6,7,2,No,"Yes, failed",Yes,Moderate
43,Male,Part-time employed,Asia,X/Twitter,4,2.2,62,Often,21,Entertainment,7.4,8,1,5,2,6,1,5,4,No,"Yes, failed",Yes,Good
29,Female,Full-time employed,Asia,TikTok,1,3.1,58,Sometimes,20,News/information,6.0,10,7,6,6,7,7,7,2,Yes,No,Yes,Moderate
13,Female,Student,Oceania,Instagram,2,5.8,62,Sometimes,4,News/information,7.2,7,6,8,2,6,8,7,3,No,No,No,Good
39,Female,Unemployed,Europe,Instagram,3,3.3,95,Every night,29,Entertainment,6.3,16,5,5,6,4,6,7,3,No,"Yes, succeeded",Yes,Moderate
23,Male,Full-time employed,Europe,Instagram,3,0.8,11,Sometimes,11,Work/career,8.6,6,1,9,2,9,3,3,4,No,No,No,Good
33,Male,Student,North America,X/Twitter,3,2.3,48,Often,31,Connection with friends,6.7,14,5,4,3,9,5,4,2,Yes,No,No,Moderate
17,Female,Self-employed,Asia,YouTube,1,1.1,14,Often,22,Entertainment,6.6,8,10,8,7,4,1,7,5,No,No,Considering it,Moderate
35,Prefer not to say,Full-time employed,Europe,Instagram,6,3.2,73,Never,20,Passing time/boredom,7.3,5,8,7,2,7,5,6,3,Yes,No,No,Good
30,Female,Student,Asia,Instagram,2,0.4,7,Every night,15,Connection with friends,7.5,15,9,8,5,6,1,3,1,Yes,No,Yes,Moderate
39,Male,Unemployed,Latin America,Facebook,4,2.5,22,Never,1,Entertainment,7.7,9,8,7,1,9,3,7,1,No,No,No,Good
13,Prefer not to say,Self-employed,Europe,Instagram,3,3.0,55,Sometimes,16,Entertainment,8.0,15,8,6,5,5,4,5,4,No,"Yes, succeeded",No,Moderate
37,Male,Full-time employed,North America,TikTok,4,4.2,49,Often,21,Passing time/boredom,7.4,14,0,8,3,4,5,6,5,Yes,"Yes, succeeded",Yes,Moderate
19,Female,Full-time employed,Europe,TikTok,2,4.5,76,Sometimes,24,Passing time/boredom,6.6,6,0,8,5,7,9,6,1,No,"Yes, failed",Considering it,Good
37,Female,Full-time employed,North America,YouTube,4,4.0,45,Sometimes,9,Connection with friends,7.9,11,9,7,8,2,6,5,2,No,"Yes, failed",No,Moderate
26,Male,Full-time employed,Latin America,Snapchat,2,3.0,22,Sometimes,14,Entertainment,7.9,10,0,6,7,8,7,9,3,No,No,No,Moderate
23,Female,Student,Asia,Instagram,3,2.9,93,Never,13,Entertainment,6.6,18,6,9,5,6,1,6,1,No,"Yes, failed",No,At-risk
21,Prefer not to say,Full-time employed,Asia,TikTok,6,3.5,82,Every night,13,Connection with friends,6.2,11,3,6,8,4,8,7,4,No,No,Yes,Moderate
34,Non-binary,Part-time employed,North America,Instagram,2,4.0,112,Often,9,News/information,6.5,18,0,9,5,2,5,4,3,Yes,No,No,At-risk
15,Female,Student,Latin America,Instagram,1,4.8,34,Never,76,Passing time/boredom,8.3,8,6,5,7,6,5,9,4,Yes,No,No,Good
25,Male,Part-time employed,Europe,TikTok,4,4.4,69,Sometimes,22,News/information,6.8,14,4,7,6,7,5,6,5,Yes,No,Yes,Moderate
27,Female,Student,North America,TikTok,4,3.8,164,Every night,3,News/information,5.6,13,0,7,3,6,3,3,3,Yes,No,No,Moderate
45,Male,Full-time employed,Oceania,Snapchat,2,0.6,5,Sometimes,7,Entertainment,7.0,5,8,6,2,8,5,8,2,No,No,Considering it,Good
36,Male,Full-time employed,Asia,YouTube,5,1.7,13,Often,10,News/information,6.4,9,1,7,2,6,8,3,2,Yes,"Yes, failed",No,Good
22,Female,Student,Europe,Reddit,3,4.2,72,Sometimes,15,Entertainment,6.5,6,7,8,4,7,7,7,2,Yes,"Yes, succeeded",Yes,Good
15,Female,Full-time employed,Europe,YouTube,2,0.4,5,Often,30,Entertainment,7.3,1,3,6,4,10,3,3,5,No,"Yes, failed",Yes,Good
23,Male,Student,Europe,Instagram,3,2.6,45,Never,5,Work/career,6.5,4,5,8,4,6,3,4,5,No,"Yes, succeeded",No,Good
21,Male,Full-time employed,Asia,LinkedIn,3,2.5,36,Every night,7,Entertainment,7.8,15,8,6,4,4,3,7,2,Yes,No,Considering it,Moderate
29,Male,Full-time employed,Asia,LinkedIn,5,2.5,78,Often,27,News/information,6.7,12,2,7,2,5,2,4,1,Yes,No,Yes,Moderate
33,Female,Retired,North America,Snapchat,7,0.7,9,Sometimes,18,Work/career,6.8,3,6,7,3,6,5,4,5,Yes,"Yes, failed",No,Good
25,Female,Student,Asia,Instagram,3,3.6,87,Every night,26,Content creation,5.4,19,5,6,4,5,5,8,3,No,No,Considering it,At-risk
33,Male,Part-time employed,Latin America,YouTube,2,4.2,61,Sometimes,12,Entertainment,6.4,4,0,3,5,7,2,3,5,Yes,No,Considering it,Good
17,Male,Self-employed,Latin America,TikTok,4,2.3,33,Sometimes,15,Connection with friends,7.8,8,6,8,2,9,4,5,5,No,"Yes, succeeded",No,Good
46,Male,Student,North America,TikTok,4,1.7,13,Sometimes,3,Passing time/boredom,8.2,11,5,10,5,8,5,3,2,No,"Yes, failed",Considering it,Moderate
25,Female,Full-time employed,Europe,TikTok,7,4.0,81,Every night,13,Entertainment,6.8,18,0,6,5,5,4,4,3,No,No,Considering it,At-risk
29,Female,Full-time employed,North America,Snapchat,4,1.7,18,Every night,6,Passing time/boredom,7.4,5,0,7,3,8,6,6,2,No,"Yes, succeeded",No,Good
29,Male,Full-time employed,North America,TikTok,6,3.4,82,Often,46,Entertainment,7.8,12,6,7,3,5,10,4,3,Yes,"Yes, failed",No,Moderate
13,Female,Part-time employed,North America,TikTok,3,1.1,16,Never,9,Passing time/boredom,7.5,11,11,5,1,7,1,4,1,Yes,"Yes, failed",No,Moderate
35,Male,Self-employed,Africa,Instagram,3,3.5,80,Sometimes,33,Work/career,7.5,11,5,6,4,6,4,3,6,No,No,Yes,Moderate
37,Female,Student,Asia,Reddit,3,2.8,17,Often,46,Entertainment,6.8,16,13,6,5,7,5,8,3,Yes,"Yes, failed",No,Moderate
30,Female,Student,Oceania,Instagram,4,4.0,82,Often,33,Entertainment,5.6,9,3,5,6,3,3,5,2,No,No,Considering it,Good
39,Female,Full-time employed,Latin America,Instagram,6,5.1,122,Often,5,Entertainment,7.5,4,1,8,7,8,6,7,3,No,"Yes, succeeded",No,Good
29,Male,Self-employed,Asia,TikTok,5,1.3,17,Sometimes,39,Connection with friends,7.8,9,0,8,6,4,2,4,3,Yes,No,No,Good
42,Male,Full-time employed,North America,LinkedIn,7,1.1,38,Sometimes,33,Connection with friends,8.3,17,10,7,1,7,5,6,4,Yes,"Yes, failed",No,At-risk
35,Female,Student,Africa,X/Twitter,5,2.5,104,Every night,26,News/information,6.6,15,1,6,7,8,2,8,1,No,"Yes, failed",Yes,Moderate
33,Male,Student,North America,X/Twitter,2,1.1,10,Sometimes,51,Connection with friends,8.3,10,1,6,4,8,3,6,1,No,"Yes, failed",Yes,Moderate
19,Female,Self-employed,North America,TikTok,1,2.8,50,Sometimes,32,Connection with friends,6.6,15,14,10,3,5,4,10,4,No,"Yes, failed",No,Moderate
39,Male,Student,Asia,YouTube,4,2.9,92,Every night,47,Passing time/boredom,8.9,13,10,6,3,6,1,4,3,No,"Yes, failed",No,Moderate
34,Male,Student,Asia,Facebook,3,1.7,40,Every night,22,News/information,6.6,10,10,6,3,9,3,6,2,No,No,No,Moderate
40,Female,Unemployed,Asia,YouTube,2,2.2,87,Often,8,Connection with friends,6.7,7,6,8,2,5,6,4,3,Yes,"Yes, succeeded",Considering it,Good
30,Female,Part-time employed,Asia,LinkedIn,5,4.3,106,Often,23,News/information,6.8,7,3,7,3,5,5,6,6,Yes,No,Considering it,Good
45,Female,Full-time employed,North America,TikTok,4,2.5,5,Sometimes,20,Connection with friends,8.2,12,1,10,1,4,1,3,4,No,"Yes, failed",No,Moderate
26,Male,Full-time employed,Asia,Reddit,4,2.8,92,Sometimes,35,Connection with friends,6.3,11,4,6,8,5,5,7,2,No,"Yes, failed",Considering it,Moderate
29,Non-binary,Full-time employed,Oceania,Instagram,2,5.8,148,Often,24,Content creation,5.9,15,5,9,3,5,5,7,2,No,"Yes, failed",No,Moderate
24,Male,Part-time employed,Africa,Snapchat,4,2.9,29,Often,29,Connection with friends,7.5,13,0,9,5,9,4,1,2,No,No,No,Moderate
21,Non-binary,Self-employed,Latin America,X/Twitter,3,2.2,30,Every night,30,Entertainment,7.3,8,5,7,3,7,7,3,2,No,"Yes, failed",No,Good
19,Female,Part-time employed,Asia,TikTok,2,1.7,5,Often,12,Content creation,7.4,5,1,9,7,2,4,7,2,Yes,No,Yes,Good
23,Female,Student,Europe,YouTube,2,8.0,151,Often,13,Entertainment,5.8,21,1,4,4,5,7,6,3,No,"Yes, failed",No,At-risk
26,Female,Unemployed,Europe,Reddit,2,1.8,61,Often,34,Connection with friends,6.9,15,4,7,4,7,1,5,1,Yes,No,Considering it,Moderate
26,Female,Full-time employed,Latin America,Instagram,4,3.2,29,Sometimes,19,News/information,7.3,13,1,4,7,7,4,7,3,No,No,No,Moderate
14,Male,Student,Europe,Instagram,3,3.1,93,Often,23,Entertainment,6.2,11,4,7,6,9,1,2,4,No,"Yes, succeeded",No,Moderate
26,Female,Student,North America,YouTube,3,4.3,224,Every night,14,Connection with friends,5.5,17,5,5,5,7,7,7,6,Yes,"Yes, succeeded",No,At-risk
25,Male,Student,Asia,Instagram,8,1.7,39,Often,59,Passing time/boredom,5.4,10,10,7,3,9,4,4,1,No,No,No,Moderate
30,Male,Full-time employed,Europe,TikTok,7,1.7,18,Never,31,Entertainment,7.6,11,2,5,4,9,4,2,1,No,"Yes, failed",Yes,Moderate
25,Male,Self-employed,Latin America,Snapchat,3,3.9,24,Sometimes,9,Entertainment,6.7,17,6,8,4,7,4,5,4,No,No,Yes,At-risk
29,Male,Student,North America,Instagram,4,3.8,34,Sometimes,13,Entertainment,7.0,13,9,7,4,10,5,7,2,No,"Yes, failed",No,Moderate
32,Male,Full-time employed,Europe,TikTok,1,4.9,400,Often,40,Content creation,6.1,13,2,3,7,7,3,4,5,No,No,No,Moderate
26,Male,Part-time employed,North America,YouTube,1,2.1,29,Sometimes,26,Entertainment,6.6,14,6,7,4,8,2,6,0,No,"Yes, succeeded",Considering it,Moderate
36,Male,Student,Africa,TikTok,4,2.9,33,Never,29,Connection with friends,7.4,4,3,9,6,2,4,2,3,No,"Yes, succeeded",No,Good
29,Male,Part-time employed,Europe,TikTok,3,2.6,45,Every night,30,Entertainment,7.1,18,1,5,2,7,2,8,3,No,"Yes, failed",No,At-risk
19,Female,Student,North America,Reddit,7,4.0,161,Sometimes,7,Passing time/boredom,7.4,16,10,6,3,5,7,5,4,No,No,Yes,Moderate
43,Male,Part-time employed,Europe,Reddit,3,4.3,176,Sometimes,23,Entertainment,7.4,18,0,7,5,9,5,7,2,No,No,Yes,At-risk
31,Female,Part-time employed,Europe,X/Twitter,3,2.1,38,Often,9,Connection with friends,7.6,1,4,6,3,6,5,6,1,No,"Yes, failed",Yes,Good
35,Female,Unemployed,Asia,Instagram,3,6.4,142,Every night,31,Entertainment,6.2,18,3,7,7,4,6,7,2,No,"Yes, succeeded",No,At-risk
22,Female,Student,Asia,TikTok,6,6.2,70,Never,8,Connection with friends,6.6,14,5,4,3,1,4,7,4,No,No,No,Moderate
19,Female,Full-time employed,Europe,Instagram,2,4.2,120,Often,16,News/information,5.1,16,10,4,8,4,4,7,4,No,"Yes, failed",Yes,Moderate
16,Female,Student,Europe,Instagram,2,4.4,23,Sometimes,10,Entertainment,7.7,13,3,6,8,4,8,7,2,Yes,No,No,Moderate
35,Male,Part-time employed,Europe,TikTok,3,1.1,11,Every night,29,News/information,7.6,18,0,7,7,5,1,8,4,No,No,No,At-risk
14,Prefer not to say,Student,North America,Snapchat,4,2.4,131,Often,4,Passing time/boredom,6.7,1,0,6,6,5,1,7,2,No,No,No,Good
32,Female,Student,Europe,TikTok,5,5.5,102,Every night,19,News/information,5.3,5,0,5,2,7,3,5,3,Yes,No,Considering it,Good
35,Prefer not to say,Full-time employed,Latin America,TikTok,6,4.1,48,Sometimes,22,Connection with friends,6.8,13,4,8,1,5,4,7,4,No,"Yes, succeeded",Considering it,Moderate
31,Male,Unemployed,North America,Facebook,4,2.8,74,Often,24,Connection with friends,6.0,5,7,10,7,7,5,5,3,No,No,Considering it,Good
17,Male,Student,Latin America,TikTok,6,5.4,56,Never,62,Entertainment,6.5,14,4,6,4,5,9,9,2,No,"Yes, failed",No,Moderate
53,Female,Self-employed,North America,TikTok,2,2.6,111,Often,12,Passing time/boredom,7.6,6,3,7,5,7,4,5,2,No,"Yes, failed",Considering it,Good
29,Non-binary,Full-time employed,North America,Instagram,3,1.6,22,Sometimes,8,News/information,7.7,12,2,8,2,7,6,4,3,Yes,"Yes, failed",No,Moderate
44,Non-binary,Full-time employed,North America,Reddit,1,5.3,207,Never,6,News/information,7.1,23,8,6,1,5,4,6,1,No,No,Considering it,At-risk
15,Female,Student,Latin America,TikTok,1,3.4,24,Never,18,Work/career,7.2,6,6,6,7,6,2,7,1,No,"Yes, failed",Yes,Good
46,Male,Student,North America,Reddit,5,3.7,69,Sometimes,62,Entertainment,6.5,14,1,7,3,6,4,4,1,No,"Yes, failed",No,Moderate
36,Male,Full-time employed,Europe,Snapchat,3,2.8,124,Never,41,Passing time/boredom,7.7,5,2,8,8,6,2,2,2,Yes,No,Yes,Good
40,Female,Part-time employed,Asia,YouTube,2,11.0,202,Often,5,Entertainment,5.7,26,2,3,5,5,10,8,2,No,"Yes, succeeded",Considering it,At-risk
33,Male,Unemployed,Europe,Snapchat,6,3.3,101,Often,39,Connection with friends,8.2,18,0,8,9,6,5,7,3,Yes,No,Yes,At-risk
43,Female,Student,Asia,X/Twitter,2,3.1,111,Never,20,Entertainment,8.9,12,5,9,10,7,3,7,2,Yes,"Yes, failed",Yes,Moderate
37,Male,Full-time employed,Asia,LinkedIn,4,2.4,22,Often,7,News/information,6.4,14,8,9,3,3,1,6,1,Yes,"Yes, failed",Yes,Moderate
33,Female,Full-time employed,Asia,TikTok,4,3.5,51,Often,8,Entertainment,8.2,14,3,9,4,9,5,7,3,No,No,Yes,Moderate
26,Female,Full-time employed,Europe,X/Twitter,6,4.1,164,Sometimes,1,Connection with friends,6.9,13,4,9,3,4,4,6,1,No,"Yes, failed",No,Moderate
22,Female,Part-time employed,North America,YouTube,5,2.9,48,Often,5,Work/career,7.4,12,1,8,6,4,2,7,2,No,"Yes, succeeded",Considering it,Moderate
26,Male,Student,North America,TikTok,4,4.1,78,Often,30,Passing time/boredom,5.8,11,1,5,10,7,5,10,2,No,No,No,Moderate
37,Male,Full-time employed,Europe,Instagram,1,6.2,49,Sometimes,22,Entertainment,6.2,11,2,5,2,4,8,8,4,No,"Yes, failed",Considering it,Moderate
36,Female,Self-employed,North America,TikTok,4,1.9,26,Sometimes,25,Entertainment,8.0,6,1,8,7,8,4,6,4,Yes,No,No,Good
32,Male,Unemployed,Latin America,TikTok,1,4.3,91,Often,20,Connection with friends,6.0,11,0,7,7,7,3,10,0,No,"Yes, succeeded",No,Moderate
16,Female,Full-time employed,North America,TikTok,1,1.4,10,Sometimes,15,Work/career,7.9,8,6,10,1,8,5,4,0,Yes,No,Yes,Good
27,Female,Part-time employed,Europe,X/Twitter,3,1.5,12,Every night,20,News/information,6.8,9,14,6,8,6,6,3,3,No,No,No,Moderate
48,Female,Self-employed,Latin America,Instagram,3,2.4,47,Sometimes,10,News/information,7.0,11,3,7,4,4,5,2,2,Yes,"Yes, failed",No,Moderate
28,Female,Full-time employed,Latin America,Instagram,1,3.9,39,Every night,40,Work/career,6.4,19,6,5,5,4,5,4,2,Yes,No,Considering it,At-risk
36,Female,Full-time employed,Europe,YouTube,2,2.7,63,Sometimes,19,Passing time/boredom,8.0,14,6,9,7,6,6,7,3,No,"Yes, failed",No,Moderate
31,Male,Unemployed,Europe,Instagram,5,4.6,50,Sometimes,15,Connection with friends,6.7,15,0,3,3,5,4,6,3,No,"Yes, failed",No,Moderate
24,Female,Unemployed,Europe,Instagram,1,4.3,56,Often,12,Entertainment,6.6,9,9,9,5,6,5,10,2,Yes,"Yes, succeeded",Yes,Good
19,Non-binary,Part-time employed,Europe,TikTok,4,1.8,26,Often,17,News/information,6.8,6,4,6,4,10,5,3,2,No,No,No,Good
39,Female,Student,Latin America,TikTok,3,2.7,19,Never,18,News/information,7.9,7,5,6,5,9,5,6,5,No,No,No,Good
32,Male,Student,Europe,Instagram,6,3.5,84,Sometimes,8,Connection with friends,8.1,5,4,8,5,5,3,9,3,No,"Yes, failed",No,Good
36,Male,Full-time employed,Asia,TikTok,3,1.4,25,Often,14,Entertainment,6.4,14,8,5,3,6,1,5,3,No,"Yes, succeeded",No,Moderate
25,Female,Student,North America,YouTube,1,3.0,75,Sometimes,13,Passing time/boredom,6.0,15,5,7,9,6,5,5,2,Yes,No,No,Moderate
25,Female,Part-time employed,North America,TikTok,1,3.5,87,Sometimes,6,Passing time/boredom,7.1,13,7,10,7,6,6,2,4,No,"Yes, failed",No,Moderate
34,Female,Student,Asia,TikTok,1,4.0,20,Sometimes,4,Connection with friends,6.1,18,6,4,7,2,4,4,3,Yes,No,Yes,At-risk
23,Female,Student,Europe,Snapchat,3,2.6,22,Never,29,Content creation,8.1,8,8,6,1,6,3,2,1,No,No,No,Good
24,Female,Student,Oceania,TikTok,4,1.4,32,Never,23,Entertainment,7.8,4,0,7,1,6,5,4,3,No,No,Considering it,Good
14,Female,Student,Latin America,Instagram,3,2.8,116,Sometimes,8,Content creation,7.2,10,0,6,1,9,6,5,3,No,No,Considering it,Moderate
20,Female,Full-time employed,North America,Snapchat,3,0.8,9,Never,25,Connection with friends,7.0,5,8,8,4,7,4,5,2,No,No,No,Good
45,Female,Student,North America,TikTok,2,1.9,37,Often,12,Passing time/boredom,7.4,6,2,9,2,10,4,8,2,No,No,No,Good
32,Male,Part-time employed,Oceania,Snapchat,1,2.5,59,Sometimes,10,News/information,7.0,18,4,9,5,4,2,5,2,No,"Yes, succeeded",No,At-risk
40,Female,Full-time employed,North America,Snapchat,1,1.5,75,Every night,14,Connection with friends,6.8,13,2,6,6,7,3,3,1,No,No,No,Moderate
31,Male,Student,Africa,Snapchat,3,2.3,38,Never,17,News/information,9.1,18,2,7,3,6,5,4,3,Yes,No,No,At-risk
31,Male,Student,Europe,X/Twitter,5,0.7,10,Often,8,Work/career,7.5,13,6,7,4,7,1,2,2,No,No,No,Moderate
31,Female,Full-time employed,North America,X/Twitter,6,4.4,142,Every night,18,Entertainment,5.1,12,1,6,2,6,7,5,3,Yes,"Yes, failed",Yes,Moderate
22,Female,Full-time employed,Europe,Facebook,2,5.5,93,Sometimes,31,Passing time/boredom,6.9,16,0,4,4,6,5,7,3,Yes,No,Considering it,Moderate
29,Male,Full-time employed,Oceania,TikTok,3,3.4,131,Often,32,Passing time/boredom,6.2,22,0,9,4,3,2,7,1,Yes,"Yes, failed",No,At-risk
37,Female,Full-time employed,Asia,Facebook,3,1.5,23,Sometimes,34,Content creation,6.8,6,10,10,6,8,3,7,3,No,"Yes, succeeded",No,Moderate
37,Male,Full-time employed,Asia,Instagram,3,1.0,11,Sometimes,31,News/information,7.7,6,0,4,5,10,1,4,3,Yes,"Yes, failed",Yes,Good
36,Female,Unemployed,Europe,Instagram,3,3.1,40,Often,10,Connection with friends,6.9,14,5,7,1,8,4,6,3,Yes,No,No,Moderate
22,Female,Student,North America,Snapchat,3,1.3,52,Sometimes,3,Connection with friends,8.0,13,6,9,5,7,5,4,6,Yes,No,No,Moderate
27,Male,Part-time employed,Africa,Snapchat,6,3.5,64,Every night,21,Connection with friends,5.8,13,1,7,2,5,3,4,1,No,"Yes, succeeded",Considering it,Moderate
22,Non-binary,Self-employed,Europe,Reddit,3,1.1,11,Every night,23,Connection with friends,6.8,13,0,7,1,9,3,5,4,No,No,No,Moderate
45,Male,Self-employed,Asia,YouTube,4,1.5,65,Often,15,Connection with friends,7.2,7,5,7,7,7,4,3,3,Yes,No,Yes,Good
26,Male,Part-time employed,Europe,TikTok,5,4.5,70,Sometimes,45,Content creation,6.2,10,3,7,5,6,6,3,3,Yes,"Yes, succeeded",Considering it,Moderate
44,Male,Student,Europe,X/Twitter,2,2.7,122,Often,12,Entertainment,6.8,10,9,9,2,5,3,4,2,Yes,"Yes, failed",No,Moderate
29,Female,Part-time employed,North America,Instagram,5,2.1,19,Never,9,News/information,8.9,6,0,8,4,7,5,4,3,No,"Yes, failed",No,Good
26,Male,Part-time employed,Asia,TikTok,6,2.3,95,Sometimes,27,Entertainment,8.2,12,6,8,5,7,3,5,3,No,"Yes, succeeded",No,Moderate
25,Female,Student,Asia,TikTok,4,3.2,52,Every night,11,Passing time/boredom,5.6,12,4,10,4,6,5,4,1,Yes,"Yes, failed",No,Moderate
44,Male,Part-time employed,North America,TikTok,2,3.4,145,Sometimes,11,Passing time/boredom,7.6,17,0,6,5,3,4,2,3,No,No,Considering it,At-risk
24,Male,Student,North America,YouTube,3,4.2,94,Every night,12,Connection with friends,7.0,8,0,7,5,8,4,6,2,Yes,No,No,Good
25,Female,Student,North America,TikTok,8,6.7,74,Sometimes,7,News/information,6.9,21,0,5,1,4,10,7,4,Yes,"Yes, failed",No,At-risk
13,Male,Student,Asia,TikTok,4,0.8,12,Sometimes,17,Entertainment,8.1,6,5,7,2,7,7,6,3,Yes,No,No,Good
31,Female,Full-time employed,Asia,YouTube,3,5.1,231,Often,27,Entertainment,8.3,12,0,6,5,6,1,6,2,Yes,"Yes, failed",No,Moderate
28,Male,Part-time employed,Europe,TikTok,3,3.7,110,Every night,22,Connection with friends,5.8,18,1,5,4,5,6,7,1,No,"Yes, failed",Considering it,At-risk
20,Male,Full-time employed,Asia,X/Twitter,3,2.4,48,Often,21,Connection with friends,8.2,10,3,7,5,9,3,5,4,No,No,No,Moderate
34,Male,Student,Africa,YouTube,2,3.5,67,Often,31,Entertainment,7.2,12,8,6,5,7,3,6,0,Yes,No,Considering it,Moderate
15,Female,Student,Europe,TikTok,4,0.9,17,Often,9,Entertainment,7.5,12,0,9,4,6,4,3,1,No,"Yes, failed",No,Moderate
13,Male,Unemployed,Asia,Facebook,6,2.9,41,Sometimes,6,Work/career,8.7,10,0,9,4,7,6,7,2,No,No,Considering it,Moderate
23,Male,Student,Asia,X/Twitter,5,3.8,23,Sometimes,27,News/information,6.2,12,9,7,3,7,5,6,3,No,"Yes, failed",Yes,Moderate
42,Non-binary,Retired,Latin America,Facebook,5,4.1,37,Sometimes,41,Entertainment,7.9,14,0,6,6,7,3,5,1,Yes,No,Yes,Moderate
22,Female,Full-time employed,Europe,Facebook,4,1.2,41,Sometimes,21,Work/career,9.6,10,6,7,3,6,3,6,4,Yes,"Yes, succeeded",No,Moderate
27,Male,Student,Asia,YouTube,3,2.7,23,Sometimes,8,News/information,7.8,16,2,7,3,4,4,6,5,No,No,Considering it,Moderate
34,Male,Student,North America,Instagram,3,1.3,12,Sometimes,15,Connection with friends,6.3,16,6,7,9,6,5,6,2,Yes,No,Considering it,Moderate
23,Female,Part-time employed,Latin America,YouTube,4,2.8,36,Sometimes,4,News/information,6.8,10,5,7,4,5,3,6,6,Yes,"Yes, failed",No,Moderate
29,Female,Unemployed,North America,Instagram,4,3.2,64,Sometimes,41,Connection with friends,6.7,15,6,8,3,7,7,6,1,No,No,No,Moderate
46,Male,Full-time employed,Latin America,YouTube,3,2.8,77,Every night,7,Entertainment,5.4,10,4,9,7,8,5,8,0,No,No,Considering it,Moderate
13,Female,Self-employed,Latin America,Instagram,4,1.7,27,Never,28,Entertainment,7.6,14,2,6,4,7,1,3,3,No,No,No,Moderate
26,Male,Full-time employed,Asia,TikTok,3,1.8,27,Sometimes,27,Entertainment,8.4,11,2,10,3,5,3,4,3,Yes,"Yes, succeeded",No,Moderate
31,Male,Full-time employed,Asia,TikTok,3,1.7,70,Sometimes,32,Entertainment,9.4,3,5,10,5,5,5,4,3,No,No,No,Good
18,Female,Self-employed,Oceania,Facebook,3,2.3,62,Often,10,Connection with friends,6.4,18,2,8,4,6,8,5,2,No,No,Yes,At-risk
40,Prefer not to say,Student,Europe,Reddit,4,8.3,400,Often,16,News/information,5.5,13,0,3,10,3,7,6,3,No,"Yes, succeeded",No,Moderate
34,Female,Student,Latin America,TikTok,3,1.8,70,Often,12,Entertainment,7.4,10,7,7,2,7,8,6,2,No,"Yes, failed",Yes,Moderate
16,Male,Full-time employed,North America,Facebook,4,0.8,39,Sometimes,55,Connection with friends,7.7,10,6,10,3,8,2,7,5,No,"Yes, failed",No,Moderate
28,Male,Student,Europe,TikTok,6,1.0,15,Every night,13,News/information,7.3,12,9,9,1,8,3,8,2,No,"Yes, succeeded",No,Moderate
50,Male,Student,North America,YouTube,2,6.1,57,Sometimes,16,News/information,6.5,18,1,2,4,7,8,3,3,No,No,Yes,At-risk
13,Male,Full-time employed,Asia,Snapchat,1,1.1,22,Sometimes,14,Content creation,7.8,5,7,7,5,8,7,4,2,Yes,"Yes, failed",Considering it,Good
43,Female,Student,Asia,YouTube,3,4.6,106,Never,8,Work/career,5.9,13,2,6,3,5,9,6,2,No,"Yes, succeeded",Considering it,Moderate
24,Male,Student,Asia,Snapchat,7,5.0,65,Every night,5,Entertainment,5.1,17,0,6,3,7,9,7,2,Yes,No,No,At-risk
27,Male,Part-time employed,Europe,TikTok,7,5.9,104,Never,23,Connection with friends,7.6,17,3,7,5,4,3,3,3,No,"Yes, succeeded",Yes,At-risk
32,Female,Part-time employed,Africa,TikTok,1,2.8,21,Often,4,Entertainment,6.2,9,11,8,4,3,6,1,5,No,"Yes, succeeded",Yes,Moderate
25,Male,Full-time employed,North America,Reddit,3,2.9,60,Sometimes,46,Work/career,6.2,11,6,5,5,7,5,2,5,Yes,"Yes, succeeded",No,Moderate
26,Female,Student,Europe,Instagram,2,5.9,36,Often,8,Connection with friends,5.9,10,1,7,4,3,5,4,5,Yes,"Yes, succeeded",No,Moderate
44,Male,Part-time employed,Europe,YouTube,5,8.3,114,Every night,16,Entertainment,5.2,24,0,4,5,7,9,10,4,No,No,No,At-risk
25,Female,Student,Europe,TikTok,5,1.7,21,Sometimes,5,News/information,6.9,13,7,6,3,5,2,5,3,No,No,No,Moderate
30,Female,Self-employed,Europe,YouTube,6,1.2,9,Sometimes,3,Entertainment,6.7,5,4,8,1,6,6,4,5,No,No,Considering it,Good
27,Female,Full-time employed,Latin America,TikTok,5,1.6,12,Sometimes,11,Connection with friends,7.4,10,7,9,4,4,2,10,3,No,"Yes, succeeded",Considering it,Moderate
34,Female,Student,Africa,X/Twitter,3,2.3,25,Every night,29,Connection with friends,7.2,14,0,5,1,4,5,5,1,No,"Yes, failed",No,Moderate
37,Prefer not to say,Unemployed,North America,Instagram,4,3.1,163,Every night,16,News/information,7.3,9,14,7,5,5,1,10,3,Yes,No,No,Moderate
27,Female,Part-time employed,Europe,TikTok,2,3.7,22,Often,14,Entertainment,6.7,10,5,10,3,7,4,6,3,Yes,"Yes, failed",Yes,Moderate
34,Female,Student,Latin America,Instagram,5,4.0,108,Never,53,Connection with friends,7.3,3,5,6,6,5,5,5,2,No,No,No,Good
22,Female,Part-time employed,Asia,Instagram,1,3.0,44,Every night,33,Entertainment,5.7,15,9,10,3,8,1,5,4,No,"Yes, failed",No,Moderate
30,Female,Full-time employed,Asia,Instagram,4,1.3,5,Often,18,Work/career,6.1,5,8,8,2,9,1,3,3,No,No,Yes,Good
13,Prefer not to say,Student,Asia,Instagram,1,4.1,18,Often,1,Work/career,6.0,14,2,5,3,3,7,5,6,No,No,No,Moderate
32,Male,Self-employed,Latin America,Instagram,5,2.7,18,Never,1,News/information,7.1,8,9,7,3,7,4,5,2,Yes,No,Considering it,Good
25,Male,Student,Africa,LinkedIn,3,4.7,80,Sometimes,6,Entertainment,7.6,22,1,4,2,6,7,1,2,No,"Yes, failed",No,At-risk
14,Female,Self-employed,Latin America,LinkedIn,3,7.0,108,Often,30,News/information,6.9,12,0,8,10,6,7,10,2,No,"Yes, failed",No,Moderate
35,Female,Full-time employed,Africa,X/Twitter,3,2.3,42,Sometimes,6,Entertainment,7.1,7,9,7,1,9,4,5,1,No,No,No,Good
17,Female,Part-time employed,Europe,Instagram,3,5.8,88,Never,14,Connection with friends,8.6,21,3,7,3,5,6,4,5,No,No,No,At-risk
24,Female,Full-time employed,Asia,Facebook,5,2.5,34,Sometimes,16,Content creation,7.2,8,4,6,7,6,4,4,5,No,"Yes, failed",No,Good
26,Female,Full-time employed,Oceania,Instagram,3,7.5,52,Every night,56,Connection with friends,5.2,25,0,6,6,1,5,5,2,No,No,No,At-risk
32,Female,Full-time employed,Asia,LinkedIn,4,2.4,62,Sometimes,15,Content creation,7.4,11,2,7,5,8,6,6,5,Yes,No,Yes,Moderate
23,Male,Full-time employed,Asia,TikTok,3,5.5,114,Sometimes,7,Connection with friends,9.0,10,7,8,6,6,4,7,3,No,No,No,Moderate
26,Female,Student,North America,Reddit,6,3.1,19,Every night,11,Entertainment,6.1,9,0,6,3,6,3,4,3,Yes,No,No,Good
44,Male,Full-time employed,Europe,Instagram,1,5.4,92,Never,6,Work/career,7.3,12,7,6,7,5,3,5,5,No,No,Considering it,Moderate
31,Female,Unemployed,Europe,Instagram,5,5.5,176,Sometimes,26,Content creation,6.3,14,3,4,8,6,5,6,2,Yes,"Yes, succeeded",Considering it,Moderate
27,Male,Student,Asia,YouTube,6,3.7,17,Often,5,Work/career,6.7,8,3,5,2,7,5,9,2,Yes,"Yes, succeeded",No,Good
39,Male,Student,North America,YouTube,3,2.7,33,Often,20,Connection with friends,6.4,12,7,8,2,8,6,2,3,No,"Yes, failed",Yes,Moderate
34,Female,Self-employed,Asia,Instagram,1,5.0,102,Sometimes,15,Passing time/boredom,6.5,10,3,5,9,3,4,8,3,No,"Yes, failed",No,Moderate
29,Female,Part-time employed,North America,Instagram,3,2.3,23,Sometimes,30,Entertainment,7.5,15,10,5,6,5,4,4,2,Yes,No,No,Moderate
15,Male,Student,Europe,TikTok,2,1.4,54,Often,9,Work/career,7.2,9,1,7,3,5,4,6,6,No,No,No,Good
28,Female,Full-time employed,Oceania,LinkedIn,5,6.9,106,Sometimes,15,Passing time/boredom,5.6,18,2,4,8,4,6,6,2,Yes,No,Yes,At-risk
36,Male,Self-employed,Asia,TikTok,3,4.2,126,Often,9,Entertainment,6.8,12,11,8,6,5,4,6,2,Yes,No,No,Moderate
23,Male,Student,Latin America,X/Twitter,2,3.2,45,Every night,43,Entertainment,7.0,14,2,7,8,6,6,6,2,No,No,Considering it,Moderate
33,Female,Student,Asia,X/Twitter,2,5.4,135,Often,9,Content creation,6.6,13,0,7,8,4,5,8,2,No,No,No,Moderate
49,Male,Unemployed,North America,TikTok,1,1.0,12,Often,50,Entertainment,6.5,8,0,6,3,6,7,5,1,No,No,Considering it,Good
39,Female,Self-employed,North America,TikTok,2,2.4,41,Every night,39,Content creation,5.6,17,6,6,5,8,6,6,2,No,No,No,At-risk
30,Prefer not to say,Student,North America,TikTok,6,2.2,28,Often,28,News/information,7.2,13,0,7,4,8,2,4,6,Yes,"Yes, failed",Yes,Moderate
43,Male,Full-time employed,Oceania,X/Twitter,3,3.6,55,Every night,3,Entertainment,5.8,12,0,6,4,9,2,5,2,Yes,"Yes, failed",No,Moderate
30,Male,Part-time employed,Latin America,TikTok,5,0.8,17,Often,13,News/information,6.8,18,5,6,4,7,2,5,4,No,No,No,At-risk
38,Female,Retired,North America,Reddit,4,3.1,11,Sometimes,13,Passing time/boredom,7.4,9,4,8,2,6,2,7,2,Yes,"Yes, failed",No,Good
30,Male,Full-time employed,Latin America,Instagram,3,3.3,14,Every night,10,Work/career,6.5,13,0,6,4,4,6,3,4,Yes,"Yes, succeeded",Considering it,Moderate
36,Female,Full-time employed,North America,TikTok,3,1.7,91,Every night,6,Work/career,7.2,12,0,7,1,3,10,5,1,No,No,No,Moderate
39,Male,Full-time employed,Europe,TikTok,6,6.1,20,Sometimes,7,Content creation,5.6,18,0,9,6,6,8,8,3,No,No,Yes,At-risk
28,Male,Full-time employed,Latin America,TikTok,2,7.8,169,Sometimes,5,News/information,7.7,19,1,8,1,4,7,6,3,No,No,Yes,At-risk
21,Male,Full-time employed,Asia,TikTok,4,4.9,83,Sometimes,18,News/information,7.7,11,8,8,6,7,6,4,1,No,"Yes, failed",No,Moderate
45,Non-binary,Part-time employed,Europe,TikTok,2,2.4,102,Sometimes,28,Entertainment,7.4,10,2,7,7,5,4,4,4,No,No,Yes,Moderate
31,Male,Full-time employed,Europe,YouTube,2,4.3,196,Often,15,Connection with friends,6.8,19,6,4,7,8,7,6,3,No,No,Considering it,At-risk
20,Female,Student,Asia,Facebook,4,1.6,50,Sometimes,52,Passing time/boredom,7.7,13,1,9,8,3,1,5,2,No,No,Yes,Moderate
17,Female,Full-time employed,Europe,YouTube,3,4.1,30,Sometimes,86,Entertainment,8.6,15,0,10,4,5,4,4,5,No,No,No,Moderate
33,Male,Student,Europe,X/Twitter,2,6.6,106,Every night,6,Content creation,5.3,10,2,5,7,3,5,4,2,Yes,"Yes, failed",Yes,Moderate
22,Female,Part-time employed,Oceania,YouTube,6,0.8,25,Sometimes,11,News/information,7.5,14,10,8,5,8,1,2,2,Yes,"Yes, failed",Considering it,Moderate
33,Non-binary,Student,Europe,TikTok,1,1.5,38,Every night,9,Work/career,6.7,9,1,9,4,1,4,5,4,Yes,"Yes, succeeded",No,Good
13,Female,Student,Asia,YouTube,6,5.3,89,Sometimes,21,Entertainment,6.2,9,5,8,9,4,7,7,0,No,No,Considering it,Good
24,Female,Full-time employed,Europe,YouTube,2,1.6,20,Often,51,Passing time/boredom,6.9,11,6,5,3,7,2,8,4,No,"Yes, failed",No,Moderate
33,Non-binary,Self-employed,Oceania,Facebook,6,2.6,89,Sometimes,9,Content creation,6.3,5,7,7,2,5,5,3,5,No,"Yes, failed",Yes,Good
18,Female,Self-employed,Asia,TikTok,8,6.4,91,Often,19,Connection with friends,5.8,17,7,7,1,3,8,4,1,No,"Yes, failed",No,At-risk
20,Female,Full-time employed,Europe,YouTube,4,3.4,37,Often,10,Passing time/boredom,7.4,2,2,7,3,4,5,3,2,Yes,No,Considering it,Good
25,Male,Unemployed,Asia,TikTok,3,1.9,16,Sometimes,20,Entertainment,7.4,11,3,8,8,6,6,6,4,No,"Yes, failed",No,Moderate
33,Female,Part-time employed,Asia,TikTok,2,5.0,85,Every night,31,Connection with friends,5.5,14,1,6,5,7,5,6,3,Yes,"Yes, failed",Considering it,Moderate
34,Female,Full-time employed,Europe,Instagram,5,3.2,141,Every night,31,News/information,6.2,11,8,8,5,5,2,5,5,No,No,No,Moderate
26,Female,Self-employed,Europe,Facebook,2,2.5,30,Often,28,Passing time/boredom,7.0,8,2,9,4,10,1,5,1,Yes,No,Yes,Good
31,Female,Full-time employed,Europe,TikTok,5,4.4,139,Sometimes,24,Entertainment,5.9,17,5,7,6,2,2,3,3,Yes,"Yes, failed",No,At-risk
34,Female,Student,Latin America,Instagram,6,2.0,67,Sometimes,7,Entertainment,7.2,8,7,8,3,3,3,7,4,No,No,No,Good
34,Female,Student,Latin America,Instagram,2,6.0,40,Often,50,News/information,5.6,13,7,6,4,5,2,7,2,No,No,Considering it,Moderate
36,Female,Student,Africa,TikTok,2,4.2,46,Sometimes,16,Content creation,6.5,12,6,5,3,6,3,6,2,No,"Yes, succeeded",No,Moderate
30,Female,Self-employed,Europe,Facebook,5,3.3,9,Sometimes,6,Entertainment,7.1,6,0,7,6,4,3,8,3,No,"Yes, succeeded",Considering it,Good
15,Male,Full-time employed,Latin America,Instagram,4,5.2,61,Sometimes,5,Entertainment,6.1,14,0,7,7,6,7,6,1,No,"Yes, failed",Yes,Moderate
26,Male,Part-time employed,North America,YouTube,5,3.3,37,Often,20,Entertainment,6.5,11,4,7,6,4,8,5,1,No,No,No,Moderate
13,Female,Student,Asia,TikTok,5,7.7,86,Sometimes,5,Passing time/boredom,6.4,22,1,7,10,7,7,5,2,Yes,"Yes, failed",No,At-risk
31,Male,Full-time employed,North America,YouTube,2,3.9,107,Often,10,News/information,6.5,11,5,5,3,6,7,7,3,No,No,No,Moderate
20,Male,Unemployed,Asia,YouTube,3,2.7,32,Often,14,Passing time/boredom,7.1,10,6,6,3,4,2,5,1,Yes,No,No,Moderate
34,Female,Part-time employed,Europe,LinkedIn,2,3.2,62,Every night,17,Connection with friends,5.6,7,1,6,8,4,5,3,3,No,"Yes, succeeded",No,Good
34,Female,Full-time employed,Oceania,TikTok,1,1.6,27,Sometimes,22,Connection with friends,7.2,1,2,7,3,8,5,5,5,No,No,No,Good
13,Male,Part-time employed,Europe,Instagram,2,4.2,260,Sometimes,16,Entertainment,6.6,20,0,4,4,4,5,6,2,No,"Yes, succeeded",No,At-risk
32,Male,Student,Europe,TikTok,3,2.0,61,Often,19,Entertainment,7.7,8,2,8,2,4,8,5,2,No,"Yes, succeeded",No,Good
50,Male,Unemployed,Europe,Facebook,3,2.9,58,Sometimes,23,Content creation,8.0,12,6,5,6,8,1,6,3,No,No,No,Moderate
31,Male,Student,Asia,YouTube,4,5.0,29,Sometimes,27,Entertainment,6.1,10,1,5,3,7,5,6,2,No,No,No,Moderate
24,Female,Part-time employed,Europe,Reddit,3,1.7,56,Never,17,Connection with friends,7.3,6,2,8,6,7,5,3,4,Yes,"Yes, failed",No,Good
28,Female,Part-time employed,Latin America,TikTok,4,3.9,44,Never,26,Entertainment,6.8,5,3,7,5,4,6,3,2,No,"Yes, failed",No,Good
36,Female,Full-time employed,Asia,Facebook,2,3.4,22,Never,30,Entertainment,8.6,16,4,8,4,6,6,4,2,Yes,No,Considering it,Moderate
34,Male,Student,Europe,Instagram,4,3.1,105,Every night,27,Passing time/boredom,7.3,18,4,8,6,8,7,6,3,Yes,"Yes, failed",Yes,At-risk
37,Female,Student,North America,TikTok,4,3.4,139,Often,20,Content creation,5.5,8,6,9,4,6,9,1,5,Yes,"Yes, succeeded",No,Good
13,Female,Full-time employed,North America,Instagram,4,4.1,48,Never,11,Connection with friends,7.0,6,6,7,8,7,1,3,5,No,No,No,Good
28,Male,Student,North America,Facebook,7,0.9,13,Sometimes,12,Entertainment,7.6,6,7,8,4,9,4,5,4,No,"Yes, failed",Yes,Good
30,Female,Student,North America,Instagram,8,2.5,28,Sometimes,9,Passing time/boredom,6.6,8,4,10,3,8,5,5,4,No,"Yes, succeeded",No,Good
33,Male,Part-time employed,Europe,YouTube,3,2.1,37,Sometimes,12,Entertainment,7.2,9,11,8,7,7,2,6,4,No,"Yes, succeeded",No,Moderate
15,Female,Student,Europe,YouTube,5,2.9,49,Often,6,News/information,7.8,13,8,7,7,8,4,1,3,No,No,No,Moderate
35,Female,Student,Latin America,YouTube,4,1.3,29,Sometimes,11,Entertainment,7.9,13,6,8,6,5,3,1,2,No,No,Considering it,Moderate
29,Male,Full-time employed,Europe,TikTok,2,2.3,60,Often,17,Work/career,7.1,9,5,5,6,7,7,3,3,No,"Yes, succeeded",No,Good
49,Female,Student,Oceania,TikTok,8,3.3,81,Never,16,Content creation,6.8,2,2,8,2,7,7,5,1,Yes,No,No,Good
19,Male,Student,Europe,TikTok,5,1.8,50,Sometimes,26,Passing time/boredom,6.9,8,4,8,3,5,1,4,3,No,"Yes, failed",No,Good
35,Male,Retired,North America,YouTube,3,4.1,20,Never,30,News/information,7.8,5,3,9,7,6,7,5,4,Yes,No,No,Good
37,Male,Student,Europe,YouTube,2,5.5,134,Often,28,News/information,6.1,6,0,7,7,4,4,5,0,Yes,No,Yes,Good
38,Male,Full-time employed,Europe,TikTok,5,5.8,175,Every night,14,News/information,6.7,18,0,6,6,3,9,5,2,No,"Yes, succeeded",No,At-risk
26,Female,Student,Latin America,Instagram,2,4.0,36,Every night,30,Connection with friends,5.8,13,3,3,4,6,6,5,3,No,"Yes, failed",No,Moderate
26,Female,Full-time employed,Europe,YouTube,3,1.4,15,Often,19,Work/career,5.6,11,7,8,8,5,5,5,4,No,"Yes, succeeded",No,Moderate
42,Female,Student,North America,YouTube,1,1.2,24,Never,15,Work/career,8.1,7,8,8,5,10,4,2,1,No,No,Yes,Good
26,Female,Unemployed,Europe,Instagram,3,0.7,11,Sometimes,8,News/information,7.6,11,2,7,5,7,2,6,3,No,"Yes, failed",No,Moderate
40,Non-binary,Unemployed,Asia,Instagram,1,3.3,48,Every night,21,Connection with friends,6.2,15,4,7,8,4,6,4,4,No,"Yes, failed",No,Moderate
27,Male,Student,Europe,Instagram,5,2.1,43,Every night,20,Entertainment,7.0,13,2,7,6,7,6,8,2,Yes,"Yes, succeeded",No,Moderate
42,Female,Unemployed,Europe,YouTube,4,2.1,41,Every night,8,Work/career,6.6,8,3,6,3,4,10,3,3,Yes,No,No,Good
28,Male,Full-time employed,Europe,TikTok,4,2.5,60,Sometimes,17,Connection with friends,8.5,7,6,7,5,4,5,5,3,Yes,No,Considering it,Good
20,Male,Full-time employed,Asia,TikTok,3,3.5,55,Often,29,Content creation,5.7,2,4,7,4,8,1,6,4,No,"Yes, succeeded",Considering it,Good
26,Male,Student,North America,Snapchat,5,3.0,32,Sometimes,29,News/information,7.7,3,1,6,3,8,2,7,3,No,"Yes, failed",No,Good
26,Female,Student,Asia,Instagram,2,6.4,71,Every night,42,News/information,6.7,13,0,5,5,8,6,7,3,No,No,No,Moderate
33,Female,Student,Africa,TikTok,3,8.7,75,Often,14,Passing time/boredom,6.1,17,0,4,5,3,9,8,4,No,"Yes, failed",No,At-risk
21,Female,Part-time employed,Europe,TikTok,3,4.4,135,Often,5,Connection with friends,7.3,14,8,5,7,1,6,4,3,No,No,Yes,Moderate
40,Female,Full-time employed,Asia,Instagram,5,5.9,123,Often,9,Work/career,7.0,16,0,7,4,3,4,5,3,No,No,Yes,Moderate
52,Non-binary,Full-time employed,Asia,YouTube,5,2.5,20,Often,6,Passing time/boredom,7.3,15,2,8,5,8,5,3,3,No,"Yes, failed",Yes,Moderate
13,Male,Student,Europe,Instagram,4,4.2,61,Never,54,Connection with friends,7.9,5,0,6,5,9,3,3,3,No,No,Considering it,Good
38,Male,Student,Europe,Snapchat,2,2.9,36,Often,34,Passing time/boredom,7.0,6,0,8,5,6,6,4,2,No,No,Yes,Good
37,Female,Full-time employed,North America,Snapchat,2,5.5,92,Sometimes,18,Connection with friends,7.0,21,5,4,8,7,10,4,4,No,No,No,At-risk
32,Male,Self-employed,Asia,LinkedIn,4,0.7,15,Sometimes,2,Connection with friends,7.4,7,2,8,5,7,3,5,4,No,"Yes, failed",No,Good
57,Non-binary,Self-employed,Europe,Instagram,5,5.0,44,Never,11,Entertainment,6.7,16,9,9,2,5,5,8,2,No,No,Yes,Moderate
39,Female,Student,North America,Instagram,3,1.8,28,Often,27,News/information,7.7,8,3,9,3,4,7,6,1,Yes,No,Yes,Good
34,Female,Student,North America,TikTok,3,1.2,6,Often,12,News/information,8.5,9,3,7,5,6,6,5,3,No,No,Considering it,Good
33,Female,Full-time employed,North America,LinkedIn,2,0.7,6,Often,33,Connection with friends,7.3,6,0,10,5,5,2,7,4,Yes,No,No,Good
30,Male,Student,North America,TikTok,4,0.9,36,Often,20,Work/career,7.7,12,6,9,3,7,8,5,3,No,No,No,Moderate
26,Female,Student,North America,Snapchat,2,1.7,5,Often,21,Passing time/boredom,6.8,9,5,8,7,5,3,6,4,No,"Yes, succeeded",No,Good
50,Female,Full-time employed,Oceania,Instagram,2,2.9,100,Never,10,Work/career,8.0,8,0,8,5,6,4,4,2,No,"Yes, succeeded",No,Good
18,Female,Unemployed,Africa,YouTube,7,3.7,32,Sometimes,7,News/information,6.4,13,1,8,2,6,4,9,5,Yes,No,Yes,Moderate
26,Female,Full-time employed,Europe,YouTube,1,1.8,21,Every night,13,News/information,7.7,14,1,7,7,5,4,9,2,No,"Yes, failed",Considering it,Moderate
42,Male,Student,North America,YouTube,4,2.5,51,Sometimes,11,News/information,7.5,7,4,5,4,6,6,2,4,Yes,"Yes, succeeded",Yes,Good
27,Male,Full-time employed,North America,Snapchat,6,2.4,29,Sometimes,24,Passing time/boredom,7.0,6,3,6,2,4,3,4,1,No,"Yes, failed",No,Good
31,Female,Full-time employed,Asia,YouTube,3,1.7,32,Often,3,Work/career,7.8,8,7,9,2,9,6,5,4,No,No,No,Good
24,Female,Student,Asia,YouTube,1,2.1,46,Sometimes,13,Connection with friends,7.1,8,7,9,3,7,5,2,3,No,No,No,Good
30,Male,Unemployed,Europe,Instagram,1,1.4,36,Never,3,Entertainment,7.0,9,0,7,5,9,1,3,4,No,No,Yes,Good
34,Male,Full-time employed,Europe,YouTube,1,1.5,42,Never,5,Connection with friends,7.9,9,12,8,9,7,4,4,1,No,No,No,Moderate
30,Male,Unemployed,Africa,TikTok,4,1.3,19,Never,5,Connection with friends,8.0,6,15,8,6,6,6,6,3,No,"Yes, failed",Yes,Moderate
24,Male,Full-time employed,Europe,YouTube,3,1.4,71,Sometimes,10,Entertainment,8.0,12,6,8,4,6,1,5,3,No,"Yes, failed",No,Moderate
23,Female,Student,Oceania,Facebook,1,2.4,24,Never,31,Entertainment,8.5,9,4,9,5,7,2,6,2,No,No,No,Good
16,Male,Student,Asia,Instagram,7,1.1,19,Often,7,Passing time/boredom,6.9,9,8,7,1,7,6,4,3,No,"Yes, succeeded",Yes,Good
33,Female,Full-time employed,Latin America,X/Twitter,2,2.0,11,Never,48,Connection with friends,8.1,9,1,5,6,10,6,10,3,No,"Yes, failed",No,Good
30,Female,Student,Europe,YouTube,5,4.7,226,Sometimes,29,News/information,5.3,9,3,6,3,7,6,7,3,Yes,"Yes, succeeded",No,Good
21,Male,Part-time employed,Asia,Facebook,2,3.2,36,Often,9,Entertainment,8.3,17,0,8,6,6,8,8,2,No,"Yes, succeeded",No,At-risk
22,Male,Full-time employed,Asia,Instagram,5,2.9,48,Sometimes,15,Connection with friends,7.5,9,2,7,4,5,1,5,5,No,No,Yes,Good
46,Male,Full-time employed,Asia,Instagram,3,4.1,55,Often,21,Entertainment,5.8,11,4,8,5,4,4,2,4,Yes,No,Yes,Moderate
34,Male,Student,North America,YouTube,1,1.7,13,Never,16,News/information,7.9,8,8,10,1,7,1,4,4,Yes,No,Considering it,Good
32,Female,Full-time employed,Europe,TikTok,1,5.1,100,Sometimes,11,Passing time/boredom,8.5,4,4,6,7,6,4,7,1,No,No,No,Good
35,Male,Self-employed,North America,TikTok,4,1.5,12,Sometimes,9,Work/career,7.6,16,8,7,4,7,5,6,3,No,No,Yes,Moderate
48,Male,Unemployed,Asia,Instagram,2,6.5,83,Every night,6,News/information,6.0,14,3,6,5,2,7,6,6,No,No,Considering it,Moderate
34,Male,Self-employed,Asia,Instagram,6,3.5,62,Every night,11,Entertainment,6.5,16,6,5,5,4,7,3,2,Yes,"Yes, failed",Considering it,Moderate
25,Female,Full-time employed,Europe,TikTok,3,9.6,48,Often,21,News/information,5.6,18,0,6,9,3,10,5,3,Yes,"Yes, succeeded",No,At-risk
28,Male,Unemployed,Europe,Instagram,5,0.9,11,Sometimes,5,News/information,8.0,6,8,9,3,6,4,4,3,Yes,"Yes, failed",Yes,Good
35,Male,Full-time employed,Europe,YouTube,6,6.2,122,Often,37,Entertainment,6.5,10,0,6,9,5,4,6,4,No,No,No,Moderate
14,Male,Student,Asia,Reddit,4,1.3,24,Sometimes,6,Entertainment,6.6,5,8,7,2,3,4,4,3,Yes,No,No,Good
13,Male,Full-time employed,Asia,Reddit,3,2.1,53,Every night,6,Connection with friends,6.6,17,3,7,2,8,6,7,2,Yes,No,No,At-risk
37,Male,Unemployed,North America,X/Twitter,2,4.0,10,Sometimes,22,Entertainment,7.3,20,6,8,4,6,2,3,1,No,"Yes, succeeded",No,At-risk
33,Male,Full-time employed,North America,Reddit,8,2.0,25,Sometimes,30,Connection with friends,6.8,13,9,8,1,7,5,4,4,No,No,No,Moderate
35,Female,Full-time employed,Asia,YouTube,1,2.3,24,Sometimes,19,Work/career,8.0,12,2,7,2,7,5,7,1,No,"Yes, failed",Considering it,Moderate
27,Female,Unemployed,Europe,Snapchat,7,2.6,50,Sometimes,14,Entertainment,7.5,13,2,7,2,6,3,1,4,No,No,No,Moderate
18,Male,Full-time employed,North America,LinkedIn,4,2.8,34,Sometimes,24,Entertainment,6.7,11,2,8,3,6,4,6,2,Yes,No,No,Moderate
27,Male,Full-time employed,Africa,LinkedIn,5,2.3,16,Often,12,News/information,6.4,8,5,9,4,7,2,1,4,No,"Yes, failed",Yes,Good
29,Non-binary,Full-time employed,Europe,TikTok,5,3.9,55,Sometimes,11,Entertainment,7.9,8,7,9,5,6,8,7,2,No,No,No,Good
22,Female,Student,Latin America,YouTube,5,3.0,36,Sometimes,91,Connection with friends,7.0,12,10,9,4,8,6,2,3,No,"Yes, failed",No,Moderate
37,Male,Student,North America,X/Twitter,6,5.9,197,Every night,9,News/information,6.0,19,3,6,3,5,7,7,2,Yes,No,No,At-risk
39,Female,Full-time employed,Latin America,TikTok,7,3.7,55,Sometimes,18,Connection with friends,6.8,16,8,9,4,4,2,4,4,No,"Yes, failed",Yes,Moderate
28,Female,Full-time employed,Europe,Facebook,4,1.3,55,Sometimes,18,Connection with friends,6.7,9,2,7,5,10,4,7,4,Yes,"Yes, failed",No,Good
20,Male,Full-time employed,Africa,Instagram,2,1.6,38,Sometimes,29,Entertainment,8.4,2,4,7,4,9,5,7,3,Yes,No,Considering it,Good
14,Female,Student,Asia,Instagram,3,4.1,114,Sometimes,13,Entertainment,7.6,12,0,6,3,7,8,2,2,No,No,No,Moderate
26,Female,Retired,Asia,Instagram,5,6.9,122,Never,3,Entertainment,7.3,14,1,7,5,5,4,8,3,Yes,"Yes, failed",Yes,Moderate
24,Male,Student,North America,Instagram,2,2.1,33,Never,2,Connection with friends,7.0,17,3,6,7,7,2,3,3,No,No,No,At-risk
25,Female,Full-time employed,Asia,TikTok,6,5.1,62,Often,8,Entertainment,5.6,10,3,7,7,9,5,7,4,Yes,"Yes, failed",No,Moderate
23,Male,Student,Latin America,Instagram,5,1.0,37,Sometimes,16,Passing time/boredom,8.2,5,5,10,4,8,2,3,5,No,"Yes, failed",No,Good
43,Male,Full-time employed,Asia,YouTube,2,6.7,133,Every night,24,Entertainment,4.3,18,1,5,9,4,8,6,6,No,"Yes, failed",No,At-risk
26,Male,Part-time employed,Africa,LinkedIn,3,2.6,94,Every night,14,News/information,6.0,16,6,5,5,7,6,3,2,No,No,Yes,Moderate
38,Male,Full-time employed,Europe,Instagram,1,1.9,55,Sometimes,47,Passing time/boredom,7.8,10,2,5,6,10,4,3,4,No,No,No,Moderate
44,Male,Student,Europe,TikTok,1,2.5,27,Often,6,Passing time/boredom,6.5,7,4,9,7,6,4,4,2,No,No,Yes,Good
21,Female,Student,Asia,Instagram,6,3.2,21,Often,22,Work/career,6.2,10,2,6,2,6,3,3,3,No,"Yes, succeeded",No,Moderate
24,Female,Student,North America,X/Twitter,3,3.9,82,Sometimes,5,Entertainment,8.0,16,7,6,7,6,8,6,2,No,"Yes, failed",Yes,Moderate
46,Female,Self-employed,Latin America,Instagram,3,4.7,42,Every night,12,Work/career,7.2,12,6,5,5,5,7,6,1,Yes,No,Considering it,Moderate
25,Female,Student,Latin America,Instagram,4,1.0,5,Sometimes,16,Passing time/boredom,8.2,9,3,8,3,7,7,4,2,No,"Yes, succeeded",No,Good
24,Male,Unemployed,Europe,Instagram,4,3.6,28,Never,17,Work/career,7.9,9,0,10,1,5,7,5,5,Yes,No,Considering it,Good
41,Male,Full-time employed,Asia,Facebook,3,3.4,84,Never,37,News/information,7.9,14,0,8,9,6,3,6,3,No,No,No,Moderate
30,Female,Student,Asia,Instagram,3,3.9,43,Sometimes,34,Entertainment,8.1,11,0,7,8,5,8,7,1,No,No,No,Moderate
28,Female,Unemployed,North America,Snapchat,3,0.8,6,Often,26,Connection with friends,8.2,16,5,9,3,5,6,5,2,No,"Yes, failed",No,Moderate
37,Female,Student,Europe,TikTok,1,1.1,16,Sometimes,20,Entertainment,7.0,11,13,6,8,6,7,5,5,Yes,"Yes, failed",No,Moderate
29,Female,Full-time employed,North America,Instagram,3,6.2,126,Often,22,Entertainment,6.7,22,0,4,9,6,7,7,2,No,"Yes, failed",Yes,At-risk
33,Male,Part-time employed,Latin America,Reddit,2,1.3,16,Sometimes,8,Entertainment,7.4,4,3,7,6,7,3,6,3,No,"Yes, succeeded",Yes,Good
18,Male,Student,Europe,Facebook,4,2.5,31,Sometimes,25,Work/career,5.3,4,5,6,6,10,6,2,4,Yes,"Yes, succeeded",No,Good
32,Female,Full-time employed,Europe,YouTube,2,2.4,33,Every night,6,Entertainment,7.1,7,0,6,3,5,4,3,4,No,No,Considering it,Good
23,Female,Unemployed,North America,YouTube,7,7.1,160,Sometimes,41,News/information,6.6,10,5,6,6,5,5,8,0,No,No,No,Moderate
40,Male,Full-time employed,Europe,LinkedIn,6,2.2,70,Sometimes,17,Entertainment,7.7,13,0,6,4,4,5,5,2,Yes,No,No,Moderate
18,Female,Full-time employed,North America,YouTube,1,1.8,73,Often,74,News/information,8.4,13,1,9,2,7,4,3,2,No,No,No,Moderate
24,Female,Student,Europe,Instagram,1,5.1,154,Sometimes,35,Content creation,7.1,17,9,6,7,1,5,6,2,No,"Yes, failed",Considering it,At-risk
25,Male,Student,Europe,TikTok,2,6.1,196,Sometimes,5,Work/career,6.3,16,0,5,10,5,6,7,3,No,"Yes, failed",No,Moderate
36,Female,Student,Asia,Instagram,2,1.9,24,Sometimes,17,Connection with friends,6.5,6,4,6,5,5,2,6,2,No,"Yes, failed",No,Good
28,Male,Student,Europe,YouTube,2,4.5,50,Often,9,Entertainment,6.5,14,11,8,6,4,4,6,2,Yes,No,Yes,Moderate
24,Female,Student,North America,Reddit,8,2.9,25,Often,29,Connection with friends,7.5,8,2,8,5,5,3,7,4,No,"Yes, failed",No,Good
29,Female,Full-time employed,Europe,TikTok,2,4.4,105,Often,33,Connection with friends,7.5,7,0,6,4,3,5,10,3,No,No,No,Good
30,Female,Student,Asia,X/Twitter,4,2.8,44,Every night,22,Passing time/boredom,6.8,20,12,8,4,6,6,6,3,No,No,Considering it,At-risk
16,Female,Retired,Latin America,TikTok,4,3.5,14,Every night,20,Connection with friends,7.5,11,6,8,3,7,4,7,3,No,"Yes, failed",No,Moderate
17,Female,Student,Asia,TikTok,4,9.0,245,Sometimes,12,Passing time/boredom,5.9,18,0,6,7,6,5,8,3,No,No,Considering it,At-risk
33,Female,Full-time employed,Latin America,TikTok,2,1.1,40,Never,9,Entertainment,8.7,4,5,6,5,6,3,1,1,No,No,Considering it,Good
16,Female,Student,Asia,TikTok,2,5.3,56,Every night,22,Work/career,5.0,18,0,4,5,5,7,6,3,Yes,No,Considering it,At-risk
34,Female,Student,Oceania,TikTok,1,5.2,82,Often,15,Passing time/boredom,5.3,17,0,4,4,6,5,8,4,No,No,No,At-risk
27,Female,Full-time employed,Latin America,TikTok,2,3.6,5,Sometimes,33,Content creation,7.6,13,9,9,4,7,5,7,1,No,"Yes, failed",No,Moderate
39,Female,Full-time employed,North America,X/Twitter,4,3.9,19,Sometimes,5,Entertainment,8.1,4,4,10,6,6,6,8,3,No,No,No,Good
26,Male,Student,North America,Instagram,1,5.1,61,Never,28,Connection with friends,7.9,10,0,6,5,9,3,6,3,No,No,Considering it,Moderate
42,Male,Part-time employed,Latin America,TikTok,5,4.4,159,Sometimes,2,Entertainment,6.7,13,7,6,4,5,2,5,0,Yes,"Yes, failed",Yes,Moderate
25,Female,Unemployed,Asia,LinkedIn,1,5.2,84,Every night,46,Work/career,5.8,12,0,7,9,9,9,4,1,Yes,"Yes, failed",No,Moderate
25,Non-binary,Student,Oceania,YouTube,3,0.8,11,Sometimes,5,Connection with friends,7.6,8,2,9,6,9,5,3,2,No,"Yes, succeeded",No,Good
20,Female,Full-time employed,Europe,Instagram,3,2.1,18,Every night,18,Work/career,6.1,11,5,2,7,4,3,2,3,No,No,Considering it,Moderate
27,Male,Student,North America,Instagram,3,3.4,87,Every night,5,Connection with friends,6.8,16,3,6,5,5,2,10,0,Yes,No,Considering it,Moderate
13,Female,Student,Latin America,TikTok,5,3.5,67,Often,47,Work/career,6.5,13,7,9,6,5,6,2,4,Yes,"Yes, failed",No,Moderate
20,Male,Full-time employed,Europe,Snapchat,3,1.9,32,Every night,41,Entertainment,6.3,14,0,6,3,3,6,1,4,No,"Yes, failed",Considering it,Moderate
45,Male,Student,Europe,LinkedIn,3,1.0,5,Sometimes,6,Entertainment,7.0,4,7,8,4,5,3,5,4,No,"Yes, failed",Considering it,Good
30,Female,Student,Europe,TikTok,4,4.7,146,Every night,19,Connection with friends,5.9,14,9,4,7,5,7,4,3,No,"Yes, failed",No,Moderate
39,Male,Student,Europe,TikTok,3,4.2,23,Every night,5,News/information,6.2,9,2,7,4,8,5,8,2,Yes,"Yes, failed",No,Good
39,Male,Student,Asia,TikTok,2,2.3,34,Sometimes,14,Content creation,7.2,9,7,7,1,5,3,4,2,No,No,No,Good
20,Female,Student,Asia,Facebook,4,2.2,38,Every night,5,Passing time/boredom,6.7,10,0,8,3,8,5,6,3,No,"Yes, failed",No,Moderate
29,Non-binary,Student,Latin America,YouTube,5,5.8,196,Sometimes,12,Entertainment,7.2,10,0,5,2,7,6,6,1,No,No,Considering it,Moderate
17,Female,Full-time employed,Asia,YouTube,3,1.6,26,Sometimes,12,Entertainment,6.9,9,3,7,4,7,1,8,1,No,"Yes, succeeded",Considering it,Good
36,Male,Student,Europe,LinkedIn,3,5.9,156,Sometimes,20,Passing time/boredom,6.2,14,6,8,7,1,3,6,3,No,"Yes, failed",No,Moderate
22,Male,Part-time employed,Asia,X/Twitter,6,1.7,41,Often,46,News/information,5.7,8,0,6,4,4,4,5,2,Yes,No,No,Good
33,Male,Student,North America,YouTube,3,3.8,13,Often,3,Entertainment,8.8,14,0,4,4,7,5,7,1,Yes,No,Considering it,Moderate
20,Male,Unemployed,Asia,Instagram,5,4.6,14,Often,10,Entertainment,6.4,13,1,10,3,7,8,2,5,No,"Yes, failed",Considering it,Moderate
31,Male,Full-time employed,North America,Instagram,5,2.6,105,Never,13,Entertainment,6.3,5,9,7,4,10,3,2,1,No,"Yes, failed",No,Good
14,Female,Self-employed,Europe,Instagram,5,2.6,22,Never,19,Entertainment,6.9,8,11,8,5,8,5,7,3,No,"Yes, failed",Yes,Moderate
27,Female,Student,Latin America,Reddit,1,2.8,42,Sometimes,44,Connection with friends,7.9,11,8,8,9,5,5,1,4,No,"Yes, succeeded",Considering it,Moderate
27,Male,Student,Asia,Facebook,2,2.7,91,Every night,10,News/information,6.3,10,7,6,1,7,3,5,3,Yes,No,No,Moderate
49,Female,Student,Oceania,TikTok,4,2.1,36,Sometimes,10,Passing time/boredom,7.0,16,4,7,1,6,2,4,5,No,"Yes, succeeded",No,Moderate
34,Male,Student,North America,X/Twitter,4,1.0,9,Sometimes,4,Connection with friends,9.0,11,0,9,1,8,2,5,3,No,"Yes, failed",No,Moderate
38,Female,Unemployed,North America,TikTok,4,4.1,69,Often,7,Entertainment,7.3,16,6,8,1,7,6,3,3,Yes,"Yes, failed",No,Moderate
43,Male,Student,Europe,YouTube,3,2.3,55,Sometimes,14,Work/career,7.1,16,6,6,4,8,6,4,2,No,No,Yes,Moderate
31,Male,Self-employed,North America,Instagram,3,4.7,92,Often,39,Passing time/boredom,5.6,10,5,6,4,7,5,10,4,No,No,No,Moderate
39,Non-binary,Self-employed,Europe,Snapchat,1,2.9,191,Every night,6,Connection with friends,8.8,16,7,9,7,5,4,6,5,No,No,No,Moderate
32,Female,Full-time employed,Europe,TikTok,3,2.1,10,Sometimes,9,Entertainment,7.0,6,4,6,3,6,2,7,3,No,No,No,Good
25,Male,Full-time employed,Europe,YouTube,3,3.4,137,Often,42,Content creation,6.2,10,0,6,7,7,3,4,3,No,"Yes, failed",No,Moderate
27,Female,Full-time employed,Europe,Snapchat,1,0.9,31,Sometimes,18,Connection with friends,8.2,8,4,4,1,10,3,1,3,No,No,Yes,Good
23,Male,Full-time employed,Europe,Instagram,5,4.4,88,Sometimes,9,Passing time/boredom,7.0,9,8,9,5,9,6,7,4,No,No,No,Good
13,Female,Student,North America,YouTube,3,4.0,132,Never,34,Passing time/boredom,8.5,12,0,9,6,6,5,7,3,Yes,"Yes, succeeded",Yes,Moderate
33,Male,Self-employed,Asia,LinkedIn,6,3.1,113,Sometimes,35,Entertainment,7.2,19,15,7,3,3,6,6,1,No,No,No,At-risk
29,Female,Full-time employed,Asia,Snapchat,1,2.3,20,Sometimes,12,Entertainment,7.2,11,1,10,5,3,8,3,3,Yes,"Yes, succeeded",Considering it,Moderate
32,Male,Full-time employed,Europe,TikTok,5,0.8,27,Often,16,Entertainment,6.9,5,10,8,6,8,1,5,2,Yes,"Yes, failed",Considering it,Moderate
27,Female,Student,Europe,Facebook,3,5.6,172,Sometimes,7,Entertainment,5.9,10,0,3,4,5,6,6,1,Yes,"Yes, succeeded",Yes,Moderate
28,Female,Unemployed,Asia,Reddit,6,3.2,53,Every night,19,Passing time/boredom,5.6,3,6,5,5,5,1,6,5,No,"Yes, failed",No,Good
19,Female,Full-time employed,North America,Instagram,4,3.2,23,Every night,44,Entertainment,6.5,17,1,5,4,6,4,6,2,No,"Yes, failed",No,At-risk
41,Male,Full-time employed,North America,TikTok,6,3.1,25,Sometimes,19,Work/career,6.9,11,2,9,7,3,6,8,1,No,No,No,Moderate
31,Female,Full-time employed,Europe,X/Twitter,4,4.2,150,Sometimes,7,Entertainment,6.9,15,6,7,6,10,6,7,4,No,No,Considering it,Moderate
20,Female,Unemployed,North America,Reddit,7,4.2,145,Never,18,News/information,6.8,8,3,8,6,5,7,6,3,Yes,"Yes, failed",Considering it,Good
35,Female,Student,Asia,TikTok,1,1.7,5,Every night,12,Entertainment,5.1,13,7,6,6,5,4,7,5,Yes,"Yes, failed",Yes,Moderate
37,Male,Full-time employed,Asia,TikTok,1,2.4,50,Never,15,Entertainment,6.9,11,9,6,3,4,2,4,5,Yes,No,Considering it,Moderate
33,Male,Student,Latin America,X/Twitter,2,5.0,14,Sometimes,2,Entertainment,6.7,14,0,6,8,5,6,4,5,No,"Yes, failed",No,Moderate
16,Female,Full-time employed,North America,YouTube,2,1.6,42,Often,14,Content creation,7.8,7,2,6,2,5,1,5,2,Yes,"Yes, failed",No,Good
47,Non-binary,Full-time employed,Latin America,TikTok,3,4.0,41,Every night,4,Work/career,6.4,16,5,7,3,5,5,5,4,No,No,Yes,Moderate
24,Male,Part-time employed,Europe,X/Twitter,7,2.1,17,Sometimes,9,Passing time/boredom,8.2,10,3,10,6,7,6,4,4,No,No,Considering it,Moderate
16,Female,Full-time employed,Oceania,X/Twitter,7,6.9,28,Sometimes,4,Entertainment,7.7,14,9,5,7,6,4,3,4,No,"Yes, succeeded",Considering it,Moderate
18,Male,Full-time employed,Asia,Instagram,1,3.4,33,Sometimes,40,Passing time/boredom,6.9,15,0,9,4,2,8,7,2,No,No,No,Moderate
24,Female,Part-time employed,Asia,Reddit,4,3.1,69,Every night,7,Connection with friends,6.2,9,0,8,5,7,6,5,3,Yes,No,No,Good
38,Female,Student,Asia,Snapchat,3,2.5,32,Every night,7,Entertainment,7.1,12,6,7,1,4,2,6,3,No,"Yes, succeeded",No,Moderate
40,Male,Part-time employed,Europe,Instagram,2,2.4,15,Sometimes,18,Passing time/boredom,7.3,3,2,6,7,8,3,5,4,No,"Yes, failed",Yes,Good
38,Female,Student,North America,Snapchat,3,3.7,48,Never,13,Entertainment,8.1,10,5,7,1,4,2,1,3,Yes,No,No,Moderate
46,Male,Part-time employed,Asia,TikTok,1,4.5,174,Sometimes,5,Entertainment,7.3,9,1,8,5,2,5,2,3,No,"Yes, failed",No,Good
31,Male,Student,Latin America,YouTube,2,4.2,94,Sometimes,8,Connection with friends,7.2,12,0,6,4,7,6,9,5,No,No,No,Moderate
24,Male,Full-time employed,Europe,TikTok,3,3.4,32,Sometimes,41,Passing time/boredom,5.6,7,6,6,5,5,3,3,3,No,No,No,Good
30,Male,Student,North America,TikTok,2,1.8,24,Sometimes,18,Entertainment,7.7,10,7,5,4,7,4,6,2,Yes,No,No,Moderate
13,Male,Student,Oceania,YouTube,3,2.7,79,Every night,47,Passing time/boredom,5.9,16,2,9,6,5,1,5,4,Yes,No,No,Moderate
13,Female,Part-time employed,North America,TikTok,4,0.7,33,Often,17,Passing time/boredom,6.3,2,7,8,6,9,2,1,4,Yes,"Yes, failed",No,Good
27,Male,Student,Asia,Instagram,4,1.1,11,Sometimes,26,Connection with friends,6.3,12,11,5,4,10,1,7,5,No,"Yes, failed",Yes,Moderate
21,Female,Full-time employed,Asia,X/Twitter,4,1.7,34,Sometimes,18,Connection with friends,7.4,5,4,9,4,8,1,4,3,Yes,"Yes, failed",No,Good
31,Male,Part-time employed,Europe,X/Twitter,4,7.1,28,Every night,15,News/information,5.7,19,4,5,8,6,5,9,1,No,"Yes, failed",Yes,At-risk
46,Female,Student,Asia,X/Twitter,4,2.3,81,Sometimes,12,Connection with friends,7.0,2,0,9,6,7,6,6,2,Yes,No,No,Good
34,Male,Student,Europe,X/Twitter,2,3.7,37,Sometimes,26,Entertainment,6.9,8,9,7,3,8,2,5,2,Yes,"Yes, failed",No,Good
21,Male,Full-time employed,Europe,Instagram,8,3.8,49,Sometimes,5,News/information,8.1,13,0,8,4,1,5,2,2,Yes,"Yes, failed",No,Moderate
41,Male,Full-time employed,Africa,Instagram,5,1.6,27,Sometimes,15,Connection with friends,7.9,6,3,7,5,8,3,6,3,No,No,Considering it,Good
25,Male,Student,Asia,TikTok,3,2.5,67,Sometimes,23,Content creation,7.4,4,0,10,4,8,3,7,3,No,No,Considering it,Good
34,Male,Full-time employed,North America,TikTok,4,4.2,124,Sometimes,33,News/information,7.1,11,0,7,3,5,2,9,3,No,No,Yes,Moderate
13,Female,Full-time employed,Asia,Reddit,4,3.1,39,Every night,34,Entertainment,6.0,17,0,8,4,7,2,5,1,No,No,No,At-risk
31,Female,Self-employed,Europe,TikTok,6,4.3,28,Often,45,Connection with friends,6.9,15,0,7,7,9,7,6,3,No,No,Considering it,Moderate
26,Male,Student,North America,YouTube,7,1.0,9,Sometimes,12,Connection with friends,8.0,4,5,8,2,7,3,4,2,Yes,No,Yes,Good
32,Male,Unemployed,Europe,Reddit,2,1.5,51,Often,5,Connection with friends,6.9,16,8,9,2,6,1,7,1,Yes,"Yes, failed",No,Moderate
36,Female,Full-time employed,Asia,Instagram,3,1.8,36,Never,16,Connection with friends,6.5,3,10,9,3,5,3,6,2,No,"Yes, failed",No,Moderate
26,Male,Full-time employed,North America,Instagram,6,1.2,40,Every night,15,Entertainment,6.0,13,9,8,3,7,2,5,3,Yes,No,No,Moderate
20,Female,Full-time employed,North America,Reddit,1,3.6,88,Often,4,Entertainment,6.7,13,1,8,4,8,2,6,4,Yes,No,Yes,Moderate
26,Female,Self-employed,North America,Instagram,1,1.8,11,Never,6,Content creation,7.9,14,0,6,8,6,1,3,4,No,"Yes, failed",No,Moderate
17,Prefer not to say,Unemployed,North America,LinkedIn,4,1.3,21,Sometimes,37,Connection with friends,7.5,13,2,8,2,7,1,6,0,No,No,No,Moderate
29,Non-binary,Student,Europe,X/Twitter,4,2.8,24,Sometimes,29,News/information,8.0,3,2,9,3,6,1,6,3,No,"Yes, failed",No,Good
29,Male,Student,Europe,X/Twitter,3,2.6,56,Sometimes,24,Passing time/boredom,7.8,11,5,6,4,8,2,5,4,No,"Yes, failed",No,Moderate
19,Male,Full-time employed,Europe,TikTok,3,2.0,8,Every night,37,Entertainment,6.4,9,3,5,7,5,3,5,3,No,No,No,Good
38,Female,Full-time employed,Asia,YouTube,4,2.7,64,Sometimes,58,Entertainment,6.7,9,0,7,4,10,6,3,2,Yes,"Yes, succeeded",No,Good
53,Non-binary,Student,Oceania,Facebook,3,3.0,125,Often,4,Entertainment,6.7,6,5,6,4,8,7,1,3,No,"Yes, failed",No,Good
36,Male,Student,Africa,X/Twitter,4,5.2,166,Often,8,Content creation,6.2,19,2,8,5,6,6,8,2,Yes,"Yes, failed",Considering it,At-risk
29,Female,Full-time employed,North America,Instagram,1,2.9,44,Often,18,News/information,7.4,9,0,10,8,10,4,8,3,No,No,No,Good
30,Male,Full-time employed,Asia,LinkedIn,1,5.0,48,Sometimes,24,News/information,7.0,12,0,9,6,6,7,8,4,No,No,No,Moderate
40,Female,Full-time employed,Asia,X/Twitter,2,3.5,93,Every night,9,Entertainment,5.4,8,0,10,5,5,5,4,3,No,No,No,Good
18,Female,Full-time employed,Africa,Instagram,1,0.9,16,Often,18,Entertainment,8.4,5,13,6,1,8,5,4,1,Yes,"Yes, succeeded",No,Moderate
38,Female,Full-time employed,North America,YouTube,2,6.9,63,Every night,11,Entertainment,6.0,22,4,7,3,7,6,8,2,No,"Yes, failed",No,At-risk
35,Female,Student,Asia,X/Twitter,3,0.3,7,Sometimes,9,News/information,7.8,4,9,8,1,7,1,2,3,No,"Yes, failed",Considering it,Good
46,Male,Full-time employed,Africa,TikTok,5,3.4,5,Every night,13,Entertainment,6.5,6,0,7,4,7,3,3,2,No,"Yes, failed",No,Good
25,Prefer not to say,Student,North America,Instagram,6,4.6,62,Often,13,News/information,7.1,11,0,5,5,5,6,5,3,No,"Yes, succeeded",No,Moderate
35,Female,Student,Latin America,YouTube,4,1.1,23,Often,50,Entertainment,7.1,14,4,10,5,8,4,5,5,No,No,No,Moderate
32,Female,Full-time employed,North America,Instagram,1,2.6,56,Every night,13,Connection with friends,5.8,10,0,6,4,5,5,4,5,No,No,No,Moderate
29,Male,Student,Latin America,X/Twitter,4,3.1,12,Often,44,Work/career,6.5,12,3,7,5,5,6,6,1,Yes,No,No,Moderate
18,Female,Full-time employed,North America,Instagram,1,2.7,35,Every night,17,Connection with friends,5.8,14,3,9,4,3,7,7,4,Yes,No,No,Moderate
40,Non-binary,Full-time employed,Latin America,YouTube,1,0.9,10,Often,9,Content creation,5.7,11,11,7,5,9,4,7,3,No,"Yes, succeeded",No,Moderate
13,Male,Student,North America,TikTok,5,9.4,303,Every night,19,Content creation,4.8,24,5,1,9,3,7,6,5,No,No,Considering it,At-risk
24,Non-binary,Full-time employed,Oceania,Instagram,6,4.1,65,Never,11,Content creation,8.0,12,0,4,2,5,4,4,3,No,No,No,Moderate
37,Male,Full-time employed,North America,Instagram,1,1.0,5,Every night,8,Entertainment,5.8,9,3,6,4,5,4,5,2,Yes,"Yes, failed",No,Good
18,Female,Student,Europe,TikTok,1,3.9,60,Sometimes,16,News/information,8.5,16,1,7,6,7,3,4,5,No,"Yes, succeeded",No,Moderate
13,Female,Full-time employed,North America,TikTok,6,3.7,20,Sometimes,6,Work/career,8.3,14,9,7,5,6,7,4,3,Yes,No,No,Moderate
34,Female,Unemployed,Asia,Instagram,8,3.2,82,Every night,38,News/information,5.5,15,3,6,5,9,4,6,4,No,"Yes, succeeded",No,Moderate
15,Male,Part-time employed,Asia,YouTube,4,4.8,56,Often,28,Connection with friends,6.9,13,3,6,8,7,4,9,1,No,"Yes, succeeded",Yes,Moderate
13,Male,Student,Oceania,YouTube,1,4.8,51,Often,13,Entertainment,7.0,2,3,5,5,6,9,7,1,Yes,No,No,Good
20,Male,Full-time employed,Latin America,YouTube,2,1.8,41,Never,7,Entertainment,7.9,7,4,9,4,6,5,9,2,Yes,No,No,Good
20,Male,Student,Africa,YouTube,6,1.9,46,Sometimes,25,Entertainment,6.6,11,0,6,7,6,7,5,1,No,"Yes, failed",Considering it,Moderate
42,Male,Unemployed,Oceania,Instagram,5,1.8,15,Never,68,News/information,8.4,12,8,7,6,4,3,1,4,No,"Yes, succeeded",No,Moderate
26,Male,Student,Africa,YouTube,2,2.0,7,Often,32,Entertainment,6.8,10,2,7,3,10,7,7,5,No,No,No,Moderate
33,Male,Part-time employed,North America,TikTok,2,2.5,35,Every night,15,News/information,7.4,12,6,8,1,5,5,6,4,No,"Yes, failed",Considering it,Moderate
15,Female,Full-time employed,North America,Snapchat,3,2.4,41,Sometimes,19,Connection with friends,7.6,9,3,9,7,7,8,3,3,No,No,No,Good
49,Male,Student,Europe,TikTok,2,6.0,178,Every night,24,Connection with friends,4.8,9,0,4,6,4,7,6,2,No,No,No,Good
26,Female,Student,North America,Facebook,3,2.1,29,Often,12,Passing time/boredom,8.0,9,3,8,1,6,6,4,2,No,"Yes, failed",No,Good
35,Female,Full-time employed,North America,Instagram,3,4.0,58,Often,12,Connection with friends,7.4,16,0,6,6,8,3,8,3,Yes,No,Considering it,Moderate
35,Male,Student,North America,YouTube,3,3.9,134,Sometimes,28,Content creation,7.8,9,0,7,5,5,5,7,1,No,"Yes, failed",No,Good
38,Non-binary,Part-time employed,Asia,Instagram,1,2.2,15,Every night,48,News/information,7.0,9,6,7,8,8,5,4,2,Yes,No,No,Good
39,Male,Student,North America,TikTok,4,3.2,34,Often,5,Passing time/boredom,6.2,9,2,6,2,5,3,7,2,No,No,No,Good
38,Male,Full-time employed,North America,Instagram,7,1.6,10,Every night,25,Content creation,7.4,3,0,7,4,6,2,5,5,Yes,"Yes, failed",No,Good
18,Female,Student,Africa,YouTube,5,3.5,117,Sometimes,32,Entertainment,7.2,12,0,7,4,5,7,5,3,Yes,"Yes, succeeded",No,Moderate
25,Male,Student,North America,TikTok,3,3.7,90,Sometimes,26,Passing time/boredom,7.0,9,10,8,5,6,7,3,3,No,"Yes, failed",Yes,Moderate
51,Female,Part-time employed,North America,Reddit,5,5.0,172,Every night,11,News/information,6.6,14,0,9,4,7,3,10,2,No,No,No,Moderate
40,Non-binary,Full-time employed,Europe,LinkedIn,1,2.0,27,Often,32,Passing time/boredom,7.6,7,1,7,5,7,2,2,3,Yes,"Yes, failed",Yes,Good
29,Female,Student,North America,YouTube,4,1.7,5,Often,12,News/information,7.7,15,5,6,7,5,6,6,2,No,No,Yes,Moderate
20,Female,Student,Europe,X/Twitter,2,3.7,96,Never,21,News/information,7.7,13,0,9,9,8,6,8,4,No,No,Yes,Moderate
22,Male,Full-time employed,North America,X/Twitter,2,3.0,71,Never,7,Work/career,6.3,12,0,6,4,9,2,5,4,No,No,No,Moderate
45,Prefer not to say,Part-time employed,Europe,X/Twitter,5,2.8,18,Sometimes,5,Entertainment,6.9,15,4,7,1,8,4,8,2,No,"Yes, failed",No,Moderate
16,Male,Part-time employed,Latin America,TikTok,2,1.9,34,Sometimes,18,Entertainment,7.7,9,3,6,7,9,2,1,3,No,No,Yes,Good
13,Female,Student,Europe,X/Twitter,2,4.3,21,Never,1,Connection with friends,6.8,12,4,6,6,4,10,7,4,No,No,No,Moderate
29,Female,Full-time employed,Europe,TikTok,1,1.5,25,Sometimes,5,Connection with friends,6.3,9,8,7,2,5,1,8,3,Yes,No,No,Good
38,Male,Retired,North America,X/Twitter,5,3.4,33,Every night,8,Content creation,6.7,16,5,7,6,7,7,8,3,No,"Yes, failed",No,Moderate
36,Male,Part-time employed,Asia,Facebook,7,2.6,9,Every night,21,Entertainment,6.5,5,0,7,3,6,6,5,3,No,"Yes, succeeded",Yes,Good
41,Female,Student,North America,Instagram,4,2.9,20,Sometimes,8,Connection with friends,8.4,14,3,10,6,9,3,6,5,Yes,"Yes, failed",Yes,Moderate
16,Female,Full-time employed,Europe,Instagram,3,7.3,135,Every night,17,Passing time/boredom,7.0,15,1,8,5,5,6,5,2,No,No,No,Moderate
20,Female,Full-time employed,Latin America,TikTok,6,0.8,6,Every night,8,Passing time/boredom,6.8,6,8,9,3,4,5,7,2,No,"Yes, succeeded",Considering it,Good
22,Female,Student,Asia,TikTok,5,4.0,129,Never,12,Work/career,7.6,13,5,6,4,4,4,4,1,Yes,"Yes, succeeded",No,Moderate
26,Female,Student,North America,TikTok,7,5.6,58,Often,28,Entertainment,7.3,15,6,5,4,5,3,6,0,No,"Yes, failed",No,Moderate
43,Male,Student,Oceania,TikTok,1,1.0,5,Never,49,Content creation,7.1,9,2,9,7,6,4,4,3,Yes,No,No,Good
19,Male,Student,North America,Reddit,4,0.8,10,Often,18,Content creation,7.2,6,10,7,2,8,6,6,1,No,"Yes, succeeded",Yes,Moderate
24,Female,Full-time employed,Asia,Instagram,2,1.4,6,Every night,15,Entertainment,7.9,10,3,10,4,8,6,3,2,No,No,No,Moderate
13,Male,Student,Asia,Instagram,3,2.0,40,Often,16,Connection with friends,6.9,10,6,7,4,4,4,2,5,No,No,Considering it,Moderate
27,Female,Student,Europe,Instagram,4,4.4,18,Often,19,Connection with friends,6.8,10,1,7,4,5,6,8,5,Yes,No,No,Moderate
31,Male,Unemployed,Europe,LinkedIn,1,1.8,43,Every night,23,Passing time/boredom,5.6,12,5,7,6,3,4,3,5,No,No,No,Moderate
27,Prefer not to say,Full-time employed,Oceania,Instagram,1,2.1,25,Sometimes,7,Passing time/boredom,6.5,8,0,9,3,7,1,7,2,No,"Yes, failed",Considering it,Good
17,Male,Student,Latin America,TikTok,3,4.2,53,Sometimes,13,Connection with friends,8.9,10,0,10,4,7,5,1,2,No,"Yes, failed",No,Moderate
26,Male,Full-time employed,Europe,Facebook,4,6.0,101,Never,23,Work/career,7.0,16,5,6,1,3,8,8,4,Yes,"Yes, failed",No,Moderate
14,Male,Student,Asia,Instagram,3,6.7,400,Every night,4,News/information,5.9,16,0,6,7,8,6,6,1,No,No,No,Moderate
33,Female,Student,Europe,TikTok,4,1.4,21,Sometimes,16,Entertainment,6.9,8,1,5,2,6,1,3,4,No,"Yes, failed",Considering it,Good
39,Prefer not to say,Student,Latin America,X/Twitter,4,3.7,44,Sometimes,12,Connection with friends,7.6,14,0,9,6,7,7,3,2,No,No,No,Moderate
13,Female,Full-time employed,Asia,LinkedIn,3,6.0,39,Often,25,Work/career,7.5,20,0,6,6,6,6,7,2,Yes,"Yes, failed",No,At-risk
32,Female,Full-time employed,North America,YouTube,2,3.7,67,Sometimes,34,Entertainment,6.3,16,9,5,4,7,3,2,3,No,"Yes, succeeded",Considering it,Moderate
16,Female,Self-employed,North America,Instagram,5,1.2,43,Every night,47,Entertainment,6.4,10,0,7,1,3,5,6,3,No,"Yes, failed",No,Moderate
22,Female,Full-time employed,Europe,Instagram,3,5.5,108,Sometimes,36,Passing time/boredom,7.2,13,5,8,3,5,6,4,5,No,No,No,Moderate
24,Female,Full-time employed,Asia,TikTok,3,1.9,10,Every night,15,Entertainment,7.1,14,4,8,5,8,5,6,3,No,No,No,Moderate
32,Male,Full-time employed,North America,TikTok,1,5.8,106,Never,7,Entertainment,7.3,18,6,6,3,3,5,8,5,No,"Yes, succeeded",No,At-risk
14,Male,Full-time employed,Latin America,Instagram,2,4.1,61,Often,35,Entertainment,7.6,15,9,6,7,3,1,7,1,No,No,No,Moderate
50,Male,Full-time employed,North America,Facebook,7,2.9,21,Often,28,News/information,7.1,12,2,9,4,10,8,6,6,No,"Yes, succeeded",No,Moderate
21,Male,Unemployed,North America,TikTok,2,3.9,103,Every night,9,Entertainment,6.0,19,0,8,5,8,3,6,2,Yes,"Yes, succeeded",No,At-risk
28,Male,Self-employed,Europe,Snapchat,5,3.5,25,Sometimes,12,Entertainment,7.3,17,0,3,2,1,5,3,2,No,"Yes, succeeded",No,At-risk
26,Male,Part-time employed,Latin America,Instagram,2,3.0,8,Sometimes,1,Content creation,7.1,6,0,9,6,8,7,1,2,No,No,No,Good
31,Male,Full-time employed,Oceania,TikTok,3,3.8,45,Every night,9,Entertainment,5.9,15,6,10,5,7,6,3,4,No,"Yes, succeeded",Yes,Moderate
24,Non-binary,Self-employed,Europe,TikTok,3,1.1,23,Often,18,Connection with friends,6.7,13,0,5,2,4,6,1,4,No,"Yes, failed",Yes,Moderate
13,Male,Part-time employed,Asia,TikTok,1,5.0,42,Often,37,Content creation,7.0,11,6,3,9,6,6,3,4,No,"Yes, failed",No,Moderate
37,Male,Full-time employed,North America,Facebook,5,2.5,21,Sometimes,19,Entertainment,7.0,9,4,5,7,6,6,5,2,Yes,"Yes, succeeded",Yes,Good
43,Non-binary,Student,Europe,Snapchat,4,3.7,144,Sometimes,5,News/information,7.3,17,0,7,5,6,4,9,3,No,"Yes, failed",No,At-risk
13,Female,Part-time employed,North America,X/Twitter,5,4.4,34,Often,8,Connection with friends,6.2,13,0,7,6,4,5,3,3,Yes,No,Considering it,Moderate
36,Female,Full-time employed,Asia,YouTube,4,3.5,112,Often,16,Work/career,6.3,17,5,6,1,3,5,6,1,No,"Yes, failed",No,At-risk
37,Male,Student,North America,X/Twitter,6,3.1,38,Often,7,Connection with friends,6.5,8,6,8,5,8,2,6,3,No,No,Considering it,Good
20,Non-binary,Full-time employed,North America,TikTok,3,1.3,27,Every night,30,Entertainment,6.0,9,10,6,1,7,2,3,4,No,"Yes, failed",No,Moderate
31,Male,Full-time employed,North America,Instagram,7,5.0,24,Often,17,Entertainment,7.3,11,0,5,3,4,4,10,4,No,No,No,Moderate
13,Female,Student,Asia,Reddit,7,0.7,12,Often,37,Connection with friends,7.4,7,10,10,4,6,1,7,3,No,"Yes, succeeded",No,Moderate
27,Female,Student,North America,YouTube,5,1.6,17,Never,8,Connection with friends,7.0,12,7,6,1,6,8,4,3,No,"Yes, failed",No,Moderate
15,Female,Student,North America,TikTok,2,2.8,121,Sometimes,11,Entertainment,6.5,9,0,3,5,5,4,3,3,No,No,No,Good
31,Male,Self-employed,Oceania,YouTube,5,6.0,279,Sometimes,40,Connection with friends,8.8,14,0,7,5,5,7,7,3,Yes,"Yes, failed",Considering it,Moderate
24,Male,Student,Latin America,YouTube,4,4.4,33,Often,6,News/information,6.9,11,1,6,6,9,4,7,3,Yes,"Yes, failed",Yes,Moderate
31,Male,Unemployed,Asia,TikTok,1,2.1,54,Every night,7,Connection with friends,5.9,11,5,5,7,5,5,8,2,No,"Yes, failed",No,Moderate
34,Male,Student,North America,TikTok,4,1.3,22,Often,34,Connection with friends,8.0,11,3,7,2,7,1,3,0,No,No,No,Moderate
32,Female,Unemployed,North America,Instagram,4,1.6,10,Sometimes,9,News/information,7.4,1,11,9,5,6,4,6,2,Yes,"Yes, succeeded",Considering it,Moderate
49,Male,Full-time employed,Europe,TikTok,1,1.3,34,Every night,25,Passing time/boredom,7.5,5,6,8,4,6,1,6,2,Yes,No,Yes,Good
46,Male,Student,Asia,TikTok,4,3.0,30,Sometimes,17,Connection with friends,7.1,11,6,5,5,4,5,6,4,No,"Yes, succeeded",No,Moderate
21,Male,Unemployed,North America,YouTube,3,11.5,130,Sometimes,16,Work/career,5.9,23,0,5,9,4,8,8,5,Yes,No,Considering it,At-risk
27,Male,Unemployed,Latin America,YouTube,3,1.5,41,Often,10,News/information,7.4,0,8,6,1,6,4,5,1,Yes,No,No,Good
39,Male,Full-time employed,Asia,YouTube,6,1.6,22,Every night,4,News/information,5.9,8,0,8,6,7,3,4,0,Yes,"Yes, failed",Considering it,Good
37,Male,Unemployed,Asia,Instagram,3,6.8,54,Every night,24,News/information,6.2,13,4,5,6,6,7,7,2,Yes,"Yes, failed",No,Moderate
25,Prefer not to say,Part-time employed,Asia,Instagram,1,2.7,52,Often,19,Entertainment,7.3,8,3,8,2,9,3,3,4,No,"Yes, failed",No,Good
23,Female,Part-time employed,North America,Instagram,4,3.6,35,Every night,13,Connection with friends,7.3,18,5,6,5,5,4,6,3,No,No,No,At-risk
27,Male,Part-time employed,North America,Instagram,4,0.7,10,Often,21,News/information,6.6,9,10,8,4,8,5,5,3,No,"Yes, failed",Yes,Moderate
31,Male,Full-time employed,Europe,YouTube,4,4.5,65,Every night,48,Passing time/boredom,5.7,16,7,5,7,5,3,4,3,Yes,No,No,Moderate
25,Female,Student,Asia,LinkedIn,5,4.5,82,Sometimes,4,Entertainment,7.8,14,2,8,7,6,3,7,3,No,"Yes, failed",No,Moderate
30,Female,Full-time employed,North America,Instagram,1,3.5,31,Sometimes,8,Passing time/boredom,6.5,12,7,9,9,6,4,6,1,Yes,No,Yes,Moderate
28,Female,Self-employed,Asia,YouTube,5,5.1,69,Often,2,Work/career,6.5,16,4,5,4,3,7,6,3,No,"Yes, failed",No,Moderate
15,Female,Student,Latin America,YouTube,3,3.6,103,Sometimes,13,Entertainment,6.4,7,12,5,4,6,9,5,4,No,"Yes, succeeded",No,Moderate
50,Male,Unemployed,North America,Instagram,4,0.9,11,Every night,27,Connection with friends,6.4,15,5,8,2,6,2,3,4,Yes,No,Considering it,Moderate
19,Male,Self-employed,Europe,Facebook,1,2.0,17,Sometimes,14,Passing time/boredom,7.9,1,7,8,7,4,5,5,1,No,"Yes, failed",No,Good
36,Male,Student,North America,Reddit,4,1.7,40,Never,8,Passing time/boredom,9.1,10,11,9,1,8,2,3,2,Yes,"Yes, succeeded",No,Moderate
13,Female,Part-time employed,Europe,Facebook,8,3.7,28,Often,39,News/information,6.4,10,7,7,2,9,6,6,3,Yes,No,No,Moderate
22,Female,Retired,Latin America,TikTok,3,3.7,15,Sometimes,15,News/information,7.1,6,0,8,2,6,4,4,5,No,No,No,Good
30,Female,Student,Asia,TikTok,3,4.8,77,Often,12,Content creation,7.0,11,4,9,9,6,6,8,2,No,No,Yes,Moderate
27,Male,Full-time employed,North America,Instagram,4,3.2,41,Often,8,Content creation,7.0,8,0,5,5,6,8,8,1,No,No,Yes,Good
20,Male,Full-time employed,North America,YouTube,3,4.0,24,Every night,2,News/information,5.9,15,0,7,6,6,4,3,4,Yes,No,No,Moderate
17,Female,Self-employed,Latin America,LinkedIn,3,4.2,91,Sometimes,11,News/information,7.7,12,9,5,7,7,3,6,2,No,"Yes, succeeded",No,Moderate
47,Female,Full-time employed,Europe,Reddit,1,5.0,92,Often,9,Passing time/boredom,7.5,24,2,5,3,5,6,6,1,Yes,"Yes, failed",No,At-risk
37,Male,Full-time employed,North America,YouTube,1,2.2,48,Never,3,Connection with friends,7.8,9,2,8,9,6,5,4,5,No,"Yes, failed",No,Good
26,Female,Full-time employed,Europe,TikTok,5,4.8,74,Every night,26,Entertainment,7.1,13,0,7,6,5,4,7,3,No,"Yes, succeeded",Yes,Moderate
37,Female,Full-time employed,Asia,YouTube,2,3.3,281,Often,24,Entertainment,5.6,13,10,7,3,4,7,4,4,Yes,No,No,Moderate
36,Non-binary,Full-time employed,Latin America,YouTube,2,4.3,154,Often,7,Entertainment,5.6,8,2,9,5,9,3,3,4,No,No,No,Good
37,Non-binary,Self-employed,North America,X/Twitter,2,3.3,56,Often,37,News/information,6.4,9,2,9,4,6,6,6,2,No,"Yes, succeeded",No,Good
37,Male,Self-employed,Europe,Instagram,2,4.7,175,Sometimes,16,News/information,6.4,9,4,5,4,6,7,6,4,Yes,No,No,Good
16,Female,Student,Asia,YouTube,3,1.4,30,Often,6,News/information,8.2,9,13,8,5,6,1,1,3,No,No,No,Moderate
33,Female,Student,North America,TikTok,4,3.0,58,Never,8,Connection with friends,7.4,3,0,7,3,7,5,4,1,No,"Yes, succeeded",No,Good
18,Female,Student,North America,YouTube,5,3.7,31,Every night,9,Entertainment,7.1,16,0,6,5,8,6,7,2,No,"Yes, failed",Yes,Moderate
16,Female,Student,North America,Instagram,3,5.1,63,Sometimes,42,Content creation,6.8,10,0,8,2,3,6,3,6,No,No,Considering it,Moderate
36,Male,Part-time employed,Europe,Reddit,4,1.9,37,Sometimes,25,Work/career,7.5,13,2,8,10,4,7,7,3,No,"Yes, failed",Yes,Moderate
33,Female,Part-time employed,Europe,Snapchat,4,3.5,123,Every night,12,News/information,5.8,8,0,7,3,8,4,4,4,Yes,No,Considering it,Good
42,Male,Self-employed,Asia,X/Twitter,4,1.5,84,Sometimes,19,Content creation,7.2,7,14,8,2,5,5,1,2,No,No,No,Moderate
34,Male,Student,Asia,TikTok,1,5.0,124,Sometimes,3,Work/career,7.1,13,8,8,4,2,4,3,3,No,No,No,Moderate
30,Prefer not to say,Part-time employed,Latin America,X/Twitter,4,1.8,18,Sometimes,22,Passing time/boredom,6.6,9,10,8,4,5,4,3,3,Yes,No,No,Moderate
13,Female,Full-time employed,North America,Facebook,2,5.6,40,Often,16,Connection with friends,5.1,17,0,7,5,6,4,10,3,No,No,Considering it,At-risk
32,Male,Self-employed,North America,Instagram,4,3.1,66,Often,30,Entertainment,5.8,12,10,6,4,6,7,5,2,No,No,Yes,Moderate
31,Female,Student,Asia,TikTok,5,4.2,103,Often,32,Passing time/boredom,6.4,7,0,6,5,4,4,8,3,No,"Yes, failed",No,Good
39,Female,Part-time employed,Asia,Snapchat,4,3.2,81,Every night,4,Connection with friends,5.4,20,5,6,3,9,9,2,2,Yes,No,No,At-risk
33,Female,Full-time employed,North America,TikTok,2,6.1,152,Sometimes,10,Passing time/boredom,5.8,15,0,5,7,9,4,7,3,No,No,Considering it,Moderate
33,Male,Student,Europe,Instagram,1,3.2,120,Often,24,Connection with friends,7.0,12,0,8,9,6,1,6,5,No,No,No,Moderate
31,Male,Full-time employed,Europe,Instagram,8,4.0,17,Never,24,Entertainment,6.8,15,8,4,5,8,2,3,2,No,No,Considering it,Moderate
27,Male,Self-employed,Latin America,Instagram,2,2.8,20,Often,68,Entertainment,7.6,11,10,6,1,6,3,7,2,No,No,No,Moderate
20,Male,Student,Asia,TikTok,4,4.9,21,Often,23,Work/career,6.5,10,2,6,6,5,5,7,3,Yes,No,No,Moderate
24,Male,Self-employed,Europe,LinkedIn,3,8.0,147,Sometimes,9,Passing time/boredom,6.2,16,8,6,7,6,7,8,5,No,No,Yes,Moderate
38,Male,Student,Europe,YouTube,2,2.5,18,Often,30,Entertainment,7.5,10,6,9,8,7,2,5,2,No,No,No,Moderate
13,Female,Unemployed,Europe,YouTube,6,2.5,23,Every night,30,Entertainment,7.0,13,4,9,3,8,5,7,1,No,No,No,Moderate
29,Female,Full-time employed,Asia,Instagram,4,1.3,5,Often,12,Entertainment,7.5,7,5,8,5,6,3,4,2,No,No,No,Good
18,Male,Student,North America,Snapchat,3,6.7,33,Often,11,Passing time/boredom,6.7,5,0,5,5,5,10,6,4,No,No,No,Good
24,Male,Full-time employed,Europe,Instagram,5,7.1,84,Sometimes,10,Entertainment,7.8,12,0,9,6,4,7,7,1,No,"Yes, failed",No,Moderate
43,Female,Full-time employed,North America,Instagram,2,3.3,21,Often,4,Connection with friends,6.5,15,1,5,10,5,3,8,5,Yes,"Yes, failed",No,Moderate
18,Female,Full-time employed,Europe,YouTube,3,2.8,41,Sometimes,37,Passing time/boredom,9.1,7,1,8,6,7,5,5,1,No,No,No,Good
16,Female,Student,North America,TikTok,6,2.7,29,Often,10,News/information,6.5,10,16,7,5,7,6,3,4,No,"Yes, failed",No,Moderate
35,Male,Part-time employed,Europe,TikTok,5,7.4,25,Sometimes,25,Connection with friends,6.7,18,0,6,7,8,5,8,2,No,No,No,At-risk
38,Female,Student,Europe,TikTok,3,3.4,5,Often,27,News/information,5.8,16,0,6,5,6,6,7,3,No,No,Considering it,Moderate
25,Prefer not to say,Full-time employed,Asia,X/Twitter,3,1.7,36,Often,6,Entertainment,6.8,15,0,6,3,6,3,5,2,No,"Yes, failed",No,Moderate
20,Female,Part-time employed,North America,YouTube,3,1.5,29,Never,36,Content creation,7.2,5,7,8,6,6,6,7,4,No,"Yes, succeeded",No,Good
23,Male,Student,Africa,TikTok,2,3.5,51,Sometimes,14,Entertainment,5.6,12,0,4,6,9,5,5,5,No,"Yes, failed",Yes,Moderate
43,Male,Full-time employed,North America,YouTube,4,2.5,21,Often,21,Entertainment,7.4,15,3,8,5,6,4,3,1,Yes,No,Yes,Moderate
27,Prefer not to say,Student,Asia,Facebook,4,1.6,58,Often,43,Entertainment,6.6,11,5,5,3,8,2,1,3,No,No,Yes,Moderate
17,Male,Student,Latin America,Facebook,3,2.9,69,Sometimes,21,Passing time/boredom,7.7,15,9,7,3,3,5,8,3,Yes,"Yes, failed",Considering it,Moderate
30,Male,Full-time employed,Asia,TikTok,7,7.6,79,Every night,1,Connection with friends,6.5,19,0,4,5,7,7,8,3,No,"Yes, succeeded",No,At-risk
30,Female,Full-time employed,Europe,Instagram,3,6.2,21,Often,8,Work/career,5.7,8,1,6,5,10,6,10,5,No,"Yes, succeeded",Yes,Good
13,Male,Student,Asia,TikTok,2,5.3,20,Often,9,Passing time/boredom,5.9,17,1,4,7,7,5,8,2,Yes,No,Considering it,At-risk
45,Male,Full-time employed,Latin America,TikTok,2,1.5,21,Every night,6,Passing time/boredom,6.7,7,5,9,5,2,3,4,3,No,No,No,Good
19,Female,Full-time employed,Asia,Instagram,2,0.7,11,Often,17,Entertainment,7.0,7,2,9,3,7,1,4,2,Yes,"Yes, failed",No,Good
28,Male,Full-time employed,Europe,Instagram,4,1.0,10,Sometimes,21,News/information,8.2,7,8,6,4,4,2,7,4,No,"Yes, failed",Yes,Good
17,Male,Student,Asia,YouTube,6,3.0,17,Every night,32,Entertainment,6.5,15,4,8,6,8,6,3,3,Yes,No,Considering it,Moderate
39,Male,Full-time employed,Africa,TikTok,2,3.6,89,Often,25,Entertainment,6.9,13,9,6,8,6,6,8,4,No,"Yes, succeeded",No,Moderate
35,Female,Student,Europe,Facebook,3,1.3,61,Sometimes,5,Connection with friends,6.7,14,5,9,4,5,2,6,4,No,"Yes, failed",Yes,Moderate
37,Non-binary,Self-employed,Latin America,TikTok,1,5.8,180,Every night,26,Passing time/boredom,6.1,13,0,5,6,5,3,6,3,No,No,No,Moderate
35,Male,Full-time employed,North America,Facebook,4,1.5,17,Sometimes,12,Entertainment,7.8,7,9,5,2,5,2,6,3,No,No,Considering it,Good
30,Male,Part-time employed,North America,X/Twitter,1,2.6,74,Often,17,Work/career,7.0,13,6,7,6,7,3,6,1,No,"Yes, failed",Considering it,Moderate
27,Male,Full-time employed,North America,TikTok,1,2.5,58,Every night,29,Passing time/boredom,5.2,15,6,7,4,6,4,4,2,No,No,Considering it,Moderate
18,Female,Self-employed,North America,Reddit,3,6.4,94,Often,4,Entertainment,5.8,17,0,4,9,3,5,10,2,No,"Yes, failed",No,At-risk
30,Male,Student,Asia,Instagram,6,0.3,7,Often,25,Entertainment,7.4,5,3,7,3,6,3,6,3,No,No,No,Good
37,Male,Full-time employed,Asia,Instagram,3,1.4,28,Never,20,Entertainment,6.8,5,6,6,3,8,5,2,4,No,No,No,Good
42,Male,Part-time employed,North America,Snapchat,1,4.6,78,Sometimes,34,Entertainment,8.0,15,3,6,5,4,6,8,4,No,No,No,Moderate
36,Female,Full-time employed,Europe,Snapchat,4,3.8,53,Often,19,Entertainment,8.3,13,1,4,3,6,3,6,3,No,"Yes, failed",No,Moderate
31,Male,Full-time employed,North America,TikTok,3,10.3,91,Sometimes,31,Connection with friends,6.6,20,3,4,8,5,9,10,3,No,"Yes, failed",No,At-risk
48,Male,Full-time employed,Asia,Snapchat,3,3.9,69,Often,10,Connection with friends,6.5,14,5,7,3,4,6,5,3,Yes,"Yes, succeeded",No,Moderate
39,Male,Full-time employed,North America,Instagram,4,3.2,52,Often,28,Entertainment,6.9,13,3,6,1,5,6,2,4,Yes,"Yes, succeeded",Yes,Moderate
13,Female,Student,Asia,LinkedIn,1,2.6,36,Often,11,Content creation,7.8,12,12,8,5,6,2,8,3,Yes,No,No,Moderate
15,Male,Full-time employed,Asia,YouTube,6,1.4,21,Every night,72,Entertainment,6.4,11,9,5,2,5,2,6,3,No,No,No,Moderate
45,Male,Self-employed,Europe,Snapchat,2,4.7,34,Sometimes,16,News/information,6.7,8,3,5,9,6,4,3,3,No,No,No,Good
38,Female,Unemployed,Asia,Instagram,2,3.7,65,Sometimes,71,Entertainment,5.9,12,0,5,1,6,1,6,0,No,"Yes, succeeded",No,Moderate
40,Male,Full-time employed,Europe,YouTube,4,1.6,40,Sometimes,30,Entertainment,7.8,11,3,10,3,6,6,4,4,No,No,No,Moderate
17,Female,Student,Europe,YouTube,5,3.0,41,Sometimes,24,Connection with friends,6.3,14,9,7,3,8,3,5,1,No,No,Yes,Moderate
24,Female,Full-time employed,Asia,X/Twitter,2,5.2,53,Often,17,Entertainment,5.5,19,1,5,5,7,4,8,4,No,"Yes, failed",No,At-risk
33,Male,Full-time employed,Europe,Instagram,1,5.2,55,Every night,11,Connection with friends,6.3,17,2,8,6,6,4,10,3,No,"Yes, failed",Considering it,At-risk
25,Female,Full-time employed,North America,Reddit,4,3.8,140,Often,23,Connection with friends,7.0,16,4,7,5,6,7,6,4,No,"Yes, failed",No,Moderate
38,Female,Full-time employed,Asia,YouTube,2,6.1,31,Often,25,Connection with friends,6.5,13,0,6,10,7,5,8,2,Yes,"Yes, failed",No,Moderate
56,Female,Student,Asia,TikTok,4,3.1,77,Never,1,News/information,6.9,4,6,9,1,5,7,2,3,Yes,"Yes, succeeded",Considering it,Good
14,Female,Student,North America,YouTube,3,1.4,25,Every night,9,News/information,6.8,11,6,7,2,7,6,6,3,Yes,No,No,Moderate
29,Male,Unemployed,Latin America,TikTok,4,1.0,18,Sometimes,22,Work/career,9.0,10,13,8,4,10,1,5,3,No,No,No,Moderate
25,Male,Student,Asia,YouTube,4,4.3,33,Sometimes,7,Entertainment,7.4,9,4,10,5,4,8,6,4,No,"Yes, succeeded",No,Good
32,Female,Student,Latin America,Instagram,4,0.6,6,Sometimes,28,Content creation,9.3,9,0,8,3,9,3,4,3,No,"Yes, failed",No,Good
30,Female,Student,North America,Instagram,5,2.4,20,Often,19,Connection with friends,6.5,5,3,7,1,10,3,5,2,No,"Yes, failed",No,Good
19,Female,Full-time employed,Africa,YouTube,2,3.0,90,Sometimes,36,Work/career,6.5,7,5,7,6,4,3,7,5,No,No,Yes,Good
22,Female,Student,Europe,YouTube,2,1.9,12,Often,7,Entertainment,6.8,15,3,9,4,10,2,4,2,No,"Yes, succeeded",No,Moderate
19,Male,Full-time employed,Asia,Instagram,3,4.0,81,Never,34,Passing time/boredom,7.7,16,7,8,4,6,5,3,2,No,No,No,Moderate
29,Prefer not to say,Part-time employed,Asia,YouTube,4,6.2,35,Every night,64,Passing time/boredom,6.7,12,0,5,5,5,6,6,1,Yes,No,No,Moderate
33,Male,Self-employed,Oceania,TikTok,2,2.9,93,Never,5,Entertainment,7.6,8,16,10,2,8,8,4,3,No,"Yes, failed",No,Moderate
49,Male,Student,Europe,TikTok,4,5.7,34,Never,5,Connection with friends,6.2,13,0,7,5,3,7,6,3,No,No,No,Moderate
24,Male,Student,Europe,X/Twitter,6,1.7,26,Sometimes,1,Passing time/boredom,6.9,8,1,9,4,6,5,6,2,No,"Yes, succeeded",No,Good
33,Prefer not to say,Full-time employed,North America,LinkedIn,7,2.2,18,Never,4,Entertainment,8.7,9,5,6,10,7,4,3,1,No,No,No,Good
30,Male,Unemployed,Africa,TikTok,3,2.7,18,Sometimes,13,Connection with friends,7.4,15,4,5,7,5,3,5,4,No,No,Yes,Moderate
28,Female,Student,North America,LinkedIn,4,7.0,114,Sometimes,31,Work/career,6.1,14,0,4,10,6,7,9,4,No,No,No,Moderate
34,Female,Student,Africa,X/Twitter,4,2.0,30,Often,35,Work/career,7.8,4,3,6,4,7,5,7,2,Yes,No,No,Good
25,Female,Full-time employed,Asia,LinkedIn,1,7.2,127,Every night,14,Content creation,5.8,21,4,4,2,3,9,8,4,No,"Yes, succeeded",No,At-risk
54,Male,Unemployed,Latin America,TikTok,5,5.4,12,Often,25,Connection with friends,6.1,17,3,4,4,7,7,3,3,No,No,Considering it,At-risk
27,Male,Full-time employed,Europe,Instagram,2,1.3,64,Never,18,Connection with friends,8.7,9,12,7,5,9,5,4,1,Yes,No,Yes,Moderate
41,Male,Student,Europe,Facebook,3,2.1,57,Often,4,Work/career,6.3,3,1,6,9,6,4,4,3,Yes,No,Yes,Good
46,Male,Student,Asia,Facebook,4,0.5,5,Often,2,Entertainment,5.8,3,2,8,1,9,5,3,2,No,"Yes, succeeded",Yes,Good
15,Male,Full-time employed,Europe,Facebook,5,6.3,91,Never,29,Passing time/boredom,7.3,17,7,5,7,7,9,6,1,Yes,"Yes, failed",No,At-risk
28,Female,Self-employed,Europe,LinkedIn,4,1.7,13,Every night,13,Connection with friends,6.9,11,3,7,5,9,6,5,2,No,No,No,Moderate
36,Female,Student,Africa,YouTube,4,3.3,42,Sometimes,51,Entertainment,8.1,8,3,6,9,5,1,8,3,No,No,No,Good
35,Female,Student,North America,Instagram,5,1.8,23,Every night,10,Entertainment,5.9,16,4,6,3,8,2,7,4,No,No,No,Moderate
20,Female,Student,Asia,Reddit,1,2.8,41,Sometimes,36,Entertainment,7.0,17,5,7,7,10,6,7,3,Yes,"Yes, failed",No,At-risk
15,Female,Unemployed,North America,X/Twitter,5,4.3,172,Sometimes,33,Entertainment,7.5,12,5,7,2,6,5,3,3,Yes,"Yes, failed",Yes,Moderate
31,Male,Full-time employed,Europe,Instagram,3,2.2,39,Often,26,Passing time/boredom,7.2,16,6,7,5,7,5,5,2,No,"Yes, succeeded",No,Moderate
14,Female,Unemployed,North America,Reddit,4,1.9,42,Sometimes,14,Work/career,8.3,10,4,7,4,4,6,5,3,No,No,No,Moderate
28,Female,Unemployed,Asia,Snapchat,4,4.5,33,Every night,9,Entertainment,6.1,15,0,7,4,4,5,9,1,No,No,Yes,Moderate
19,Male,Full-time employed,Asia,TikTok,4,4.3,16,Every night,29,Connection with friends,6.5,14,1,9,6,7,3,2,4,No,No,No,Moderate
21,Male,Full-time employed,Asia,Reddit,2,1.7,18,Often,7,Content creation,7.2,13,2,7,2,8,7,5,3,Yes,No,No,Moderate
17,Male,Self-employed,Asia,YouTube,3,1.7,34,Often,11,Entertainment,6.3,13,8,8,3,2,4,2,3,No,No,Considering it,Moderate
20,Female,Retired,Europe,TikTok,2,5.0,62,Sometimes,31,Entertainment,6.3,13,0,5,3,3,4,8,4,No,No,No,Moderate
34,Prefer not to say,Student,Latin America,Instagram,1,4.2,9,Sometimes,22,News/information,7.0,10,2,8,8,7,6,7,3,No,No,No,Moderate
23,Female,Full-time employed,North America,Instagram,3,5.2,138,Sometimes,13,Entertainment,6.5,8,7,6,4,7,7,9,7,No,No,Considering it,Good
24,Male,Part-time employed,Oceania,Instagram,2,2.9,108,Often,13,News/information,5.9,9,6,9,7,5,4,6,3,No,"Yes, failed",Considering it,Good
25,Female,Part-time employed,Europe,TikTok,4,1.6,38,Never,26,Entertainment,7.3,14,3,8,4,6,3,3,1,Yes,"Yes, failed",No,Moderate
32,Male,Student,Africa,TikTok,3,6.3,7,Often,55,Connection with friends,6.4,13,0,6,4,6,7,9,4,No,No,No,Moderate
18,Female,Retired,Europe,YouTube,2,0.9,7,Never,28,Entertainment,8.5,4,6,9,3,7,1,5,1,No,"Yes, failed",Yes,Good
27,Female,Full-time employed,Europe,YouTube,3,1.1,31,Sometimes,54,Passing time/boredom,7.6,12,0,5,3,10,7,4,5,No,No,Considering it,Moderate
34,Male,Student,Europe,Instagram,4,1.6,26,Sometimes,14,News/information,7.7,10,11,4,3,6,4,3,3,No,No,No,Moderate
20,Female,Part-time employed,Asia,YouTube,4,1.9,15,Every night,4,Connection with friends,6.0,7,6,7,7,8,6,6,2,No,"Yes, failed",Considering it,Good
19,Female,Student,Latin America,TikTok,5,1.0,18,Sometimes,17,Content creation,8.7,10,5,10,1,10,2,9,3,Yes,No,No,Moderate
30,Female,Student,Europe,Facebook,2,9.4,235,Sometimes,41,Entertainment,5.9,25,0,2,6,5,7,8,3,No,"Yes, failed",No,At-risk
13,Female,Full-time employed,Latin America,YouTube,3,3.4,24,Every night,45,Connection with friends,6.1,12,7,5,1,8,5,6,1,No,"Yes, succeeded",No,Moderate
47,Male,Full-time employed,Asia,YouTube,5,9.7,146,Sometimes,12,Entertainment,5.9,15,0,3,6,3,6,10,2,No,No,Yes,Moderate
22,Female,Student,Asia,TikTok,4,2.1,56,Sometimes,12,News/information,7.9,9,11,5,4,10,4,5,2,No,No,Considering it,Moderate
25,Male,Part-time employed,Africa,TikTok,3,3.6,49,Every night,3,Work/career,4.5,14,0,7,2,4,5,4,2,No,No,No,Moderate
43,Female,Student,Asia,X/Twitter,5,4.1,43,Sometimes,33,News/information,8.7,12,3,5,4,4,5,1,4,Yes,No,Considering it,Moderate
13,Female,Student,Europe,LinkedIn,5,1.6,56,Sometimes,26,Entertainment,8.1,4,9,8,3,3,7,4,2,No,"Yes, succeeded",No,Good
23,Female,Full-time employed,Asia,TikTok,3,3.4,53,Every night,9,Work/career,5.3,6,5,8,4,8,4,4,6,Yes,"Yes, failed",No,Good
42,Male,Student,North America,Reddit,5,5.1,152,Sometimes,59,News/information,7.0,12,5,6,7,6,9,10,2,Yes,No,No,Moderate
36,Prefer not to say,Full-time employed,Latin America,Instagram,4,1.5,39,Never,20,Entertainment,7.3,8,10,8,4,5,3,3,3,Yes,No,No,Moderate
36,Female,Unemployed,North America,Reddit,2,1.8,14,Often,25,Work/career,6.1,13,0,8,4,9,3,7,3,No,No,Considering it,Moderate
19,Male,Part-time employed,North America,Instagram,2,2.3,8,Often,35,Entertainment,6.2,8,2,9,4,3,1,6,0,Yes,"Yes, failed",Yes,Good
24,Female,Part-time employed,Europe,TikTok,5,3.5,87,Often,4,Work/career,7.4,16,0,4,3,3,7,6,3,No,"Yes, failed",No,Moderate
23,Female,Self-employed,North America,YouTube,1,2.1,28,Often,23,Work/career,7.5,11,10,10,4,8,3,4,1,No,No,Yes,Moderate
37,Male,Student,North America,YouTube,3,3.3,130,Sometimes,9,Connection with friends,8.6,7,5,6,3,7,5,5,2,No,"Yes, failed",No,Good
28,Female,Self-employed,North America,YouTube,2,2.3,92,Sometimes,5,Connection with friends,8.3,0,5,9,5,7,4,3,4,Yes,"Yes, failed",No,Good
13,Male,Full-time employed,Asia,Instagram,5,1.5,18,Often,34,News/information,6.5,6,0,9,2,10,1,8,4,Yes,No,Considering it,Good
33,Female,Student,North America,YouTube,2,3.9,130,Sometimes,28,Entertainment,7.8,8,2,10,6,6,9,8,4,No,"Yes, succeeded",Considering it,Good
36,Female,Student,North America,YouTube,6,2.4,26,Often,5,Passing time/boredom,7.2,13,0,7,6,8,2,3,2,No,No,No,Moderate
31,Female,Retired,Asia,Instagram,6,2.5,58,Often,13,Content creation,7.0,9,7,6,4,7,5,8,1,No,"Yes, succeeded",Yes,Good
39,Female,Student,Latin America,LinkedIn,1,1.4,109,Every night,17,Entertainment,6.8,4,0,9,5,7,5,4,2,No,"Yes, failed",No,Good
49,Male,Student,Europe,Instagram,4,3.7,15,Sometimes,12,Passing time/boredom,7.4,17,8,7,5,5,5,3,2,No,"Yes, succeeded",No,At-risk
26,Female,Student,North America,X/Twitter,4,6.3,188,Sometimes,35,News/information,5.7,13,0,5,3,8,5,4,2,No,"Yes, succeeded",Considering it,Moderate
25,Male,Full-time employed,Asia,TikTok,2,0.6,7,Every night,11,Entertainment,7.4,10,5,9,6,6,2,1,4,No,No,No,Moderate
33,Female,Full-time employed,Europe,YouTube,2,1.9,45,Often,16,Connection with friends,7.8,12,1,8,2,7,1,3,3,No,No,No,Moderate
19,Female,Student,North America,TikTok,4,3.3,24,Every night,13,Passing time/boredom,5.9,9,3,7,5,8,5,5,4,No,"Yes, failed",Considering it,Good
40,Non-binary,Full-time employed,Asia,TikTok,5,5.8,67,Often,9,Passing time/boredom,6.1,20,3,8,8,6,5,7,3,No,No,No,At-risk
35,Male,Student,Latin America,YouTube,2,2.9,8,Sometimes,6,News/information,6.5,3,2,6,4,8,7,4,2,Yes,"Yes, failed",No,Good
15,Female,Full-time employed,Asia,TikTok,4,3.7,45,Often,25,Entertainment,5.8,11,0,8,7,7,5,8,2,Yes,"Yes, failed",No,Moderate
19,Male,Full-time employed,Asia,X/Twitter,1,2.6,10,Sometimes,6,Entertainment,7.5,16,6,10,3,6,6,6,2,Yes,No,No,Moderate
37,Male,Full-time employed,Latin America,TikTok,4,2.0,34,Sometimes,2,Entertainment,6.2,15,8,5,4,6,1,1,1,No,No,No,Moderate
17,Female,Retired,North America,Instagram,1,2.2,18,Often,67,Connection with friends,7.0,14,13,9,4,7,3,5,1,Yes,"Yes, succeeded",No,Moderate
38,Female,Student,North America,YouTube,4,2.6,7,Often,54,News/information,5.9,8,2,7,3,10,1,7,3,No,No,No,Good
23,Male,Full-time employed,Asia,TikTok,8,4.5,21,Never,4,Entertainment,6.2,11,6,6,4,7,6,5,3,Yes,No,No,Moderate
30,Male,Part-time employed,Oceania,Reddit,6,2.5,11,Never,7,Content creation,7.9,18,5,8,3,6,4,4,2,No,No,Yes,At-risk
29,Male,Student,Europe,Reddit,2,6.8,104,Sometimes,13,Passing time/boredom,7.1,23,0,7,8,7,8,7,2,Yes,"Yes, succeeded",Yes,At-risk
29,Male,Unemployed,Africa,LinkedIn,3,5.0,146,Never,10,Entertainment,8.5,17,0,4,1,4,4,7,2,No,No,No,At-risk
55,Male,Full-time employed,Europe,Instagram,6,1.9,14,Sometimes,12,Connection with friends,7.6,9,5,7,2,3,3,6,4,No,"Yes, failed",No,Good
39,Male,Self-employed,Africa,Instagram,4,0.8,5,Often,57,Entertainment,8.9,12,7,8,3,8,3,3,5,No,No,No,Moderate
31,Male,Student,Latin America,Snapchat,3,10.3,139,Often,22,Passing time/boredom,5.5,26,0,6,7,3,10,6,2,No,No,Yes,At-risk
29,Non-binary,Full-time employed,Asia,YouTube,3,3.9,39,Sometimes,36,News/information,8.3,11,3,6,5,4,9,3,2,No,"Yes, failed",Considering it,Moderate
32,Female,Part-time employed,Asia,TikTok,4,1.8,13,Sometimes,21,Connection with friends,6.2,8,13,8,6,8,4,3,4,No,"Yes, failed",Considering it,Moderate
19,Female,Full-time employed,Asia,LinkedIn,8,3.2,68,Sometimes,65,Work/career,7.0,9,4,8,3,6,3,9,2,No,"Yes, succeeded",Yes,Good
29,Female,Student,North America,Instagram,4,1.2,11,Often,30,Entertainment,8.1,10,12,8,3,10,4,5,3,No,"Yes, failed",No,Moderate
13,Male,Retired,Europe,LinkedIn,1,1.0,22,Sometimes,9,Entertainment,8.1,9,15,8,4,3,5,4,4,Yes,"Yes, failed",Considering it,Moderate
28,Female,Part-time employed,North America,Instagram,3,2.8,168,Sometimes,31,Entertainment,6.7,15,5,10,3,5,4,6,3,Yes,"Yes, succeeded",No,Moderate
43,Male,Full-time employed,North America,X/Twitter,5,2.1,58,Never,31,Entertainment,7.3,10,3,7,1,1,3,7,1,No,"Yes, failed",Considering it,Moderate
45,Female,Full-time employed,Europe,TikTok,4,0.7,6,Sometimes,13,Entertainment,8.0,10,9,8,2,6,4,3,2,No,"Yes, failed",No,Moderate
24,Female,Student,North America,YouTube,6,3.5,60,Sometimes,36,Entertainment,8.8,14,0,8,3,5,7,6,4,No,No,No,Moderate
29,Female,Self-employed,Europe,Facebook,3,2.4,47,Never,27,Connection with friends,6.8,9,4,10,4,8,8,4,4,No,"Yes, succeeded",No,Good
34,Male,Full-time employed,Latin America,Reddit,6,2.5,10,Every night,12,News/information,7.0,9,0,8,3,8,4,6,5,Yes,"Yes, succeeded",No,Good
18,Female,Full-time employed,Africa,Facebook,2,3.7,63,Sometimes,30,Connection with friends,6.3,15,0,8,5,5,4,5,3,No,"Yes, failed",No,Moderate
35,Female,Part-time employed,Asia,TikTok,4,1.3,16,Sometimes,12,Passing time/boredom,7.2,17,13,6,4,6,4,3,2,Yes,No,No,At-risk
23,Female,Student,North America,YouTube,3,2.6,25,Often,5,Connection with friends,7.1,16,5,7,9,7,5,3,5,Yes,"Yes, failed",No,Moderate
45,Female,Full-time employed,Europe,Snapchat,1,5.4,84,Sometimes,8,Connection with friends,7.4,14,5,5,7,4,6,6,1,Yes,"Yes, failed",Yes,Moderate
40,Female,Student,North America,Reddit,5,0.9,5,Sometimes,7,News/information,7.2,2,5,8,2,10,8,6,3,Yes,No,No,Good
45,Male,Student,Asia,YouTube,5,3.8,14,Often,9,Connection with friends,7.1,4,1,9,5,4,4,7,3,No,No,Considering it,Good
22,Female,Full-time employed,North America,TikTok,2,2.6,23,Often,40,Content creation,6.6,7,3,5,8,5,1,7,1,No,"Yes, succeeded",No,Good
37,Male,Self-employed,North America,X/Twitter,5,2.1,68,Never,4,Entertainment,6.4,12,7,6,6,6,1,3,2,No,"Yes, failed",No,Moderate
46,Female,Part-time employed,Europe,Reddit,2,6.7,315,Sometimes,6,Entertainment,7.0,15,0,5,4,7,9,6,3,No,No,No,Moderate
27,Female,Unemployed,North America,TikTok,3,0.6,11,Every night,15,Entertainment,7.3,6,3,9,5,7,6,2,3,No,"Yes, failed",Yes,Good
20,Female,Part-time employed,North America,Snapchat,2,2.3,41,Sometimes,9,Work/career,7.7,8,6,6,4,8,6,6,2,No,"Yes, succeeded",No,Good
32,Male,Student,Europe,Facebook,5,2.8,96,Sometimes,5,Work/career,7.9,14,5,7,3,6,6,4,3,No,No,No,Moderate
38,Female,Student,Europe,TikTok,1,1.7,16,Often,15,News/information,7.7,10,8,6,5,7,4,6,1,No,No,Yes,Moderate
35,Female,Student,North America,YouTube,3,2.3,19,Sometimes,13,Entertainment,7.0,8,7,7,4,9,3,4,4,No,No,Yes,Good
32,Male,Student,Europe,Instagram,3,1.7,13,Sometimes,15,Connection with friends,7.6,8,8,9,5,8,2,3,2,No,No,No,Good
39,Female,Self-employed,Asia,LinkedIn,4,3.8,58,Often,19,Passing time/boredom,6.3,8,0,6,2,2,8,6,2,Yes,"Yes, succeeded",No,Good
23,Male,Student,Oceania,X/Twitter,2,5.2,163,Often,13,Connection with friends,6.0,10,5,7,7,3,6,3,3,No,No,No,Moderate
27,Female,Student,Asia,TikTok,5,6.9,72,Sometimes,1,Entertainment,6.5,17,0,6,4,3,4,1,3,No,"Yes, succeeded",No,At-risk
30,Female,Full-time employed,Europe,Instagram,5,1.6,29,Sometimes,18,Entertainment,7.5,0,3,4,3,2,3,8,2,No,"Yes, failed",No,Good
13,Male,Student,Asia,YouTube,3,2.8,43,Sometimes,5,Entertainment,7.6,7,3,6,2,6,6,6,3,Yes,"Yes, failed",No,Good
18,Male,Full-time employed,Asia,TikTok,3,0.9,10,Sometimes,46,Passing time/boredom,8.6,8,13,7,4,9,3,4,2,Yes,"Yes, failed",No,Moderate
22,Female,Student,North America,X/Twitter,3,3.2,49,Often,18,Connection with friends,5.6,12,4,5,5,8,5,5,4,Yes,No,Considering it,Moderate
44,Male,Student,Latin America,TikTok,6,4.5,36,Never,10,Connection with friends,7.0,11,0,5,6,6,8,7,4,No,No,No,Moderate
26,Female,Student,North America,YouTube,1,6.3,196,Sometimes,13,Content creation,7.2,17,0,7,7,2,8,7,2,Yes,"Yes, failed",No,At-risk
43,Female,Full-time employed,Europe,TikTok,3,10.3,239,Sometimes,56,Connection with friends,5.9,20,0,7,6,7,5,6,7,Yes,"Yes, failed",No,At-risk
30,Male,Student,Africa,YouTube,3,1.2,27,Never,11,Entertainment,6.6,5,6,7,6,7,8,3,3,Yes,No,No,Good
23,Female,Student,North America,X/Twitter,4,2.0,58,Never,27,Entertainment,7.9,13,13,6,3,6,5,4,2,Yes,"Yes, failed",No,Moderate
28,Female,Student,Europe,Instagram,3,2.4,40,Every night,73,News/information,6.3,10,5,5,1,5,1,7,5,No,"Yes, succeeded",Considering it,Moderate
37,Female,Full-time employed,North America,TikTok,5,9.5,371,Often,36,News/information,6.4,20,0,4,9,4,7,6,4,Yes,No,Considering it,At-risk
28,Male,Self-employed,Africa,X/Twitter,2,5.4,148,Every night,3,Connection with friends,6.5,15,6,8,6,9,5,5,2,No,"Yes, succeeded",No,Moderate
24,Female,Student,Latin America,YouTube,2,1.7,98,Sometimes,6,Work/career,6.6,4,6,9,5,7,3,3,2,Yes,"Yes, failed",Yes,Good
21,Female,Full-time employed,Asia,TikTok,1,2.0,34,Sometimes,6,Connection with friends,8.4,8,5,8,5,5,8,1,5,No,"Yes, failed",Yes,Good
44,Female,Retired,Africa,YouTube,5,0.5,8,Every night,18,Content creation,7.4,18,7,5,3,5,7,8,3,No,"Yes, succeeded",Considering it,At-risk
14,Male,Full-time employed,Latin America,TikTok,2,6.9,115,Often,18,Passing time/boredom,6.8,19,5,5,4,4,5,8,2,Yes,No,No,At-risk
28,Female,Retired,North America,YouTube,4,2.0,57,Sometimes,12,Entertainment,6.8,7,1,9,3,10,4,5,2,Yes,"Yes, failed",No,Good
15,Male,Student,Europe,Reddit,3,3.1,41,Sometimes,33,Connection with friends,8.0,9,10,7,4,8,2,4,2,No,No,No,Moderate
37,Female,Student,Europe,Facebook,5,2.8,50,Sometimes,5,Entertainment,8.3,8,7,7,6,5,4,6,4,No,"Yes, failed",Considering it,Good
13,Male,Self-employed,Europe,TikTok,3,2.4,40,Every night,48,Content creation,5.6,15,1,6,6,8,3,9,3,No,"Yes, succeeded",Considering it,Moderate
36,Female,Self-employed,North America,TikTok,3,7.2,84,Sometimes,11,Connection with friends,6.1,12,0,5,6,4,5,9,2,No,No,No,Moderate
50,Female,Part-time employed,Asia,Instagram,3,1.3,24,Never,9,News/information,7.9,0,0,7,1,6,3,5,0,No,No,Yes,Good
26,Female,Part-time employed,Oceania,LinkedIn,7,2.2,62,Every night,43,Passing time/boredom,7.9,14,2,8,6,10,5,5,1,No,No,No,Moderate
27,Male,Part-time employed,Asia,YouTube,1,1.5,7,Sometimes,18,Entertainment,7.0,12,11,8,6,3,6,6,3,No,No,No,Moderate
37,Male,Full-time employed,Europe,Instagram,3,3.8,64,Sometimes,23,News/information,7.8,16,6,8,6,7,4,6,3,Yes,No,Yes,Moderate
13,Male,Full-time employed,Europe,Snapchat,1,4.9,57,Never,70,Entertainment,6.3,10,0,6,5,5,4,9,3,Yes,No,Considering it,Moderate
17,Male,Student,Europe,YouTube,3,4.5,140,Often,22,Entertainment,8.0,9,1,8,7,7,1,7,3,Yes,"Yes, failed",No,Good
32,Male,Unemployed,Europe,Snapchat,3,4.2,80,Every night,11,Entertainment,5.9,18,2,6,5,6,8,5,5,Yes,No,No,At-risk
21,Male,Student,Asia,TikTok,3,1.6,7,Sometimes,34,Content creation,6.8,3,0,9,1,7,3,6,6,No,"Yes, succeeded",Yes,Good
30,Female,Full-time employed,Europe,Facebook,2,1.7,46,Often,10,Passing time/boredom,7.2,7,9,7,5,7,1,3,4,No,"Yes, failed",No,Good
19,Male,Part-time employed,North America,Reddit,2,5.5,160,Sometimes,28,Passing time/boredom,7.2,8,0,6,7,10,4,7,4,No,"Yes, failed",No,Good
31,Male,Full-time employed,Europe,Instagram,2,5.5,114,Every night,32,Connection with friends,5.4,14,0,6,6,5,9,6,3,Yes,No,Considering it,Moderate
21,Male,Unemployed,Europe,TikTok,4,2.2,85,Sometimes,22,Work/career,8.2,18,3,9,3,6,4,4,2,Yes,"Yes, succeeded",No,At-risk
27,Non-binary,Full-time employed,Latin America,Instagram,3,2.1,60,Sometimes,3,Connection with friends,7.4,9,0,7,8,8,7,7,3,Yes,"Yes, failed",No,Good
21,Male,Student,Europe,X/Twitter,5,8.5,46,Sometimes,36,Connection with friends,6.0,24,7,8,4,6,7,8,4,Yes,No,Considering it,At-risk
20,Male,Unemployed,Europe,Reddit,2,1.1,11,Every night,24,Passing time/boredom,5.9,7,7,6,6,7,1,2,2,No,"Yes, succeeded",Yes,Good
21,Female,Student,Europe,Instagram,2,1.9,25,Every night,33,Work/career,6.0,13,0,6,10,4,7,1,3,No,"Yes, succeeded",Yes,Moderate
28,Non-binary,Part-time employed,Asia,YouTube,7,1.2,7,Sometimes,15,Entertainment,7.2,6,8,5,5,5,1,8,2,No,"Yes, failed",No,Good
30,Female,Student,Asia,YouTube,4,3.4,34,Sometimes,12,Entertainment,7.0,10,6,8,1,6,6,3,3,No,"Yes, failed",No,Moderate
36,Male,Part-time employed,Europe,Reddit,3,2.2,47,Never,19,Entertainment,8.1,13,0,8,3,9,2,3,2,No,"Yes, failed",No,Moderate
33,Female,Student,Europe,TikTok,5,2.6,69,Sometimes,5,Content creation,7.0,7,8,8,6,4,4,5,4,Yes,No,No,Good
22,Male,Student,Latin America,YouTube,4,7.4,74,Sometimes,15,Entertainment,6.4,16,1,7,7,7,9,9,2,No,No,No,Moderate
14,Female,Full-time employed,Latin America,YouTube,2,2.5,57,Sometimes,20,News/information,7.7,9,9,9,4,6,2,8,3,No,No,Yes,Good
38,Male,Student,Europe,Reddit,4,1.5,42,Every night,22,Content creation,6.6,9,6,7,5,6,3,5,5,Yes,"Yes, failed",No,Good
36,Male,Full-time employed,Asia,Instagram,1,2.9,119,Often,7,News/information,7.7,8,1,8,4,8,2,4,2,Yes,"Yes, succeeded",No,Good
13,Male,Self-employed,North America,X/Twitter,3,9.6,180,Sometimes,16,Connection with friends,6.6,20,0,5,10,7,6,8,2,Yes,"Yes, failed",Yes,At-risk
24,Female,Part-time employed,Latin America,TikTok,6,5.2,120,Never,22,Work/career,7.2,18,2,9,2,6,5,7,3,No,"Yes, failed",No,At-risk
30,Male,Part-time employed,Europe,Snapchat,4,3.6,74,Never,7,Entertainment,5.9,2,8,4,4,6,3,10,2,Yes,No,No,Good
28,Male,Self-employed,North America,Facebook,3,5.0,104,Every night,48,Passing time/boredom,5.8,13,0,8,1,7,6,7,1,No,"Yes, failed",No,Moderate
26,Prefer not to say,Unemployed,Oceania,LinkedIn,3,1.2,25,Never,6,Connection with friends,8.6,8,9,9,4,5,1,6,3,No,No,No,Good
22,Female,Student,Europe,Snapchat,4,3.6,182,Sometimes,12,Passing time/boredom,7.3,9,4,5,7,4,1,6,2,No,"Yes, failed",No,Good
29,Male,Student,Asia,Facebook,1,5.8,14,Every night,41,Passing time/boredom,7.3,16,8,5,7,4,9,6,3,No,No,Considering it,Moderate
